t,x0,x1,x2,x3,x4,x5,x6,x7,x8,x9,x10,x11,x12,x13,x14,x15,x16,x17,x18,x19,x20,x21,x22,x23,x24,x25,x26,x27,x28,x29,x30,x31,x32,x33,x34,x35,x36,x37,x38,x39
0,-3.8436685,2.5396016,8.398182,1.8305964,0.783241,5.474478,1.7156402,-2.3711963,1.1791456,8.775059,-2.3986564,2.4233093,-1.1570213,-3.163235,-2.2521193,7.8653398,4.4403176,5.3376865,7.8991094,1.6715201,0.6292206,-2.0114424,-0.20852134,-1.9710592,6.8532104,5.301652,-2.3287394,3.9210389,10.661876,-0.36315337,3.4122825,1.4963683,-0.6607515,1.1472015,8.533289,-2.2801552,-0.7925052,-0.046057757,6.2190213,6.7831545
1,-4.4153056,2.2838922,9.067587,1.443119,0.88173914,5.590215,1.181043,-2.1879623,0.69654375,8.759616,-0.989715,3.5253289,-0.86268866,-2.346347,-2.8747654,6.7511144,7.483148,5.458334,6.563058,0.24221314,0.5682405,-1.5450922,0.38908944,-1.4440871,6.4734254,5.196783,-2.5826917,3.4572728,10.93427,-0.010056397,3.733871,1.7574986,-0.427199,1.3015586,8.399879,-2.3172274,0.5941941,0.3118865,6.3283615,5.549122
2,-4.850397,1.5275302,9.583394,1.3031805,0.9869481,5.688786,0.6888284,-1.9240562,0.2652484,8.7654295,0.8406748,3.7835956,-0.7720114,-1.5810312,-2.9993641,5.2514024,9.973727,5.3316965,4.2357593,-0.624273,1.0050558,-1.0433956,0.8790527,-0.7441424,6.3093085,4.832729,-2.8512065,2.8758533,11.260241,0.7148725,3.7938087,1.9405936,-0.2321734,1.5246781,8.256244,-1.8978683,1.7501131,1.1885691,6.525784,3.9870698
3,-5.0515823,0.21373643,9.788361,1.6850955,1.0478722,5.7527223,0.26998135,-1.5685004,-0.065260045,8.7412405,2.6640928,3.158994,-0.85801315,-0.86012304,-2.7784557,3.670525,11.606422,4.6258106,1.5729349,-0.7482833,1.4771061,-0.48921484,1.2869762,0.05793294,6.3303165,4.1698523,-3.1580362,2.1120083,11.611487,1.7111123,3.444299,1.999917,-0.023507796,1.8007317,8.128304,-1.2064106,2.5477915,2.3890016,6.6567316,2.00368
4,-4.707262,-1.526785,9.472542,2.7783885,0.9724201,5.7595363,-0.021428041,-1.1333308,-0.23941405,8.665223,4.066345,1.792743,-0.9065031,-0.20535152,-2.354274,2.3007114,12.387093,3.295404,-0.5773595,-0.38378382,1.8169262,0.09048546,1.6268567,0.9147315,6.460077,3.170021,-3.4685738,1.0927532,11.871822,2.8393884,2.5810504,1.9731714,0.26188773,2.136109,8.034139,-0.42499286,3.017951,3.673444,6.4204826,-0.2641453
5,-3.5225627,-3.1758788,8.4879875,4.4643536,0.74464315,5.714911,-0.12347287,-0.6615067,-0.2180147,8.568402,4.748907,0.036296517,-0.6688215,0.31741157,-1.8429703,1.3033452,12.5766,1.6933509,-1.6998016,0.048141584,2.1090965,0.6616439,1.9278132,1.7934933,6.578424,1.8339354,-3.6478848,-0.20585172,11.832541,3.9401636,1.1999516,1.9947442,0.6794505,2.5570042,7.97516,0.30581343,3.2732081,4.820685,5.5457454,-2.3512459
6,-1.6735396,-4.023003,7.022051,6.272729,0.56123406,5.657977,-0.023294404,-0.21406253,0.0010621897,8.509074,4.611495,-1.6427646,-0.07761689,0.711822,-1.3299993,0.7017983,12.477844,0.29157388,-1.8026354,0.31840348,2.4240255,1.2269996,2.2238276,2.6653702,6.529751,0.26572546,-3.4569805,-1.6533602,11.275642,4.8647957,-0.51839745,2.231061,1.2904971,3.0984352,7.927866,0.8891785,3.4255064,5.6613884,3.9965217,-3.7068217
7,0.16094117,-3.8030286,5.555088,7.760629,0.71077704,5.5670877,0.19874044,0.16471092,0.3840234,8.520046,3.7432182,-2.8665438,0.684836,1.0906484,-0.86593795,0.4457289,12.284478,-0.5954961,-1.205874,0.48555058,2.7562866,1.8074491,2.5433996,3.4884872,6.156636,-1.2846007,-2.6675918,-2.8955393,10.175838,5.5058007,-2.2065446,2.7474432,2.2039206,3.7893403,7.8251863,1.256574,3.5444152,6.102481,2.0320597,-4.125936
8,1.4046551,-2.8635092,4.4453673,8.821602,1.2723181,5.3066373,0.40934944,0.4742789,0.8859508,8.57543,2.344921,-3.4670584,1.3129623,1.5582055,-0.47261566,0.46267816,12.072749,-0.88865554,-0.3107649,0.71594834,3.0945745,2.4138477,2.9063797,4.195373,5.365786,-2.4929419,-1.2938144,-3.4880185,8.847035,5.800824,-3.4886901,3.3994055,3.557572,4.630598,7.5193086,1.361251,3.661495,6.138126,0.03797534,-3.806718
9,1.974178,-1.6978247,3.7887013,9.56465,2.036456,4.730587,0.5248118,0.7520477,1.4762529,8.593947,0.6602976,-3.4326305,1.5845239,2.104159,-0.14210403,0.679916,11.859715,-0.7037475,0.54137415,1.098373,3.4468231,3.039348,3.3144884,4.6920204,4.1890054,-3.145937,0.30582416,-3.1941423,7.7586374,5.715568,-4.2264147,3.8744097,5.3867674,5.5480375,6.7550235,1.2089767,3.798093,5.8349214,-1.679278,-3.058011
10,2.12093,-0.59623855,3.5663857,10.11067,2.6386762,3.8140593,0.58171844,1.0387129,2.1428893,8.462078,-1.052501,-2.8032794,1.5038773,2.6345663,0.17319086,1.0429654,11.650505,-0.26645765,1.1570126,1.6111084,3.8321471,3.6677551,3.7350726,4.8730025,2.7854707,-3.2542248,1.659317,-2.118174,7.1719475,5.2094173,-4.5693808,3.8682182,7.500577,6.3281775,5.2441535,0.92805475,3.9764671,5.2888613,-2.9700518,-2.1173878
11,2.1500452,0.36980322,3.7446313,10.507878,2.7182868,2.7253323,0.6972211,1.3557049,2.8743165,8.064116,-2.5404623,-1.6626611,1.3109456,3.075682,0.5388976,1.5300049,11.44867,0.17918386,1.5078053,2.1922948,4.2793255,4.278162,4.0865736,4.6574745,1.386724,-2.9809747,2.497319,-0.56647426,7.026688,4.205365,-4.7597184,3.2052593,9.486322,6.6205482,2.9223309,0.78107566,4.2044764,4.5707912,-3.8141594,-1.1570959
12,2.2679098,1.2466277,4.287901,10.700495,2.063596,1.8087542,0.9497881,1.7222015,3.6398597,7.3164988,-3.6117558,-0.21788454,1.351075,3.4236803,0.98781836,2.1437538,11.241879,0.437282,1.6824481,2.805511,4.8224874,4.832488,4.2380323,4.0453672,0.22635187,-2.5131028,2.8356442,1.1428843,7.0716596,2.6287978,-4.8828254,1.8401562,10.832637,6.17384,0.21440314,0.964315,4.4975567,3.695527,-4.2636566,-0.3259269
13,2.546455,2.1263447,5.145399,10.504045,0.7281926,1.440965,1.3292828,2.1655571,4.3838363,6.192097,-4.2096243,1.1834416,1.8668373,3.7009516,1.4936657,2.8850799,10.984604,0.39502183,1.8177267,3.4601762,5.48359,5.2463775,4.041661,3.1704206,-0.5304207,-1.9960431,2.853955,2.7762835,6.9820414,0.54495656,-4.72209,-0.096928164,11.165562,5.213498,-2.1729834,1.3455796,4.9080415,2.6439953,-4.395978,0.24618785
14,2.9465127,3.1206684,6.220869,9.616962,-0.94646776,1.7962633,1.8508891,2.6931796,5.0173144,4.7218733,-4.4138846,2.1793828,2.8560948,3.9105077,1.9914209,3.7293334,10.592836,0.036298156,2.036371,4.208346,6.2441373,5.3577814,3.4153934,2.2951138,-0.8482122,-1.5126128,2.7470863,4.194419,6.4378395,-1.6849208,-3.8601286,-2.1415875,10.516098,4.3207793,-3.8544688,1.5958941,5.432664,1.4320945,-4.2657228,0.47698727
15,3.36368,4.336699,7.3090515,7.7210264,-2.463754,2.6375108,2.6662176,3.280362,5.3952284,2.9954755,-4.3393674,2.5485358,4.0980477,4.0753355,2.421193,4.6173396,9.960165,-0.5643067,2.3925545,5.135835,7.006394,4.9281526,2.4570544,1.700451,-0.82599515,-1.0792251,2.6496422,5.3248363,5.2588024,-3.471632,-2.141561,-3.5202982,9.397425,3.766245,-4.9182878,1.5387841,5.964219,0.17203562,-3.8675928,0.37455052
16,3.6848874,5.8080688,8.0006075,4.697747,-3.3897963,3.3251185,3.9023385,3.8832695,5.3092127,1.1880078,-4.034484,2.277587,5.294208,4.301836,2.7606878,5.4559603,8.994429,-1.2746637,2.829789,6.3260093,7.5437245,3.7341597,1.5012418,1.5133268,-0.61370534,-0.67398894,2.6350303,6.13529,3.5213706,-4.397788,-0.063504025,-3.64461,8.496712,3.286415,-5.5872726,1.1676354,6.391579,-0.92922777,-3.1672325,0.069542214
17,3.8564255,7.396662,7.6674137,0.9404375,-3.4708834,3.2423139,5.3602967,4.449286,4.5602555,-0.4168702,-3.4995065,1.5589255,6.2105994,4.756172,3.0214858,6.121796,7.6610737,-1.9569616,3.1785624,7.7652855,7.4768887,1.7824852,0.9936838,1.6348293,-0.31961444,-0.27660614,2.7382693,6.614856,1.4970247,-4.4859357,1.5788081,-2.5628624,8.137926,2.458916,-5.9785237,0.47184575,6.6559596,-1.6212912,-2.193736,-0.21124329
18,3.9341125,8.777664,5.7741723,-2.4818602,-2.7574143,2.4266784,6.589245,4.917115,3.1127298,-1.4951571,-2.804909,0.7182583,6.7545033,5.5505443,3.2175827,6.474532,6.0172386,-2.5043392,3.2239482,9.240657,6.4092135,-0.4795501,1.1591263,1.9071233,-0.008330688,0.11846463,2.9687169,6.7560496,-0.5167378,-3.9892156,2.3538969,-0.8131054,8.13685,1.0166559,-6.0015297,-0.6078783,6.7134576,-1.6777872,-1.1156322,-0.2609827
19,4.053578,9.584615,2.4641283,-4.32919,-1.8599619,1.5284834,7.360587,5.137105,1.192912,-1.8299636,-2.126812,0.04407966,6.962675,6.652987,3.3275905,6.3925524,4.227248,-2.840792,2.8292215,10.395011,4.304022,-2.2898936,1.7104803,2.3203418,0.267866,0.50960547,3.3142254,6.545669,-2.2862973,-3.1068642,2.3720322,0.99332374,8.10232,-0.9650983,-5.329182,-2.0254889,6.499595,-0.9904781,-0.20844525,-0.026046159
20,4.3255973,9.581017,-1.285435,-4.039657,-1.5100317,0.8959276,7.781677,4.9033613,-0.76475656,-1.4202428,-1.6002848,-0.34757724,6.933174,7.9047976,3.2640858,5.837582,2.5465767,-2.9156253,2.035551,10.994567,1.7384986,-3.0814307,2.063044,2.896136,0.49017945,0.89208996,3.7440705,5.974682,-3.6489704,-1.969555,2.0647573,2.4751074,7.7207565,-2.9836223,-3.6243734,-3.367892,6.0158625,0.30884063,0.30769283,0.3828533
21,4.7635503,8.723936,-4.2698145,-1.9447839,-1.5595605,0.42009097,7.9857945,4.18975,-2.3231885,-0.50335175,-1.1827314,-0.47284564,6.7765822,9.092793,2.8854635,4.9368186,1.2437451,-2.7308044,1.0473131,11.115768,-0.4211458,-2.796332,1.9695692,3.5058808,0.70619315,1.2610164,4.210194,5.0599475,-4.525139,-0.76244354,1.8884262,3.5725496,6.877034,-4.3918476,-1.0272285,-3.8999438,5.4880366,1.8371799,0.41869763,0.82003075
22,5.2998424,7.161688,-5.844654,0.9127213,-1.2142298,0.1835021,8.055667,3.1533468,-3.2616858,0.5518599,-0.7265923,-0.37402195,6.6100616,10.005453,2.0886016,4.0133085,0.4660519,-2.3607197,0.108274154,11.009559,-1.5681275,-1.7753109,1.7193239,4.0093813,0.9903139,1.61693,4.648252,3.858619,-4.9344096,0.247779,2.0952086,4.4071736,5.622649,-4.9102397,1.6897496,-3.134233,5.2227893,3.172378,0.25885645,1.2137647
23,5.8403854,5.163406,-6.202578,3.3031435,-0.08063134,0.35156807,8.088447,1.9291883,-3.5937607,1.4195737,-0.13883042,-0.08752833,6.550194,10.475486,0.9339178,3.4658504,0.17013054,-1.9098899,-0.6162447,10.85761,-1.5680443,-0.5503801,1.6979179,4.3942904,1.3557681,1.9634006,4.9839067,2.4660044,-4.961326,0.82226676,2.6602297,5.0691557,4.061006,-4.7566767,3.6875415,-1.2234402,5.254451,4.0082884,-0.043633487,1.5558181
24,6.300727,2.9875805,-5.9249244,4.524293,1.626457,0.8649341,8.092398,0.593224,-3.424263,1.9240124,0.564129,0.35568127,6.6815042,10.40789,-0.3325907,3.5396264,0.22068869,-1.462808,-1.0661131,10.69592,-0.66866714,0.38028356,1.9915243,4.711495,1.7484326,2.29738,5.1467443,1.0061487,-4.6822786,0.8713423,3.3618822,5.543774,2.2898073,-4.3058987,4.6082106,1.2654505,5.3803644,4.1429977,-0.38038862,1.8492299
25,6.612971,0.8165652,-5.414031,4.5127196,3.492523,1.6400148,7.9173455,-0.76651794,-2.841044,2.0662618,1.3017548,0.9492828,7.0303617,9.772391,-1.4163902,4.184063,0.5365129,-1.0900472,-1.2566323,10.491,0.6845409,0.75719404,2.4299848,5.01365,2.1111846,2.600815,5.087583,-0.37604895,-4.125966,0.49510956,3.9378054,5.775556,0.43079582,-3.7716894,4.5503826,3.736648,5.4088297,3.5261645,-0.62417424,2.0832474
26,6.7262797,-1.2004381,-4.723143,3.557029,5.155444,2.7106488,7.3015504,-2.0396981,-1.9261538,2.0022242,1.9992541,1.7190046,7.5584273,8.568025,-2.146421,5.1101265,1.0965648,-0.87939924,-1.2563742,10.22412,2.0430455,0.5928108,2.8344977,5.3607783,2.4200845,2.8385818,4.795179,-1.5308096,-3.3059988,-0.061943818,4.2386465,5.7432337,-1.3386662,-3.1564415,3.833277,5.7636275,5.2329807,2.3210323,-0.661789,2.250832
27,6.616235,-2.893345,-3.7035968,2.1519568,6.3547363,4.0529227,5.940803,-3.1007671,-0.85013103,1.9695017,2.6363413,2.6941056,8.147498,6.7917223,-2.5182877,5.9682164,1.8360833,-0.93128014,-1.1742114,9.908981,3.1011648,0.056802418,3.1376817,5.8128395,2.6692379,2.9630787,4.3085494,-2.3399534,-2.286172,-0.5202677,4.2964864,5.475867,-2.8214333,-2.3732529,2.8752956,7.1552505,4.8045497,0.8562359,-0.4533987,2.389027
28,6.286052,-4.0955267,-2.268987,0.9393433,7.001157,5.3494506,3.679495,-3.7663708,0.055246696,2.1548243,3.259802,3.865376,8.55849,4.4573784,-2.58975,6.4982204,2.590573,-1.3012419,-1.1250373,9.56242,3.7447388,-0.64961016,3.3372867,6.4043407,2.8432446,2.9268134,3.7167788,-2.7579892,-1.199936,-0.68458194,4.2623873,5.022706,-3.880264,-1.4022963,2.115426,7.9656544,4.100321,-0.51130104,-0.060287885,2.5824897
29,5.7518563,-4.7331614,-0.5922225,0.4798263,7.2728715,6.0419884,0.7934183,-3.789954,0.42528936,2.5484736,3.9741626,5.1566334,8.399872,1.7064583,-2.3720243,6.59863,3.1427433,-1.9389218,-1.1848893,9.1783285,4.0123315,-1.3670183,3.4220827,7.1277866,2.9088807,2.7035308,3.1386168,-2.8218353,-0.19687743,-0.4962135,4.2802606,4.418374,-4.489434,-0.37066016,1.8742776,8.395424,3.0891047,-1.5153954,0.37296012,2.9035647
30,5.0414634,-4.8815336,0.94872594,0.9755352,7.4871154,5.6625443,-2.0047996,-3.036965,0.22549672,2.9525115,4.904991,6.396968,7.19483,-1.0429317,-1.8969942,6.361065,3.3271387,-2.693123,-1.377754,8.726626,4.021758,-2.0028555,3.3540246,7.9300127,2.8312001,2.3109052,2.6851976,-2.6186674,0.6262062,-0.0010149814,4.408471,3.6697128,-4.721759,0.49859464,2.2327356,8.602834,1.7429712,-1.999781,0.68146455,3.3434138
31,4.213602,-4.7176466,2.0136697,2.2497323,7.7590194,4.0445733,-3.9467974,-1.7718757,-0.112182796,3.2155406,6.0896807,7.2443104,4.655165,-3.102706,-1.4496361,6.0082707,3.131725,-3.3962483,-1.6946607,8.166729,3.9080198,-2.5247264,3.0941756,8.723863,2.6055584,1.8176165,2.4223356,-2.239378,1.2479835,0.7126568,4.6173644,2.76577,-4.687849,1.0071225,3.028316,8.58542,0.11566741,-1.8734109,0.7831256,3.811955
32,3.348174,-4.4166055,2.4652293,3.916039,7.821446,1.3879361,-4.5921707,-0.6739068,-0.1531604,3.3854501,7.3846984,7.1374407,1.1423472,-3.8059971,-1.506289,5.652712,2.7257237,-3.9457977,-2.1008909,7.462068,3.7843115,-2.9388065,2.6311305,9.41665,2.2861729,1.3186563,2.3537064,-1.7489089,1.7002811,1.555496,4.8187175,1.7024121,-4.467461,1.0687755,3.9542334,8.239677,-1.5745513,-1.1159602,0.7830863,4.2189374
33,2.4838338,-4.0847216,2.357395,5.5308204,7.207017,-1.6569749,-3.9310262,-0.26494825,0.088235505,3.5930755,8.52113,5.5742,-2.1525831,-3.002625,-2.068628,5.248866,2.3503075,-4.320324,-2.520462,6.5964456,3.716724,-3.2669916,1.9892336,9.940283,1.9850518,0.8864863,2.4357498,-1.1820617,2.0366085,2.4496324,4.893406,0.5150663,-4.0711784,0.731793,4.70424,7.5337644,-2.9900343,0.12408612,0.97406644,4.5438485
34,1.5713956,-3.7450778,1.8429565,6.735734,5.690333,-4.1652884,-2.3678143,-0.34752464,0.3762266,3.9148388,9.213817,2.6588373,-3.9475548,-1.464181,-2.4702754,4.883916,2.099068,-4.557113,-2.8492987,5.590884,3.7151592,-3.5302505,1.2180243,10.260774,1.8318522,0.5326273,2.611372,-0.55249864,2.3132553,3.3251352,4.7180386,-0.69290507,-3.4594636,0.16100956,5.109133,6.6067553,-3.8789952,1.4900825,1.6494292,4.781003
35,0.5262472,-3.3414433,1.0973462,7.3964896,3.5690773,-5.5300636,-0.6625178,-0.32509166,0.64810896,4.35511,9.2307625,-0.7802213,-3.8361301,-0.338804,-2.3179963,4.7001467,1.8750272,-4.693862,-3.0107617,4.5060654,3.7534096,-3.74151,0.3770665,10.36313,1.9175673,0.20911342,2.8361816,0.14093617,2.581904,4.112418,4.2011375,-1.754274,-2.6188383,-0.4087625,5.1931,5.6761584,-4.228895,2.584827,2.8646052,4.8167763
36,-0.6317397,-2.7757986,0.2993349,7.621595,1.4220332,-5.7871847,0.489987,0.07774942,0.9714017,4.8865814,8.455882,-3.719404,-2.245613,0.052959282,-1.854182,4.6728787,1.5752717,-4.724456,-2.9859858,3.427653,3.8039038,-3.9079647,-0.47199395,10.230902,2.2568352,-0.15275207,3.0849547,0.9144457,2.885164,4.734648,3.3239615,-2.493922,-1.6393778,-0.7562018,5.112879,4.8760448,-4.205762,3.1879542,4.3880534,4.433461
37,-1.6822476,-2.017546,-0.35726655,7.639436,-0.31773943,-5.285774,0.8916485,0.7111371,1.3985542,5.456761,6.9357677,-5.539418,-0.0043914514,0.28869554,-1.3316429,4.7383842,1.1801751,-4.617096,-2.8015695,2.444673,3.8571908,-4.0371065,-1.2659072,9.841639,2.7874262,-0.5920543,3.344892,1.7988852,3.248831,5.1011224,2.1639647,-2.8051994,-0.70565414,-0.7657349,5.0345993,4.207083,-4.0057955,3.300244,5.8620768,3.4790044
38,-2.304515,-1.1982895,-0.7032229,7.642331,-1.501221,-4.3195724,0.7752623,1.3397796,1.9678702,5.973042,4.849118,-6.246107,1.9389515,0.9232129,-0.7771747,4.8753376,0.70702934,-4.346855,-2.5095994,1.6275611,3.919937,-4.1392183,-1.9396569,9.182691,3.4034994,-1.0849333,3.60342,2.830474,3.6663892,5.1063128,0.88601387,-2.6869183,0.011783501,-0.46103218,5.0470586,3.5941586,-3.768685,3.0428646,7.0075145,2.043775
39,-2.301815,-0.5234387,-0.6890626,7.696137,-2.1536305,-3.07636,0.503914,1.8526653,2.696506,6.2936563,2.4207387,-6.2034135,2.9113686,1.9835837,-0.18220787,5.04708,0.17769101,-3.903061,-2.1700945,1.0137135,4.0030804,-4.224094,-2.4305243,8.274855,4.002695,-1.5473999,3.8354337,4.028312,4.0734463,4.6484804,-0.2916996,-2.2323596,0.46388328,0.04703194,5.1569524,2.95325,-3.558533,2.5486195,7.7312193,0.46966195
40,-1.7115514,-0.069943994,-0.39911416,7.765119,-2.3497326,-1.7197331,0.36443982,2.264222,3.548414,6.2264442,-0.10379698,-5.6984015,2.748696,3.1492014,0.4947392,5.1670284,-0.37776875,-3.2878146,-1.8308845,0.6072003,4.1112614,-4.2949886,-2.686568,7.186783,4.520139,-1.8730296,4.002041,5.3613887,4.322367,3.6876912,-1.1483701,-1.6046116,0.7316938,0.6470709,5.326634,2.2255757,-3.3725061,1.9118875,8.102041,-0.82010895
41,-0.7549047,0.2645292,0.054156534,7.7973695,-2.1762848,-0.4217616,0.49413615,2.6436164,4.428436,5.5723066,-2.4000843,-4.795344,1.7443098,4.0776834,1.3745278,5.107477,-0.9321632,-2.5190175,-1.512429,0.39026827,4.2387223,-4.344194,-2.6773417,6.031471,4.934241,-1.9806162,4.071777,6.722546,4.1939993,2.3399382,-1.5316991,-0.9906417,0.9413175,1.279192,5.500167,1.3885803,-3.156268,1.1925576,8.254603,-1.508165
42,0.26464567,0.6225964,0.61195505,7.768833,-1.7467529,0.6749364,0.8958932,3.0586417,5.193655,4.2330933,-4.0742226,-3.5503922,0.49041584,4.599456,2.518797,4.717949,-1.4639487,-1.6375853,-1.2045919,0.3375898,4.3709383,-4.353423,-2.4043493,4.947066,5.252411,-1.8421987,4.051558,7.940247,3.4937503,0.9339171,-1.4387559,-0.5098559,1.174515,1.9308418,5.6089034,0.4605315,-2.8234093,0.44864374,8.300934,-1.468193
43,1.0660788,1.0532211,1.2569358,7.675598,-1.2015691,1.5043125,1.5020099,3.5506706,5.6665134,2.3249881,-4.8381515,-2.2531652,-0.43829882,4.7593594,3.7861655,3.8879058,-1.9178553,-0.72287315,-0.87248063,0.4255509,4.4882574,-4.300005,-1.9076579,4.068504,5.4946547,-1.4817342,3.9959643,8.839308,2.2092452,-0.082398176,-1.0433829,-0.15018673,1.4525063,2.605449,5.5745115,-0.49570516,-2.286864,-0.2253634,8.292502,-0.76415217
44,1.4780296,1.5078192,1.9785962,7.517208,-0.6786073,2.0834615,2.2406554,4.1203265,5.6584034,0.19047816,-4.673764,-1.2977958,-0.83584875,4.7146235,4.909961,2.632371,-2.1808295,0.101376295,-0.47535822,0.63393533,4.568753,-4.1670165,-1.2633457,3.4972699,5.6836467,-0.9561143,3.9810326,9.309738,0.590032,-0.36802453,-0.58457625,0.17318717,1.7744541,3.296398,5.320247,-1.3792504,-1.5082451,-0.68217504,8.237567,0.38510954
45,1.4727697,1.9228718,2.7673798,7.287816,-0.28212586,2.481592,3.0687146,4.7065797,5.020155,-1.7181088,-3.811048,-0.8256658,-0.85331196,4.6061735,5.685343,1.1131941,-2.1326132,0.71301484,0.0010182319,0.94316775,4.589871,-3.952701,-0.5683597,3.2790008,5.840096,-0.33482498,4.0631905,9.33013,-0.9587202,0.13896021,-0.16666427,0.51601326,2.1457074,3.9762733,4.7892222,-2.0800855,-0.54728884,-0.75765306,8.149517,1.6619132
46,1.1400692,2.2817144,3.6198149,6.9691935,-0.07051423,2.7798007,3.967537,5.166672,3.7229967,-3.0107703,-2.6327686,-0.6476576,-0.6971233,4.5186872,6.0461035,-0.42446724,-1.7184476,1.0780077,0.5289738,1.3335935,4.5300584,-3.6742978,0.08317365,3.3984022,5.9818316,0.31320766,4.252595,8.947044,-2.0885298,1.2168956,0.31024975,0.88486606,2.5760825,4.5954046,3.9623528,-2.5207388,0.43347213,-0.35245323,8.076363,2.730874
47,0.63174397,2.6033576,4.533285,6.52245,-0.05904058,3.0399153,4.918946,5.283368,1.9360688,-3.4999878,-1.562006,-0.49946272,-0.45889786,4.4995475,6.023972,-1.7500176,-0.98007315,1.2931848,1.0632094,1.7852699,4.370928,-3.3640294,0.621155,3.7932937,6.125948,0.92480475,4.5116415,8.24818,-2.6593451,2.487078,1.0070248,1.2595233,3.0612965,5.0822806,2.869727,-2.6776426,1.2342681,0.5036713,8.076913,3.320368
48,0.11451186,2.8940017,5.4885454,5.8878646,-0.22478862,3.285904,5.8776755,4.8279424,0.032969028,-3.244435,-0.86705077,-0.26350707,-0.15498343,4.574507,5.6866837,-2.7227,-0.048729155,1.5348363,1.575716,2.270559,4.099123,-3.0578606,1.008265,4.379157,6.2904577,1.4421262,4.7727323,7.344721,-2.7418842,3.5997484,1.9750522,1.6034268,3.5650616,5.350778,1.5968901,-2.5654297,1.7158923,1.6596289,8.166908,3.2689216
49,-0.25261778,3.1274133,6.428125,5.005678,-0.50597495,3.4985628,6.7538733,3.681271,-1.5167615,-2.5119693,-0.52568215,0.042988256,0.21321556,4.7470365,5.10046,-3.315454,0.8892572,1.9569429,2.0636053,2.7425659,3.7083652,-2.7807674,1.2352526,5.0710607,6.490872,1.8100094,4.96525,6.3571873,-2.5070624,4.3707724,3.1305015,1.8868877,4.0206666,5.324926,0.28498685,-2.2122972,1.8665814,2.910612,8.281771,2.5438128
50,-0.33043376,3.2873516,7.251248,3.8553395,-0.8001633,3.6302516,7.424969,1.9555651,-2.3317435,-1.686624,-0.33103117,0.37872756,0.6475094,4.997485,4.3146625,-3.5879083,1.6495016,2.6185923,2.535405,3.130585,3.204407,-2.535269,1.3109288,5.7946167,6.7309914,1.9755633,5.0434084,5.403115,-2.1121104,4.791681,4.3388066,2.1102548,4.3535385,4.9759502,-0.8914137,-1.6625667,1.8060614,4.0814447,8.2772045,1.2586883
51,-0.037123818,3.4456952,7.842681,2.4812691,-0.97611827,3.6454701,7.7870317,0.010194404,-2.2567449,-1.0747403,-0.11690979,0.72531116,1.1509664,5.285109,3.3601928,-3.630281,2.1017394,3.4766698,3.0014074,3.3481991,2.613765,-2.2998717,1.2568218,6.487427,6.991831,1.8953476,5.0079513,4.5868073,-1.654202,4.956253,5.492371,2.290558,4.5032773,4.3483214,-1.7778018,-0.9985849,1.7252203,5.0867453,7.96827,-0.32730973
52,0.5691662,3.7837977,8.1061945,0.9702269,-0.90639865,3.5709567,7.8119345,-1.6937125,-1.3825814,-0.70766646,0.15953396,1.0823137,1.7233173,5.5478587,2.2596679,-3.508033,2.1922143,4.421599,3.4713628,3.3112516,1.991568,-2.0401196,1.1097206,7.0994515,7.2249384,1.5529432,4.912608,3.988413,-1.1802926,4.9861507,6.5319633,2.42446,4.4341354,3.5562532,-2.2965698,-0.3378006,1.7904056,5.9316583,7.191568,-1.8807462
53,1.2275668,4.4644384,7.9494724,-0.58789253,-0.5134829,3.5192358,7.548955,-2.8174555,0.0036187451,-0.3661986,0.4878584,1.4605886,2.358679,5.7016544,1.048581,-3.2311532,1.9453533,5.3199024,3.946485,2.9600754,1.4214933,-1.7282068,0.9254754,7.5994396,7.3565507,0.98054045,4.8452935,3.655353,-0.71166533,4.988309,7.4298873,2.4633021,4.1465135,2.7519453,-2.4650345,0.21254851,2.074845,6.648162,5.8564053,-3.1249194
54,1.5509322,5.42167,7.2741084,-2.0811186,0.16638668,3.660775,7.062792,-3.2906477,1.5172147,0.18900889,0.846929,1.8712423,3.0412865,5.6449785,-0.19907317,-2.7623634,1.4672904,6.0529013,4.4018884,2.2837539,1.0039077,-1.3595662,0.7732441,7.9850173,7.304948,0.26619312,4.8846264,3.604767,-0.25989902,5.0376697,8.163977,2.3211694,3.6982834,2.0791028,-2.3668468,0.60378426,2.5582478,7.218106,3.9688506,-3.9116156
55,1.2521452,6.315538,6.0987334,-3.3382373,0.9208819,4.1301475,6.376629,-3.288715,2.8269799,1.0385265,1.1894825,2.3096592,3.7371948,5.277383,-1.3584951,-2.0698912,0.94567937,6.5594788,4.7704024,1.34279,0.8322323,-0.9512962,0.71781063,8.284582,7.0032444,-0.4698707,5.0533037,3.8359015,0.16781019,5.1729155,8.698498,1.9182147,3.2181282,1.6281514,-2.1048815,0.8530638,3.1717398,7.5413165,1.6567591,-4.1459093
56,0.38802558,6.792441,4.6919565,-4.2030697,1.4247442,4.8937435,5.4901977,-3.0767038,3.7621548,2.1132371,1.4583943,2.7496104,4.3883286,4.5364594,-2.2782936,-1.2030702,0.60715705,6.869561,4.9454083,0.27331313,0.9596918,-0.51664656,0.8028847,8.542602,6.41228,-1.1207925,5.2991257,4.338139,0.57052016,5.397609,8.97881,1.2410327,2.8791478,1.4154251,-1.7655661,1.0133759,3.8410573,7.4675884,-0.7873267,-3.6822352
57,-0.55705833,6.822892,3.4022431,-4.6577516,1.4589895,5.7285194,4.4613204,-2.8401256,4.2987094,3.2938938,1.6308683,3.15397,4.9167943,3.4392414,-2.8385327,-0.32297152,0.61946607,7.0848947,4.809785,-0.7470103,1.3643838,-0.034108657,1.051035,8.793961,5.5154233,-1.6257037,5.514802,5.0870147,0.96128535,5.683943,8.942784,0.38099796,2.82652,1.4054655,-1.4081976,1.1399387,4.506121,6.878404,-2.9260314,-2.4267554
58,-0.9175837,6.7110524,2.3266253,-4.8010573,1.0276756,6.381639,3.4470453,-2.6287327,4.487381,4.475834,1.7352823,3.4892933,5.2421713,2.0984893,-2.9961157,0.36839503,1.0044051,7.301104,4.27519,-1.5591412,1.9329568,0.555446,1.4783154,9.037588,4.304464,-1.9621854,5.5782857,6.0371566,1.3786225,5.9779706,8.545006,-0.48625785,3.099641,1.5603921,-1.0738093,1.2730645,5.1222405,5.770238,-4.3719635,-0.62087756
59,-0.3138273,6.715769,1.2705168,-4.70491,0.2569159,6.7147346,2.6482663,-2.419886,4.4109874,5.58604,1.8338885,3.7309325,5.305657,0.697715,-2.780556,0.7532792,1.6424885,7.5388017,3.3142753,-2.0641983,2.486143,1.3131063,2.1060283,9.209859,2.7781758,-2.1039476,5.3931503,7.1205378,1.8932414,6.2006474,7.7791734,-1.174749,3.6060553,1.8645084,-0.7969195,1.434056,5.654661,4.2668085,-5.03047,1.1261832
60,1.1019778,6.745836,-0.0074765943,-4.3008785,-0.7093915,6.706098,2.223189,-2.1965637,4.17057,6.587347,1.9891193,3.8565223,5.0907083,-0.56227344,-2.2656753,0.86756915,2.3639002,7.7371583,1.984052,-2.2194674,2.8485193,2.2558172,2.9560285,9.155336,0.97424245,-1.9790214,4.936792,8.24784,2.589572,6.234682,6.687082,-1.5595555,4.1707945,2.2987123,-0.60782933,1.6257156,6.073515,2.5492463,-5.0863714,2.2216558
61,2.7965286,6.4931755,-1.5166469,-3.4057899,-1.6747338,6.4142084,2.222835,-1.9725342,3.8650098,7.47654,2.228737,3.835042,4.6343846,-1.5207614,-1.5564954,0.86539155,3.0496294,7.7911897,0.43332183,-2.0089288,2.9368052,3.335465,4.0190816,8.612,-0.9664043,-1.4912517,4.3344436,9.31847,3.486367,5.9042897,5.371643,-1.5954039,4.630384,2.803278,-0.52256656,1.8368053,6.3528457,0.7871955,-4.757019,2.4355612
62,4.2074165,5.785257,-2.937393,-1.945077,-2.3157337,5.9887104,2.55502,-1.7739183,3.564362,8.270311,2.5241714,3.6254044,4.028118,-2.0977266,-0.7813222,0.9208021,3.6731575,7.593067,-1.1234127,-1.4364183,2.8263564,4.45847,5.182348,7.2655525,-2.755661,-0.6716352,3.8965547,10.260449,4.3852415,5.011282,4.0442905,-1.2982949,4.9146543,3.2785728,-0.5298634,2.051767,6.47508,-0.8692848,-4.1176662,1.929048
63,5.0627966,4.7527795,-3.8872027,-0.17164306,-2.286543,5.64299,3.0113595,-1.6193366,3.298015,8.985299,2.791103,3.1966026,3.404268,-2.3023317,-0.061063644,1.1444744,4.2682147,7.0578423,-2.4695504,-0.5703284,2.7477112,5.5395646,6.140722,4.93955,-4.0193887,0.12660602,3.9354062,11.074705,4.7811046,3.523905,3.0432563,-0.7326289,5.0697675,3.6236825,-0.5942828,2.2600644,6.4384885,-2.2700074,-3.1354976,1.1138818
64,5.459477,3.6538289,-4.25665,1.4551665,-1.4628314,5.5155034,3.3550706,-1.5225108,3.0609624,9.624449,2.9149494,2.5654552,2.9025755,-2.206607,0.53174144,1.5633793,4.864292,6.1328197,-3.462027,0.39901564,2.9769676,6.54582,6.3959594,1.8763399,-4.4443235,0.35547277,4.3706503,11.778702,4.104877,1.8273313,2.6387646,0.026671257,5.197871,3.7686062,-0.6774153,2.4580877,6.263025,-3.2765718,-1.8212352,0.47039524
65,5.658613,2.6131353,-4.195108,2.5829942,-0.011251184,5.580195,3.3841815,-1.4884851,2.825689,10.174167,2.7999976,1.8240551,2.6204426,-1.9003954,0.9870603,2.1497445,5.438383,4.80089,-4.066872,1.1744443,3.6588182,7.446477,5.443114,-1.1388794,-3.931301,-0.14678633,4.666948,12.285178,2.291772,0.6342943,2.7299051,0.9502299,5.359065,3.6666675,-0.75081646,2.6448693,5.989939,-3.8130882,-0.33331957,0.36204332
66,5.816169,1.5749247,-3.892883,3.0940883,1.747279,5.7050176,2.960904,-1.4872216,2.556149,10.609743,2.4267051,1.1217045,2.573095,-1.4541745,1.3370948,2.855805,5.89819,3.0925205,-4.3121223,1.4659556,4.674962,8.072134,3.1254532,-3.087513,-2.8248065,-0.87370354,4.4289093,12.454767,0.0661771,0.45266172,2.991375,1.9902911,5.5310197,3.2813456,-0.78694105,2.817969,5.6721187,-3.9046316,1.0680449,0.9198251
67,5.8669524,0.4232375,-3.4473364,3.0463743,3.480745,5.737857,2.0578523,-1.4371858,2.2316768,10.907612,1.879907,0.5995501,2.6984944,-0.9097555,1.6277888,3.6292083,6.092477,1.1197349,-4.188789,1.1427401,5.657766,8.109566,-0.040150184,-3.3539674,-1.8602952,-1.2832297,3.8054976,12.295264,-1.5805036,1.1974429,3.3700774,3.026258,5.6226816,2.6132739,-0.74789554,2.9745007,5.3577185,-3.6605542,2.1615,2.0422356
68,5.5879145,-0.8691047,-2.8568342,2.60614,4.92891,5.5531425,0.8029707,-1.2306057,1.8852525,11.061508,1.3122528,0.32518834,2.9086447,-0.2936105,1.903906,4.4115205,5.851075,-0.8808983,-3.6153705,0.35206145,6.2168775,7.408934,-3.0039449,-2.081953,-1.4009186,-1.3216419,3.1207476,11.982563,-2.1179397,2.3301976,4.071481,3.9515605,5.475144,1.7380528,-0.59159553,3.119501,5.075167,-3.2197115,2.8632512,3.4754882
69,4.7520103,-2.1412747,-2.1125925,2.02409,5.965027,5.0824375,-0.5430777,-0.8025624,1.6332463,11.091775,0.8501786,0.27937064,3.1424193,0.37196562,2.2058456,5.1313114,5.057759,-2.568687,-2.565282,-0.49291408,6.2678695,6.2178464,-4.922367,0.0035353138,-1.071305,-1.1072283,2.572671,11.690385,-1.6152582,3.2940068,5.1350436,4.673931,4.8913946,0.8231685,-0.3010283,3.2766325,4.8273144,-2.7034612,3.2233047,4.918592
70,3.2907865,-3.0835776,-1.3267039,1.5712496,6.6242485,4.3199577,-1.6995398,-0.20213404,1.6433269,11.033526,0.5073011,0.40028346,3.3806686,1.0707784,2.5658512,5.69855,3.726774,-3.6426613,-1.2510968,-0.94409645,6.078039,4.911465,-5.688863,2.0504751,-0.38626754,-0.7193538,2.2811499,11.49196,-0.4677627,3.8353727,6.32198,5.0426455,3.773753,0.10515377,0.07884958,3.484118,4.5983095,-2.1975596,3.359036,6.116977
71,1.3809869,-3.4084458,-0.72985137,1.39102,7.035548,3.3004773,-2.48381,0.40333387,2.0262187,10.904903,0.18179281,0.6438231,3.6342103,1.7960733,2.9970338,6.003641,2.0251753,-3.9984446,-0.08078131,-0.8114436,5.9493017,3.6548605,-5.6878657,3.4922473,0.7494113,-0.30516273,2.2799895,11.4007435,0.8845612,3.9969773,7.325255,4.878023,2.2831373,-0.21503177,0.46020055,3.7656815,4.3686495,-1.7527531,3.3882208,6.920173
72,-0.61190706,-2.988735,-0.46431184,1.4233627,7.3051963,2.095698,-2.836624,0.81597626,2.735299,10.684936,-0.25102654,1.0099,3.9364228,2.544837,3.4752235,5.9289174,0.22543852,-3.7274208,0.6317011,-0.22756937,5.9727845,2.4214551,-5.3286557,4.146959,2.1230307,-0.008557679,2.4876854,11.428932,2.1213024,3.917333,7.9422674,4.111012,0.8223088,-0.11125432,0.80600065,4.1094856,4.1237717,-1.389554,3.3933892,7.2916703
73,-2.2917101,-1.8870977,-0.40380666,1.5373032,7.47421,0.82710904,-2.769118,0.9313018,3.577464,10.3313055,-0.82590336,1.5144751,4.3487115,3.3051662,3.9163594,5.3865614,-1.3690293,-3.014996,0.8721014,0.5337017,6.0744133,1.1542149,-4.8391814,4.085898,3.4623568,0.17400104,2.7930949,11.589033,3.0647025,3.6766677,8.114292,2.9030662,-0.20551771,0.24594733,1.1702766,4.4870343,3.8462954,-1.1053184,3.4170935,7.283075
74,-3.3885615,-0.34667385,-0.23545182,1.7075304,7.5429177,-0.3577272,-2.3131788,0.8086948,4.338521,9.823112,-1.4554111,2.1322105,4.9583983,4.0408216,4.1611285,4.388655,-2.5025103,-2.0909781,0.8655265,1.2691175,6.1477046,-0.14390498,-4.265459,3.4930403,4.5850444,0.39122874,3.148168,11.863468,3.6033072,3.2807791,7.9181337,1.598104,-0.63689905,0.64061296,1.6173978,4.875816,3.50569,-0.8834926,3.4729736,6.997068
75,-3.8400095,1.2718247,0.29975504,2.0100584,7.484951,-1.3391259,-1.5199122,0.6427612,4.9192424,9.174937,-2.0098546,2.7662818,5.842518,4.6679296,3.9971743,3.1184652,-3.050038,-1.2015535,0.8653538,1.922238,6.106182,-1.4003428,-3.544971,2.6072862,5.425369,0.84022206,3.585234,12.176999,3.61753,2.7449987,7.5372815,0.5312776,-0.5664096,0.9736362,2.1554666,5.2540436,3.064132,-0.6993319,3.559569,6.552417
76,-3.7636693,2.6388588,1.2679441,2.4939187,7.2361917,-2.055093,-0.48915574,0.6663914,5.3707685,8.397681,-2.4279401,3.2780178,7.003671,5.0228605,3.2578294,1.928288,-3.0668254,-0.51508415,0.99804866,2.5252714,5.8810587,-2.501598,-2.606832,1.7143662,6.0028486,1.6761789,4.1911583,12.371988,2.9829621,2.1930482,7.1769795,-0.12948443,-0.19977468,1.2737446,2.7599685,5.5849743,2.4927435,-0.52101946,3.6715493,6.0541496
77,-3.3573248,3.5842974,2.5775564,3.1114233,6.6950045,-2.4964335,0.6147085,1.0547884,5.8130994,7.443805,-2.7526555,3.5396633,8.32455,4.8671045,1.990356,1.1972712,-2.7468703,-0.043441825,1.2664381,3.1163547,5.4210105,-3.337135,-1.4714311,1.1125345,6.3906446,2.9645112,5.0554423,12.168315,1.6638367,1.8672571,6.9556465,-0.40787196,0.28074324,1.6099912,3.4127846,5.8066807,1.7849944,-0.31157,3.8079162,5.5733757
78,-2.8065336,4.1090546,4.0751057,3.726639,5.7614965,-2.6893992,1.5887808,1.8721482,6.311514,6.1851196,-3.070221,3.4510903,9.583869,4.0203223,0.5587829,1.0899137,-2.2833226,0.3065381,1.6351607,3.7012026,4.701369,-3.8473902,-0.29332882,1.020022,6.7007465,4.6734233,6.1495733,11.125077,-0.14770897,1.9767807,6.8955064,-0.45483536,0.76724136,2.0313005,4.1056256,5.830471,0.9662422,-0.037835006,3.9779565,5.1407013
79,-2.2437549,4.3145537,5.6042395,4.1332445,4.4111886,-2.6692352,2.252572,3.0548449,6.787854,4.4527473,-3.3951123,2.9205253,10.542948,2.6080604,-0.51788116,1.426798,-1.7497942,0.6211628,2.0820165,4.2490487,3.7292626,-4.0456395,0.69496435,1.4847106,7.086977,6.668117,7.0947795,8.763214,-1.9430281,2.416864,7.020321,-0.44503033,1.2219491,2.563262,4.82092,5.549016,0.10101614,0.31017995,4.203216,4.751917
80,-1.7477391,4.326677,7.018943,4.0866156,2.7798717,-2.4560878,2.5183554,4.4181376,7.0017595,2.1764605,-3.5606549,1.8850605,11.06209,1.1673064,-0.93313247,1.8703036,-1.147029,0.93286216,2.5958538,4.6986403,2.5423234,-3.9885452,1.295258,2.380986,7.7552037,8.625821,6.9611425,5.1418204,-3.0319517,2.6515462,7.3376226,-0.4318555,1.6449034,3.223322,5.5076504,4.8569355,-0.7055284,0.6956235,4.509165,4.382107
81,-1.3552347,4.249891,8.184656,3.4028275,1.2013186,-2.0739768,2.4435046,5.7101674,6.6350265,-0.40095046,-3.2301605,0.46049127,11.158599,0.36889955,-0.8035963,2.2363074,-0.5006183,1.2453573,3.1607084,4.9665976,1.2113013,-3.719541,1.4264286,3.485842,8.906962,9.828476,4.701873,1.6301343,-3.0815446,2.2609894,7.7073236,-0.2627113,2.0256789,4.01132,6.0587945,3.6918623,-1.3161615,1.0282015,4.902232,4.005433
82,-1.0698327,4.1516104,8.994608,2.1065116,0.109936744,-1.600744,2.2113698,6.7284846,5.4933004,-2.6828697,-2.1819067,-0.86971563,10.971734,0.516879,-0.5302981,2.5353363,0.15484774,1.5666958,3.749743,4.9613733,-0.14988226,-3.2399254,1.1524857,4.5507426,10.5052595,9.0862055,0.6338037,0.25602642,-2.5880952,1.5514561,7.982671,0.24858852,2.3243358,4.87186,6.306079,2.103099,-1.5851653,1.2062346,5.34602,3.6164474
83,-0.8700751,4.0670004,9.4005375,0.49538565,-0.17874584,-1.1384013,2.0159886,7.4065757,3.679054,-4.0935936,-0.69713974,-1.4376503,10.687846,1.287405,-0.46267873,2.8107948,0.826142,1.9139543,4.3222413,4.607416,-1.3836648,-2.540986,0.6742007,5.352718,11.979515,5.535596,-2.9214401,1.2038566,-1.9824101,1.0267912,8.164028,1.0885297,2.5148456,5.6848426,6.0660367,0.31595278,-1.4138583,1.2123649,5.7706456,3.237972
84,-0.7234658,4.012139,9.433709,-0.98363465,0.3588015,-0.6861413,1.9694085,7.775656,1.5315409,-4.4828424,0.55346876,-0.99149776,10.449017,1.9962039,-0.6715522,3.0769842,1.5583613,2.3062038,4.816027,3.8777206,-2.321399,-1.6765444,0.2638384,5.79993,12.433841,0.090772115,-3.8642879,2.295393,-1.0826386,0.8791561,8.29699,2.0881474,2.6131868,6.3126626,5.2451053,-1.3035338,-0.84328765,1.1834385,6.1243954,2.8940132
85,-0.6000119,3.9940383,9.194321,-1.9656826,1.4548845,-0.10451295,2.1215394,7.870156,-0.5802742,-4.030717,1.117193,0.089515835,10.299501,2.1088893,-0.98701847,3.3219256,2.398347,2.7566984,5.140048,2.8220897,-2.842966,-0.7975746,0.13282932,6.0180526,11.429764,-4.8640323,-2.1050174,2.316612,-0.16550171,1.0514028,8.429385,3.0655117,2.6431243,6.6549363,3.932031,-2.4236264,-0.10241828,1.3320636,6.4081388,2.5627854
86,-0.47302008,4.0155077,8.812333,-2.3219032,2.7049556,0.751309,2.4869194,7.669191,-2.3751473,-2.951103,1.0866464,1.2384756,10.208757,1.5066477,-1.1690353,3.4946077,3.3564007,3.2598794,5.176639,1.575601,-2.919622,-0.0852876,0.3329421,6.22232,9.266478,-7.671609,0.9225659,2.4419987,0.43763918,1.4408329,8.60917,3.8840678,2.5932157,6.6776934,2.3844104,-2.9149787,0.505562,1.7609094,6.643881,2.170488
87,-0.3120194,4.080742,8.403115,-2.1462095,3.7717936,1.9052687,3.0131836,7.093441,-3.6664255,-1.4563528,0.9174583,2.1678889,10.096565,0.40625697,-1.0391575,3.5554445,4.3852253,3.771437,4.8065424,0.3410429,-2.614797,0.36556962,0.7800399,6.507917,6.4842396,-8.52686,3.2277036,3.6774788,0.72044086,1.9300696,8.874435,4.437955,2.4136012,6.4290404,0.9150736,-2.8524451,0.80858755,2.388277,6.8322344,1.6442437
88,-0.08371622,4.2036085,8.039531,-1.6386702,4.506375,3.2608316,3.5538318,6.0651517,-4.373367,0.12591918,1.0624691,2.944737,9.841623,-0.867463,-0.5263832,3.5735629,5.396141,4.179898,3.9677136,-0.65411943,-2.0651355,0.59796214,1.3500468,6.8043075,3.438932,-8.463445,3.6131687,5.5172634,0.7551492,2.3881338,9.236665,4.6469145,2.0579083,6.038962,-0.23150045,-2.4049304,0.849221,3.0553606,6.9497304,0.9679097
89,0.2343708,4.413927,7.746597,-0.9986558,4.9332,4.6635246,3.879623,4.609496,-4.544799,1.3889636,1.7138621,3.7646694,9.2833605,-2.0590107,0.31631953,3.752582,6.3021426,4.28445,2.7383046,-1.2247916,-1.4479935,0.7365518,1.9568902,6.9510903,0.3241267,-7.996566,2.0441334,6.9547963,1.005524,2.788124,9.649777,4.448042,1.5440975,5.676082,-0.9416749,-1.7446774,0.7956773,3.6596096,6.9595623,0.190491
90,0.6357692,4.7545443,7.5115952,-0.3784873,5.1627426,5.944675,3.7353828,2.9356403,-4.3205233,2.049868,2.7761774,4.7255707,8.221041,-3.0405333,1.286443,4.331173,7.0263834,3.8241773,1.3943788,-1.308826,-0.9084812,0.8892198,2.5694678,6.7751646,-2.5832088,-6.829746,-0.72541565,7.3115253,2.1645322,3.2303586,9.955423,3.7872913,0.99529415,5.464038,-1.2213775,-1.0105033,0.81068224,4.191196,6.815649,-0.6070901
91,1.0725374,5.264278,7.298995,0.118233405,5.3087463,6.9417386,2.958813,1.431215,-3.8585646,2.0960639,3.996251,5.7489634,6.4568305,-3.7788224,2.0345824,5.400617,7.436693,2.6056101,0.36671412,-1.0222026,-0.48177966,1.1006736,3.18067,6.1586733,-4.809756,-4.4994273,-3.3023796,6.425445,4.357338,3.9390142,9.858585,2.6480742,0.61863416,5.4157143,-1.150458,-0.30270827,0.9837876,4.690934,6.4656925,-1.3523202
92,1.4551904,5.9499435,7.0644813,0.4257779,5.4422965,7.524278,1.6178004,0.5238619,-3.3006663,1.7480251,5.1169834,6.585172,3.922262,-4.228679,2.1547348,6.736499,7.3149123,0.72036326,0.053441323,-0.5985009,-0.11042892,1.3760794,3.7724237,5.103735,-5.964223,-1.3088601,-4.3441296,4.841842,6.863034,5.197004,8.9214115,1.0888848,0.59939325,5.460189,-0.8517857,0.3144355,1.3316125,5.194883,5.8550777,-2.002206
93,1.6666974,6.7599454,6.7711115,0.51279503,5.5837874,7.636358,0.035899986,0.45895988,-2.7355947,1.2963595,5.9844165,6.885029,0.8576743,-4.1979017,1.415436,7.816573,6.562948,-1.3347273,0.5494636,-0.16935326,0.26053715,1.7156323,4.303801,3.7337523,-6.11515,1.6877316,-3.6266594,3.4518545,8.933817,6.7949524,6.5865884,-0.58574337,0.917179,5.554676,-0.46433884,0.8162263,1.828999,5.699817,4.933239,-2.535796
94,1.590482,7.5749273,6.414381,0.3892785,5.72246,7.330992,-1.3693398,1.1626778,-2.1415873,0.962581,6.5801334,6.381117,-2.119386,-3.3953233,0.096173994,8.206883,5.46136,-2.9506073,1.5396029,0.37029523,0.6403886,2.119763,4.716282,2.2111816,-5.688528,3.6664686,-1.8522966,2.728646,10.386292,7.649644,2.7382133,-1.6077809,1.1940031,5.7245965,-0.06719452,1.2125982,2.4397035,6.1506195,3.6700778,-2.9218197
95,1.1597593,8.229103,6.049814,0.111404866,5.8442388,6.7571287,-2.3141382,2.3062983,-1.4099602,0.8608341,6.9786353,5.066796,-4.2943263,-1.828205,-0.98637086,8.0212145,4.4069905,-3.878878,2.5531888,1.1811512,1.0077182,2.5710318,4.9417386,0.666231,-5.0722976,4.470941,0.2609901,2.726048,11.321082,6.540685,-1.4336478,-1.3292385,1.127797,5.9350576,0.38147628,1.5219646,3.1241786,6.4419236,2.0917783,-3.0786953
96,0.43535367,8.572097,5.786763,-0.23331246,5.9483995,6.095397,-2.7469976,3.5057204,-0.4513551,1.0110787,7.2546115,3.1821015,-5.337031,-0.08694687,-1.1226901,7.750436,3.4474323,-4.2468066,3.2580814,2.273363,1.3356911,3.0202324,4.9154563,-0.79950196,-4.432035,4.3278117,2.3316326,3.443899,11.6918955,3.2430732,-4.025909,-0.34438157,1.1108755,6.1144876,0.9164487,1.7587079,3.8291357,6.438156,0.3320722,-2.8672595
97,-0.33003747,8.561809,5.710645,-0.55734,6.0482,5.4895253,-2.780584,4.4934525,0.7418161,1.3692342,7.399875,1.0490774,-5.39386,1.0728358,-0.3137961,7.6663294,2.3561227,-4.2590275,3.4942834,3.5140157,1.6332035,3.397986,4.6001453,-2.0775485,-3.7661514,3.5636144,4.1993494,4.8710723,11.020976,-1.2000076,-4.038206,0.017793767,1.4078753,6.283605,1.446199,1.9465879,4.491531,6.0229545,-1.3500025,-2.1721437
98,-0.7565566,8.324536,5.7814994,-0.7973392,6.1607327,5.015948,-2.573613,5.1666684,2.1158414,1.8632098,7.3091626,-1.0322723,-4.738747,1.3438318,0.8891601,7.6800833,0.9688827,-4.010261,3.2201455,4.718863,1.9735049,3.6366453,4.0076494,-3.049059,-3.0290883,2.5252721,5.745861,6.696923,8.498292,-5.0475373,-1.8852756,-0.27893874,1.6746525,6.5054717,1.9139371,2.1105173,5.0518346,5.1635942,-2.6572385,-1.0568956
99,-0.5626159,8.089952,5.827363,-0.92729753,6.292105,4.6918654,-2.258384,5.541211,3.5976074,2.3984241,6.8349905,-2.7817295,-3.555096,0.98997635,1.9283447,7.618263,-0.63209283,-3.459717,2.5275278,5.722343,2.4691126,3.6702585,3.2023885,-3.6238685,-2.227724,1.5525533,6.847089,8.075452,3.8925197,-6.914146,0.54200983,-0.07895491,1.8923627,6.7853937,2.3429153,2.2550218,5.4546537,3.9455316,-3.4125485,0.17643854
100,0.25367543,8.03346,5.636746,-0.9642193,6.4298887,4.5009747,-1.9217457,5.686382,5.1083455,2.827886,5.8871546,-3.957893,-2.0504928,0.5580317,2.608541,7.38957,-2.1618612,-2.521121,1.6938355,6.432094,3.1776023,3.4166493,2.297173,-3.7841809,-1.4447466,0.89469355,7.4867697,8.039042,-1.5566703,-6.5960727,1.1839116,0.776296,2.2841744,7.066036,2.7012439,2.3678424,5.6585183,2.544744,-3.6316404,1.154103
101,1.4572752,8.187323,5.04063,-0.9471243,6.549712,4.417427,-1.6114079,5.6812944,6.549663,2.9417245,4.5489054,-4.45665,-0.5737361,0.4800792,3.0705068,6.962911,-3.3293998,-1.2157689,1.1389335,6.8762426,3.98638,2.7939715,1.4603009,-3.5979557,-0.7789146,0.6328641,7.813244,6.3027053,-5.8622446,-4.651565,0.15052858,1.4323841,2.9289417,7.3207445,2.8949912,2.4331996,5.6573033,1.1585379,-3.4455073,1.6631842
102,2.749176,8.461333,3.9515471,-0.892112,6.626219,4.4151106,-1.3471438,5.595255,7.7935796,2.543215,3.1341755,-4.3731003,0.53754234,0.8581485,3.5139854,6.3140326,-4.004329,0.2334781,1.2260522,7.1934047,4.592987,1.8029602,0.90494514,-3.194147,-0.26662993,0.7109414,7.992196,3.3976564,-7.917256,-2.2065716,-0.8773017,1.6187081,3.7738988,7.569575,2.815672,2.4431958,5.491103,-0.05387851,-2.987742,1.727074
103,3.9062958,8.687625,2.3952162,-0.7611769,6.6437616,4.460885,-1.1296202,5.481594,8.706945,1.6020929,2.0926247,-3.9274256,1.1830615,1.5542201,4.0177503,5.413112,-4.244862,1.4808196,2.060824,7.52109,4.620077,0.61487883,0.79981446,-2.6990376,0.13085945,1.0339314,8.06315,0.11949132,-7.9558654,-0.6147641,-1.0565622,1.6524302,4.6762166,7.794266,2.393597,2.4169147,5.2356257,-0.9990692,-2.3512504,1.5283716
104,4.8384447,8.662403,0.5329657,-0.4825743,6.6186543,4.50408,-0.94809765,5.3770022,9.206968,0.35118362,1.7759774,-3.3131926,1.4996578,2.3936985,4.541719,4.2391324,-4.209523,2.2358804,3.4636211,7.850477,3.777657,-0.43361154,1.1260397,-2.164019,0.47516957,1.529247,7.9451685,-2.877159,-6.5925384,-0.35826585,-0.78674155,1.7125746,5.558076,7.8900065,1.6269526,2.4166756,4.9722457,-1.6534469,-1.6026609,1.2936089
105,5.574517,8.199835,-1.3709024,-0.03304307,6.6250043,4.481118,-0.7922545,5.302476,9.307007,-0.81019354,2.2309027,-2.5824115,1.6900978,3.269623,4.972153,2.8006387,-4.028838,2.3701348,5.0717387,7.9721875,2.0320344,-0.97350925,1.635533,-1.5720936,0.80131906,2.1444092,7.519495,-5.1114016,-4.2194037,-0.8388403,-0.55798024,1.8086792,6.4051285,7.7054343,0.591518,2.5267367,4.7609115,-2.0509787,-0.80324966,1.2086565
106,6.1965137,7.173825,-3.0518823,0.46583065,6.768139,4.3430285,-0.6657506,5.263968,9.114544,-1.5478027,3.188569,-1.6675386,1.8911893,4.1300364,5.149744,1.1689919,-3.7194755,1.9244695,6.4663434,7.5976734,-0.25657836,-0.8049995,2.0473628,-0.9321055,1.1149205,2.8215437,6.719345,-6.310316,-1.3117927,-1.1121933,-0.36951724,1.9323428,7.202841,7.099638,-0.55730003,2.7895916,4.638201,-2.2585006,-0.012748543,1.3845943
107,6.750743,5.522649,-4.335157,0.72862166,7.075068,4.098739,-0.5839593,5.2543707,8.785187,-1.7498521,4.25265,-0.51935756,2.1442332,4.9242315,4.9093595,-0.47988653,-3.200701,1.1015344,7.3386273,6.621287,-2.439628,-0.049886376,2.3289533,-0.31204805,1.4226321,3.492091,5.582373,-6.543488,1.3929931,-0.6311121,-0.054324053,2.1361034,7.912494,5.9835405,-1.6159481,3.1446552,4.6295586,-2.3453946,0.71839994,1.8645946
108,7.1705995,3.256798,-5.0977874,0.42007893,7.3889832,3.8670535,-0.5501037,5.2605715,8.4667425,-1.5032629,5.1221375,0.8031744,2.4323049,5.566608,4.15611,-1.8716232,-2.4214387,0.23607028,7.658079,5.2387295,-3.996119,0.88541955,2.681393,0.23284017,1.7420329,4.0906506,4.222343,-6.171245,3.2725804,0.5620719,0.33150136,2.4784346,8.480389,4.3431373,-2.390302,3.427672,4.743491,-2.3547683,1.3543252,2.6421692
109,7.241496,0.54447836,-5.126722,-0.6070766,7.3998632,3.8866978,-0.53932405,5.2745028,8.262071,-0.9731847,5.684851,2.1694648,2.7285016,5.9445195,2.947113,-2.7434242,-1.4931122,-0.3393208,7.6527576,3.7357497,-4.816232,1.5594745,3.2482889,0.70431757,2.0792847,4.559517,2.7583773,-5.5763803,4.130363,2.1008127,0.6324499,2.9231968,8.82574,2.2776132,-2.7265968,3.4555912,4.9487953,-2.2845016,1.8718176,3.662707
110,6.6600957,-2.1550944,-4.1337457,-2.0249333,6.865956,4.36202,-0.49872684,5.3014255,8.218373,-0.30992338,5.971078,3.4561107,3.002877,5.9574137,1.5040027,-2.988508,-0.6514135,-0.4724828,7.583617,2.259552,-5.056221,1.7215661,3.966939,1.1596574,2.4179034,4.8433223,1.2836868,-4.9653263,4.104243,3.6140792,0.85131645,3.3868015,8.843136,0.03782658,-2.5105503,3.170125,5.173588,-2.0924666,2.2602224,4.807031
111,5.232978,-4.178618,-2.1767135,-3.03786,5.9124312,5.2139316,-0.33112928,5.3593163,8.329628,0.3789491,6.064892,4.581179,3.1972542,5.5624504,0.12903179,-2.6948485,-0.06365851,-0.22908463,7.5677695,0.8342525,-4.8666954,1.3503817,4.6558013,1.7068232,2.7277632,4.8874207,-0.1144382,-4.3586893,3.4573412,4.8812795,1.1620754,3.8223734,8.442446,-2.01354,-1.710898,2.7520063,5.344547,-1.7412542,2.5319438,5.892356
112,3.0827148,-5.109393,0.003892204,-3.0220125,4.987947,6.1350737,0.07447526,5.466925,8.539883,1.0188723,6.044675,5.49251,3.218647,4.816533,-0.91810113,-2.0703416,0.28368315,0.23313534,7.585645,-0.5151979,-4.2814484,0.60569024,5.142323,2.4627562,2.969274,4.6451883,-1.3278491,-3.68634,2.4799714,5.8280993,1.7747971,4.208282,7.5783005,-3.5450702,-0.4907848,2.5674584,5.424776,-1.2628781,2.7304945,6.7259817
113,0.6079531,-5.032842,1.5104699,-2.0847094,4.4083633,6.9082165,0.7446065,5.6293707,8.758816,1.5543813,5.9630594,6.148932,2.9786613,3.8916597,-1.5116798,-1.3399767,0.5167032,0.7946002,7.564367,-1.6968005,-3.2707064,-0.21611206,5.342,3.4678838,3.0860946,4.101002,-2.2334797,-2.8992097,1.4689382,6.464528,2.8029742,4.4704614,6.2591915,-4.411134,0.7558793,2.9084156,5.396075,-0.77669704,2.9110336,7.1786942
114,-1.7434525,-4.2431746,2.0289094,-0.78731096,4.20744,7.5054784,1.6112556,5.8353615,8.887761,1.9449475,5.8498015,6.519894,2.4571424,3.02686,-1.6775019,-0.66235536,0.752161,1.4071982,7.4325113,-2.5761285,-1.8687569,-0.75928193,5.3015733,4.6234565,3.0029275,3.3098924,-2.7404306,-2.0387385,0.68382657,6.8408937,4.17597,4.4213266,4.5816455,-4.6759048,1.5842534,3.7482889,5.230695,-0.42433545,3.105305,7.2135344
115,-3.6286805,-2.9673734,1.8796216,0.40557393,4.3487353,7.997226,2.564494,6.053265,8.838803,2.170957,5.722632,6.601466,1.7351409,2.4267526,-1.5337306,-0.096550144,1.0465895,2.0623024,7.1411576,-3.0574675,-0.25981387,-0.74956286,5.186926,5.7222543,2.6411133,2.4276085,-2.8441038,-1.215923,0.27130392,7.0373564,5.624411,3.8004,2.8149257,-4.5005865,1.7674315,4.7747574,4.9363866,-0.2749298,3.3119328,6.872856
116,-4.866182,-1.4174556,1.6333954,1.350636,4.81495,8.470525,3.4661374,6.2166233,8.554807,2.249214,5.5972714,6.4278536,0.9618636,2.1788206,-1.2027264,0.36953485,1.4132444,2.7552903,6.6695313,-3.1534762,1.2730076,-0.10709837,5.191321,6.53939,1.9558096,1.6900755,-2.6343257,-0.52259034,0.23742417,7.1621995,6.7645288,2.4649956,1.4357525,-4.05385,1.4113157,5.649237,4.6029453,-0.29410112,3.5163846,6.254582
117,-5.4588284,0.11447355,1.7383614,2.1407251,5.5771832,8.97167,4.1372776,6.224749,8.046507,2.247145,5.4885354,6.0605974,0.2826702,2.246142,-0.75696313,0.7693987,1.8499751,3.4681144,6.0182385,-2.9811525,2.4903374,1.0725096,5.430122,6.8763165,0.9905586,1.3299409,-2.241336,0.0275584,0.50465703,7.3280525,7.2488427,0.614104,0.93190247,-3.4915686,0.83906907,6.2181654,4.342423,-0.3998892,3.711658,5.480495
118,-5.558541,1.3261193,2.3485086,2.944839,6.5875735,9.441589,4.3517156,6.00047,7.4336557,2.2674193,5.400201,5.561908,-0.2129336,2.5198946,-0.22042589,1.1291443,2.3508296,4.1637874,5.194027,-2.6910317,3.2861738,2.622781,5.89159,6.5451,-0.0852223,1.4603022,-1.7533654,0.4777463,0.99007046,7.6054955,6.891182,-1.2358634,1.4420323,-2.8779511,0.36761314,6.5183415,4.195135,-0.5260022,3.9028902,4.6603346
119,-5.370964,2.0318003,3.376763,3.9480495,7.7786336,9.628613,3.888901,5.606849,6.932926,2.3891459,5.313296,4.977323,-0.4972243,2.880318,0.40166602,1.4644231,2.9052174,4.784348,4.200214,-2.392333,3.6692822,4.3752675,6.4136095,5.387392,-1.0034287,1.9826038,-1.1708298,0.8732687,1.6389365,7.981708,5.697426,-2.584112,2.6039536,-2.1261003,0.17184278,6.6703,4.1144624,-0.6368211,4.100062,3.868032
120,-5.067485,2.1961248,4.6388817,5.369925,8.998272,9.016501,2.728299,5.29578,6.755747,2.6038966,5.1825123,4.3438334,-0.5820218,3.2355626,1.0990068,1.7888491,3.4939115,5.250156,3.0456774,-2.1178625,3.702864,6.15124,6.665715,3.402847,-1.4954988,2.6037211,-0.45722777,1.2325729,2.412471,8.344151,3.8190057,-3.2318754,3.7926433,-1.1302023,0.2680943,6.790119,4.015418,-0.71683055,4.3095465,3.1384528
121,-4.749113,1.8836782,5.938641,7.41526,9.793791,6.9530907,1.3282896,5.28949,6.9971166,2.8029475,4.946273,3.7146668,-0.4948452,3.5369291,1.850545,2.1214848,4.085641,5.4646425,1.771904,-1.8310993,3.475552,7.7359447,6.2289,0.93258727,-1.4306881,3.031376,0.35898802,1.5640509,3.2647903,8.494368,1.4999002,-3.2426043,4.511847,0.07364342,0.5731316,6.936297,3.8246937,-0.7595138,4.5304585,2.4781811
122,-4.450963,1.2078547,7.049132,10.009881,9.103831,3.3300917,0.5586802,5.49362,7.567767,2.8357368,4.5637636,3.1728384,-0.2663866,3.7784228,2.6314826,2.486257,4.632996,5.3320613,0.48043582,-1.4664923,3.1137476,8.920583,4.852119,-1.3423705,-0.9535815,3.2184718,1.1819946,1.9016814,4.1371307,8.195345,-0.9388356,-2.7471116,4.624273,1.3190923,1.018417,7.099141,3.4976225,-0.75772625,4.7555013,1.879327
123,-4.160657,0.31873554,7.6730905,12.385605,5.6743636,-0.38483283,0.73277354,5.8088784,8.176568,2.579831,4.076827,2.8086638,0.07227078,3.9856074,3.422726,2.9007638,5.065925,4.7929573,-0.66877484,-0.9933456,2.7873745,9.602765,2.6965451,-2.744218,-0.47365275,3.3303368,1.959714,2.3001237,4.956418,7.2499213,-3.1194956,-1.8971428,4.346818,2.4446561,1.608063,7.225819,3.0053017,-0.6973512,4.973262,1.3301752
124,-3.8380618,-0.5968377,7.563116,13.324677,0.064084195,-1.6922705,0.8516405,6.3162193,8.593962,1.9351335,3.6352258,2.6830058,0.4915575,4.197848,4.21465,3.3562734,5.28725,3.870035,-1.5063541,-0.46680775,2.658102,9.815756,0.26985243,-2.9451807,-0.3393466,3.4623625,2.7372978,2.7985475,5.6111646,5.5934167,-4.70313,-0.9798747,4.0541573,3.4095438,2.3597112,7.233222,2.3273268,-0.55710346,5.1707335,0.82188076
125,-3.4364061,-1.3561374,6.7755327,12.531623,-4.7295356,0.2913642,0.8340282,6.767409,8.77669,0.9343212,3.4244485,2.8171244,0.96681076,4.4513445,5.0009623,3.7944303,5.1854377,2.7006857,-1.9270867,-0.0058428156,2.7933278,9.643525,-1.8548251,-1.9919312,-0.46739477,3.5727863,3.594451,3.4051065,5.923246,3.3666408,-5.5048757,-0.41900715,3.9638956,4.3033824,3.2272387,6.999094,1.4774472,-0.3167105,5.3379245,0.351738
126,-2.9229515,-1.8478055,5.650932,11.016502,-6.5714192,3.6189575,2.46419,7.277978,8.355015,-0.21670003,3.545406,3.2166266,1.4777927,4.767804,5.7625275,4.091983,4.684091,1.5242286,-1.9379934,0.30246723,3.137355,9.157829,-3.2635534,-0.2366775,-0.39491066,3.668967,4.552515,4.070625,5.66274,0.9379968,-5.500213,-0.50442135,3.9553933,5.2723575,4.099742,6.3654757,0.54326046,0.021571584,5.474991,-0.07568315
127,-2.291617,-2.05019,4.5202317,9.766599,-5.9834657,5.77867,6.051319,7.8050237,6.508324,-1.2395846,3.9017265,3.9063025,2.009339,5.144674,6.4442205,4.076415,3.824249,0.6029367,-1.6518061,0.47384685,3.5795605,8.443029,-3.8320298,1.7350583,0.29570976,3.8550751,5.5392666,4.6194363,4.6573353,-1.1527283,-4.7959156,-1.1074806,3.7310376,6.3994794,4.839615,5.1847677,-0.30483112,0.40481082,5.5950365,-0.44548962
128,-1.5658437,-1.9969023,3.56422,9.055498,-4.3438926,6.2432356,9.988058,7.2438,2.995606,-1.6571608,4.128851,4.8586483,2.5797853,5.544621,6.932223,3.6002684,2.8192127,0.09935079,-1.2257234,0.5962943,4.041959,7.610511,-3.7331598,3.3644438,1.6682352,4.2079763,6.400153,4.7321815,3.0070426,-2.4057515,-3.6924024,-1.7664123,3.1402202,7.58134,5.288291,3.4254487,-0.855735,0.73158723,5.7132487,-0.7257387
129,-0.79649997,-1.740883,2.8559372,8.762653,-2.4797719,5.916421,12.704404,4.435501,-0.5647281,-1.3287231,4.0036807,5.898481,3.2771244,5.896035,7.050188,2.663641,1.9920344,-0.0016277297,-0.77782613,0.75115955,4.501166,6.756422,-3.2822626,4.3874865,3.508339,4.734478,6.890132,4.112286,1.2149508,-2.685674,-2.605175,-2.108461,2.2968633,8.571088,5.273353,1.298391,-0.9433929,0.92881685,5.830105,-0.8687928
130,-0.052521735,-1.3379056,2.4153988,8.723346,-0.62536126,5.681143,13.543198,-0.047051813,-1.7073858,-1.007429,3.7687285,6.918595,4.173908,6.078449,6.616027,1.4950063,1.5909942,0.16075659,-0.3521244,0.9774986,4.95941,5.923746,-2.7557795,4.834634,5.5593286,5.375031,6.6775327,2.7838337,-0.054374073,-2.3159833,-1.7610623,-2.081293,1.4291676,9.191494,4.700652,-0.75418353,-0.5596876,1.0612956,5.9316025,-0.84066737
131,0.60303473,-0.84049857,2.234314,8.845829,1.2645108,5.854835,12.574572,-3.957428,0.2367604,-0.80531204,3.5902853,7.9782352,5.213288,5.864307,5.588448,0.48195893,1.626189,0.45838612,0.048845317,1.2849554,5.416814,5.101748,-2.3143623,4.8592257,7.6258245,5.9044952,5.45898,1.241958,-0.4692713,-1.7609824,-1.1220071,-1.8079097,0.7201613,9.453819,3.656946,-2.296243,0.08445373,1.3143213,6.00236,-0.66676325
132,1.1413561,-0.28916305,2.2918017,9.114241,3.254305,6.2137313,10.19456,-5.7326035,3.4843123,0.44063532,3.6955698,9.035714,6.1204944,4.9564953,4.233534,-0.049136177,1.8985687,0.8336245,0.4280127,1.6715015,5.859467,4.2457094,-2.0125382,4.6036706,9.52084,5.8535986,3.2748923,0.20141615,-0.2554559,-1.254761,-0.58746177,-1.4128369,0.26067623,9.491374,2.3678322,-3.1345751,0.66395503,1.8117015,6.0278316,-0.4379073
133,1.5756594,0.29891884,2.5718744,9.562952,5.224419,6.1267056,7.0167723,-5.722326,5.6804223,3.0762286,4.279795,9.869806,6.307071,3.300841,3.1190407,-0.039605428,2.2068064,1.2533058,0.78947747,2.1298358,6.2544956,3.3015924,-1.8290203,4.1612525,11.014474,4.747774,0.81095314,0.031561483,0.13835126,-0.80126613,-0.11191774,-0.97452223,0.06614797,9.439969,1.0655888,-3.310832,0.94975877,2.492774,6.000712,-0.2549431
134,1.9422107,0.9342487,3.0805259,10.231971,6.707123,4.8780217,3.9429283,-4.973874,6.0034184,6.284431,5.3843536,10.0350065,5.1955934,1.4741879,2.6875417,0.34804723,2.481839,1.6780766,1.1443423,2.6494477,6.5468354,2.2335253,-1.6879882,3.5992558,11.915189,2.6342208,-0.89960855,0.42783764,0.52087355,-0.37365708,0.3146496,-0.5340774,0.11130132,9.37364,-0.08256234,-2.9524832,0.9283329,3.1891487,5.936994,-0.16815034
135,2.274177,1.651622,3.8578448,11.072619,6.8887577,2.3893847,2.0647051,-4.0906234,5.0196667,9.277622,7.0289626,8.771309,2.8604693,0.41494125,2.7916217,0.9549306,2.725611,2.0733528,1.5090363,3.216756,6.659736,1.0530005,-1.4789896,3.0019972,12.21366,0.24269882,-1.2558215,0.833474,0.9193102,0.029948425,0.6980254,-0.10841263,0.3583422,9.3027725,-0.9712077,-2.1880157,0.7649364,3.7758508,5.86568,-0.16823177
136,2.5883827,2.506403,4.9721847,11.782123,5.045802,-0.21495448,1.8403989,-3.2068632,3.626351,11.635766,8.539816,5.276616,0.49143702,0.41489673,3.0409229,1.6524389,2.940992,2.4173353,1.9006747,3.8111556,6.5043383,-0.16112244,-1.097812,2.5008962,12.088445,-1.5415244,-0.40549764,1.1085106,1.3178602,0.413313,1.0429497,0.3011319,0.77082366,9.20014,-1.5436342,-1.1547214,0.68664306,4.2422214,5.793203,-0.2204804
137,2.886217,3.5714662,6.4571047,11.644108,1.349554,-1.3850485,2.403409,-2.2503622,2.4650097,13.130318,8.323058,0.13642108,-0.22619027,0.7677629,3.344449,2.3416302,3.1269984,2.7061214,2.3328242,4.397237,6.0021353,-1.2729796,-0.5141336,2.2653203,11.7548065,-2.2710967,1.0403041,1.5026449,1.6605521,0.77704126,1.3533087,0.7024865,1.3171308,9.028934,-1.7985752,-0.016066495,0.8718043,4.6568894,5.6807303,-0.2989888
138,3.157843,4.918338,8.128212,9.64631,-2.7829654,-0.65403837,2.7477748,-1.3419816,1.7894704,13.791327,5.484129,-4.0931406,0.77200127,1.1960688,3.6863735,3.0027313,3.2749953,2.9472916,2.811511,4.916258,5.116614,-2.1391685,0.17433718,2.437233,11.33819,-2.0788593,2.4408896,2.1671112,1.8936609,1.1011271,1.6370025,1.1094232,1.9694906,8.76019,-1.7981923,1.0650771,1.3973271,5.089313,5.4472065,-0.3961496
139,3.3823886,6.549083,9.299806,5.226928,-5.5016646,0.7165294,3.0354578,-0.668041,1.5655724,13.857448,1.0607213,-5.5511723,1.5143555,2.079279,4.056929,3.5700502,3.3740115,3.1562512,3.3312075,5.2830157,3.8813822,-2.6658144,0.7674253,3.0326333,10.87714,-1.435628,3.4520772,2.9907336,1.9690484,1.3612435,1.9101429,1.5407791,2.701626,8.374615,-1.6517919,1.9760597,2.2506657,5.551442,4.9847965,-0.5086918
140,3.5291903,8.273879,8.77486,-0.6128984,-5.7932773,0.78723437,3.5196974,-0.13501236,1.6743743,13.513531,-3.0714633,-4.2081566,0.94569373,2.9695325,4.5613556,3.9598823,3.4083693,3.362885,3.8715732,5.3932514,2.41279,-2.8253925,1.077669,3.8972938,10.3917885,-0.80223227,4.065642,3.7944467,1.8760499,1.557712,2.1962996,2.019508,3.4846807,7.8516426,-1.476729,2.6767442,3.3712394,5.9730854,4.1837173,-0.6121882
141,3.5788953,9.664687,5.740472,-5.298598,-4.024469,-0.5049479,3.7906532,0.5630518,2.0689769,12.821934,-5.4255676,-0.8755712,0.34116828,3.4286656,5.285959,4.1930637,3.3459933,3.5974548,4.397669,5.146597,0.9020724,-2.6366982,1.0530344,4.784032,9.921229,-0.4160248,4.430083,4.4877276,1.642561,1.7171515,2.5215764,2.5701683,4.2790956,7.156088,-1.3588339,3.1779978,4.677364,6.1933737,2.981582,-0.64004505
142,3.5722363,10.280025,0.9753669,-6.838438,-2.0636392,-1.5438788,3.7856562,1.5748804,2.790687,11.794369,-5.6110926,2.7979214,1.1877129,3.7839088,6.0539694,4.284038,3.1683936,3.8733602,4.861031,4.4857545,-0.4200956,-2.1602442,0.8121285,5.498266,9.507607,-0.28857297,4.6847467,5.062209,1.3061244,1.8740678,2.9125326,3.2149734,5.020409,6.235363,-1.3283724,3.5007305,6.0609746,5.975332,1.4454213,-0.49743518
143,3.6328073,9.977174,-3.5961425,-5.3094654,-1.445525,-1.881869,3.6640494,2.805828,3.8265905,10.441338,-4.4715385,5.2859607,3.3661342,4.204507,6.5409684,4.1707416,2.9266615,4.1928325,5.1973906,3.4355187,-1.3494648,-1.5181643,0.5647851,5.9914427,9.159998,-0.32364553,4.9045835,5.533321,0.8989221,2.0563788,3.398882,3.966414,5.599095,5.0392528,-1.3517238,3.6495435,7.3685355,5.0910068,-0.15961985,-0.15023176
144,3.8777866,8.91393,-6.4771113,-1.8736069,-1.5359064,-1.9246835,3.4084766,4.1579657,5.053156,8.748833,-3.163803,6.3564253,5.9488716,4.5221076,6.4712725,3.8595169,2.7438304,4.551265,5.324356,2.1174436,-1.7754512,-0.87716514,0.47847557,6.3401146,8.839273,-0.42808592,5.1147265,5.909439,0.44981596,2.2789013,4.0163503,4.8112197,5.841881,3.57104,-1.3380129,3.6239579,8.412706,3.491328,-1.420926,0.2623503
145,4.2731223,7.381731,-7.38772,1.8921938,-1.0362766,-1.660352,3.0815763,5.5284142,6.246424,6.625595,-2.300406,6.522334,8.347252,4.5677004,5.7622294,3.5055325,2.7437131,4.9307165,5.1495776,0.7300754,-1.707531,-0.36652854,0.6010967,6.657444,8.476055,-0.5580129,5.31757,6.19147,-0.012328741,2.5394073,4.8033156,5.6788044,5.519595,1.9624243,-1.1779238,3.4658782,9.043129,1.4358951,-1.9677346,0.4967219
146,4.663266,5.716602,-6.997074,4.64883,0.372123,-1.1979598,2.863315,6.820581,7.0385823,3.995704,-1.8666074,6.195469,10.348092,4.1801343,4.582526,3.324282,2.9862185,5.2899437,4.5984592,-0.49989715,-1.2604067,-0.0033242735,0.8911913,7.02415,7.995742,-0.7118969,5.508225,6.383047,-0.46150666,2.8161821,5.784177,6.3942018,4.42776,0.5187724,-0.8334359,3.294037,9.225511,-0.5919063,-1.6447642,0.4918899
147,4.969272,4.1691923,-6.1251535,5.9885783,2.2096257,-0.92404324,2.8044226,7.9964733,6.959114,1.03582,-1.5247146,5.5740085,11.811394,3.2957819,3.3228016,3.438,3.4766006,5.544798,3.6523888,-1.378625,-0.6221026,0.29508975,1.2967312,7.4694247,7.3266172,-0.90264946,5.6774497,6.496881,-0.88121134,3.07028,6.935669,6.647176,2.566257,-0.36130923,-0.40930977,3.248659,9.037797,-2.1435835,-0.57204616,0.51429474
148,5.22245,2.7742114,-5.2557096,6.197098,3.9177191,-0.99831843,2.810561,9.002672,5.6701527,-1.6922656,-1.0443475,4.9002833,12.647672,2.08354,2.4105294,3.8071048,4.1835184,5.5529776,2.383042,-1.7937431,0.0003644179,0.62690043,1.8021567,7.9761605,6.3947377,-1.1296899,5.807286,6.552166,-1.2683476,3.255167,8.149664,6.063188,0.31894904,-0.42909715,-0.041928135,3.3811233,8.596829,-3.0078664,0.89120466,0.9434273
149,5.3780923,1.3982434,-4.5372105,5.6920333,5.2142243,-1.2714921,2.800514,9.728926,3.2566686,-3.4717555,-0.6328081,4.439952,12.935615,0.83336276,2.064205,4.344663,5.003254,5.1301193,0.9786072,-1.7405035,0.46555376,1.0353358,2.4263182,8.482337,5.124708,-1.356732,5.865838,6.564249,-1.6292512,3.3323739,9.234886,4.4411397,-1.6138235,0.1469708,0.32005638,3.659782,8.001615,-3.2383645,2.3026156,1.9616348
150,5.20234,-0.07455873,-3.923725,4.776735,6.076864,-1.5012884,2.7639377,10.076678,0.30763936,-3.823184,-0.676072,4.1165333,12.884039,-0.18226898,2.2339046,5.0499554,5.730457,4.1188793,-0.26078847,-1.3363183,0.7641387,1.5087355,3.19787,8.869103,3.464914,-1.4968282,5.8123355,6.530916,-1.9681762,3.2865458,9.994684,2.0106525,-2.599573,0.80795497,0.8458492,4.066681,7.2981625,-3.060175,3.3513403,3.443984
151,4.3857493,-1.543511,-3.3150406,3.6692107,6.6053233,-1.4938747,2.7429461,10.035107,-2.3212044,-2.6662455,-1.0563852,3.6274216,12.717326,-0.68201154,2.686814,5.964911,6.074831,2.5115378,-1.0063485,-0.803437,0.99185437,2.0283446,4.1265535,8.942764,1.4462315,-1.4188548,5.629727,6.422436,-2.2771442,3.1301372,10.339544,-0.58686954,-2.3887634,1.0982425,1.5291766,4.5961695,6.4706335,-2.7341244,3.9531202,5.0588427
152,2.7931468,-2.6358204,-2.7094111,2.5759485,6.9257135,-1.1443461,2.7946045,9.682035,-3.9170458,-0.41197965,-1.1137233,3.049836,12.566601,-0.5063182,3.141142,7.006838,5.721032,0.57450294,-1.0648952,-0.3516652,1.2410926,2.603306,5.1747727,8.438369,-0.74695534,-1.0159411,5.3861547,6.185574,-2.5431309,2.891098,10.334898,-2.613261,-1.1239476,1.1321414,2.2110255,5.2053304,5.47872,-2.4445078,4.1780734,6.443207
153,0.6644441,-2.9129817,-2.237232,1.6564709,7.1446924,-0.43274906,2.951886,9.128051,-4.259207,2.0849347,-0.36935642,2.8239388,12.430612,0.15943693,3.4285142,7.9176583,4.4931927,-1.1625788,-0.54446876,-0.010594481,1.5387688,3.2657504,6.2293296,7.088594,-2.7681215,-0.3639848,5.2533174,5.766373,-2.7762434,2.5872982,10.150311,-3.5755541,0.7246485,1.4192642,2.8366814,5.789602,4.2927,-2.2508597,4.132385,7.3508725
154,-1.4368898,-2.1800723,-1.9529107,0.9636287,7.3192806,0.60851884,3.1996222,8.462497,-3.639073,4.0346727,1.1025801,3.2096846,12.243104,0.86300117,3.5465806,8.437198,2.5581605,-2.1766496,0.15229084,0.3522655,1.8848343,4.040605,7.070518,4.775739,-4.2160597,0.15347308,5.3585286,5.146082,-3.0190256,2.2037027,9.966121,-3.377933,2.5145826,2.2863529,3.466896,6.169005,2.9122646,-2.0960596,3.9010038,7.728519
155,-2.9336336,-0.6318305,-1.671302,0.5192022,7.4579873,1.9147371,3.472089,7.730015,-2.5488112,5.160453,2.9771843,4.1639543,11.858348,1.1632968,3.5790117,8.485325,0.3943783,-2.26058,0.633198,0.8162606,2.29821,4.915221,7.3630443,1.7183962,-4.7520866,0.040298894,5.5617523,4.4002204,-3.2959106,1.6935248,9.895252,-2.2230432,3.7650874,3.6012237,4.107029,6.109299,1.4167197,-1.8601925,3.5613751,7.6948175
156,-3.5385334,1.2435274,-1.1396806,0.37746027,7.5674562,3.3698373,3.664682,6.940572,-1.3704332,5.6303396,5.01934,5.515447,10.962537,0.81813675,3.634828,8.17274,-1.4976753,-1.542585,0.84008,1.3318477,2.8200295,5.8172803,6.7390223,-1.4291428,-4.1646094,-0.780367,5.5461464,3.7298534,-3.5750086,1.0169823,9.936388,-0.3970723,4.3499694,4.9644847,4.6477375,5.4213066,0.01615422,-1.4633082,3.2176344,7.4403043
157,-3.319194,2.9370873,-0.28666604,0.5471465,7.69253,4.800967,3.6499934,6.1114373,-0.26596072,5.7765274,7.130443,6.922867,9.070238,-0.072353326,3.800285,7.689527,-2.8411338,-0.31942248,1.0210274,1.8404689,3.485248,6.58734,5.0121064,-3.7843359,-2.6213186,-1.7029481,5.2431474,3.295877,-3.8265579,0.18848817,9.964815,1.8564104,4.383027,5.9932065,4.9141154,4.121313,-1.0086061,-0.9607778,2.9895651,7.1253014
158,-2.5482135,4.1629453,0.76501375,0.9541481,7.894656,6.008629,3.3050423,5.3188267,0.784419,5.929165,9.200568,7.632535,5.863264,-0.9534046,3.9985862,7.1869583,-3.5925992,1.0744466,1.4685792,2.3469222,4.2779284,6.958648,2.3987477,-4.7859173,-0.8922386,-2.02183,4.921366,3.0257006,-4.0705585,-0.7285442,9.766243,4.3258,4.0212035,6.463918,4.782811,2.5074456,-1.4791827,-0.5037254,2.9434843,6.8451385
159,-1.5151572,4.895085,1.8444272,1.51831,8.206356,6.7862897,2.5712886,4.709224,1.9004441,6.374472,10.908664,6.5262256,1.9917874,-1.1508523,4.024166,6.71195,-3.807632,2.3381405,2.3284647,2.8906758,5.093383,6.613529,-0.48020855,-4.5048437,0.19636999,-1.6616622,4.7798386,2.7223215,-4.328931,-1.6534525,9.098789,6.778884,3.3990662,6.3631372,4.3111067,1.0051628,-1.4336603,-0.18074325,3.0573702,6.6525464
160,-0.42637625,5.251126,2.8461323,2.2145379,8.607108,6.9271903,1.5304885,4.424946,3.2435107,7.308079,11.546954,3.071,-0.6944187,-0.76323986,3.9363928,6.239871,-3.5941412,3.261102,3.564613,3.5091472,5.717067,5.3626056,-2.8576534,-3.427719,0.51121265,-1.0182626,4.79736,2.255114,-4.5637784,-2.4825044,7.7797246,8.963935,2.7219422,5.869891,3.7016296,-0.10192142,-1.0584744,0.05076805,3.2748113,6.5796347
161,0.5996759,5.372786,3.7541947,3.0606298,9.001759,6.2612643,0.42080858,4.4670806,4.986957,8.643398,10.052965,-1.4677445,-0.7405123,-0.48147553,3.9294872,5.7950964,-3.1379654,3.7786198,5.034937,4.203201,5.8383307,3.3613474,-4.1876597,-2.192834,0.4872528,-0.3894709,4.903345,1.6039808,-4.673597,-3.075858,5.7993174,10.681973,2.3661797,5.188774,3.1108599,-0.7613282,-0.5448266,0.2879792,3.5648334,6.638714
162,1.4968323,5.3719096,4.614679,4.067072,9.181246,4.7403064,-0.44994652,4.624898,7.192884,9.622442,5.7326503,-4.632918,0.9625288,-0.01663913,4.043635,5.4032865,-2.6172762,3.9576502,6.5884385,4.857239,5.140723,1.1679466,-4.4024167,-1.3224094,0.49927285,0.17735527,5.048955,0.8162977,-4.5403047,-3.3027332,3.3989837,11.827561,2.7354658,4.297045,2.5590675,-1.0334823,-0.0207838,0.6021774,3.9302917,6.820315
163,2.2191682,5.3280287,5.4957786,5.170317,8.799549,2.5565264,-0.83190876,4.6241455,9.51419,8.697294,-0.31215513,-5.0986223,1.8424557,1.0798289,4.319424,4.9439526,-2.1550958,3.9070034,8.088231,5.161901,3.5271027,-0.48033443,-3.881671,-0.92278457,0.6191258,0.7261493,5.187129,-0.030782377,-4.0882077,-3.1321428,1.0142651,12.321608,3.8684475,2.9106658,2.0664482,-0.9816656,0.4459107,1.0195651,4.3924093,7.0958924
164,2.7251158,5.302859,6.445598,6.1500473,7.470342,0.23050098,-0.6572891,4.4443364,11.162708,4.837159,-4.9820647,-3.7524238,1.1787822,2.116596,4.7427244,4.2953005,-1.8170581,3.7116716,9.385076,4.7105994,1.3902665,-1.1014028,-3.1658988,-0.7579964,0.7953154,1.289434,5.265297,-0.8473592,-3.3215322,-2.6718838,-0.92232984,12.098884,5.229075,0.8537148,1.8570693,-0.66510457,0.8419491,1.5355372,4.9780636,7.418641
165,2.9753313,5.347331,7.444754,6.57819,5.0831866,-1.5128359,-0.18225048,4.370255,11.545946,-0.6892941,-5.8472915,-2.8050537,0.25025067,2.6816807,5.2816763,3.464171,-1.607769,3.423739,10.328226,3.333387,-0.45761642,-0.8075097,-2.5656695,-0.596008,0.999283,1.8761992,5.2336125,-1.5484287,-2.3186374,-2.097994,-2.1836421,11.257616,6.096927,-1.5074446,2.2617671,-0.10489774,1.1948435,2.1372035,5.7108707,7.716997
166,2.9397314,5.4921017,8.36393,5.9423504,2.1668336,-2.1819973,0.12990999,4.5492954,10.682269,-5.252612,-3.0185258,-2.9289784,-0.4021249,2.8949432,5.8388186,2.5042841,-1.4728478,3.0755205,10.8362055,1.3614463,-1.3262197,-0.16071136,-2.0595124,-0.35777152,1.2352531,2.4810798,5.0536075,-2.073273,-1.1950461,-1.5450175,-2.793256,10.106662,6.1916738,-3.4501073,3.2659311,0.82103544,1.5213126,2.8099837,6.6000648,7.881262
167,2.612338,5.7302914,8.967402,4.02669,-0.22183245,-1.9139357,0.12642539,4.8035283,9.034978,-7.2572484,1.537346,-2.580684,-0.50983584,2.9188225,6.3006725,1.492975,-1.318356,2.7065194,10.950454,-0.5362205,-1.0693936,0.37609038,-1.5621796,-0.060626097,1.5179399,3.0912623,4.7025256,-2.3965776,-0.067924984,-1.0593222,-2.9120624,8.978784,5.7301817,-4.555705,4.3816257,2.2539911,1.7851872,3.517082,7.6226354,7.755208
168,2.0382519,6.0156407,9.011086,1.2525686,-1.2134494,-1.3336358,0.057778977,5.0007396,7.219865,-7.054017,5.381652,-0.83205,-0.064503096,3.0402098,6.570159,0.5012291,-1.0505698,2.3880262,10.8040285,-1.7777572,-0.009667469,0.7577455,-1.0778556,0.26125604,1.857308,3.6867697,4.1734467,-2.5264726,0.9638743,-0.6241102,-2.7113717,8.070541,5.031111,-4.924575,5.075312,4.0898967,1.9467616,4.1930914,8.698795,7.154765
169,1.3522003,6.289225,8.398548,-1.50092,-0.69196665,-0.8852463,0.116359144,5.173763,5.628922,-5.8732104,7.4181795,1.709968,0.23997922,3.3177948,6.622356,-0.42947245,-0.6135532,2.223953,10.535174,-2.144829,1.3446457,1.1538546,-0.6479884,0.5926787,2.2577004,4.2366776,3.473542,-2.4914367,1.8292843,-0.20252948,-2.3183646,7.441739,4.27259,-4.8810215,5.1178412,6.0229535,2.0848742,4.783742,9.667017,5.9311914
170,0.7917228,6.5145435,7.2422385,-3.4934993,0.79461396,-0.43712857,0.3253783,5.3676677,4.3518233,-4.587731,7.9793057,4.0560427,-0.0064525898,3.5771043,6.5190926,-1.2306894,-0.015190127,2.3299303,10.226058,-1.7889469,2.5525472,1.6365664,-0.3105385,0.9288779,2.7217722,4.6961493,2.6229753,-2.3229868,2.4894087,0.23518717,-1.8130108,7.0760064,3.4939914,-4.699207,4.546873,7.789467,2.4362504,5.2742615,10.272586,4.079601
171,0.6057962,6.7003517,5.7489486,-4.5177298,2.4490154,0.35125333,0.68061715,5.5870414,3.323013,-3.5185866,7.7704625,5.6861305,-0.63406116,3.7750738,6.367501,-1.8340334,0.670376,2.792746,9.899046,-1.0769858,3.3955946,2.1295953,-0.082427874,1.2638111,3.250008,5.0065618,1.6566813,-2.0432575,2.938777,0.7027237,-1.2384809,6.9232154,2.665761,-4.5181527,3.486652,9.262959,3.311112,5.6417575,10.196702,1.8519775
172,0.8459663,6.905528,4.0658135,-4.7999315,3.6291437,1.5775808,1.1511691,5.786486,2.4420161,-2.6962175,7.2881174,6.5741043,-1.3158549,3.9785087,6.2458487,-2.2342713,1.3381523,3.6283166,9.537214,-0.4056418,3.8814917,2.5424483,0.055667702,1.5920334,3.8359883,5.0993886,0.62920606,-1.6647818,3.2051904,1.1994367,-0.6110993,6.915218,1.7439513,-4.346304,2.0563438,10.350462,4.953918,5.7252336,9.164646,-0.24037543
173,1.2420115,7.172387,2.2657468,-4.660135,4.0406337,3.0675547,1.7024062,5.8693843,1.6349194,-2.0552356,6.7788987,6.9090075,-1.8294667,4.220018,6.1768236,-2.4817376,1.8956249,4.771213,9.08783,-0.065318026,4.1474743,2.8674493,0.1426182,1.9118283,4.4600763,4.9057446,-0.38129324,-1.2045339,3.3475657,1.7179087,0.068902396,6.9668612,0.71065575,-4.0797973,0.40407982,10.842685,7.317904,5.091614,7.21116,-1.6308805
174,1.4542689,7.4300046,0.4603424,-4.260858,3.6975522,4.5521603,2.3639,5.7123604,0.8668503,-1.5192323,6.347311,6.898122,-2.0938048,4.4786153,6.141908,-2.6443465,2.2836263,6.0948515,8.452248,-0.17377825,4.3581977,3.171475,0.20463035,2.2238932,5.085359,4.3740773,-1.2766428,-0.705473,3.4456403,2.2543404,0.8025503,6.9736037,-0.38821566,-3.540433,-1.2014904,10.433482,9.811016,3.275626,5.075567,-2.0437615
175,1.4865217,7.567516,-1.1570148,-3.578279,2.840741,5.7978625,3.1961908,5.180829,0.13505216,-1.0388014,6.036909,6.695249,-2.1253226,4.7212358,6.100502,-2.7841296,2.4749553,7.4402285,7.502803,-0.6660324,4.6232567,3.5437376,0.2405254,2.5279787,5.659278,3.4940844,-1.9528592,-0.24748443,3.5749686,2.818027,1.5742974,6.8179603,-1.4234704,-2.579174,-2.3733928,9.062898,11.558225,0.6670832,4.0110497,-1.6727978
176,1.5902398,7.546397,-2.412981,-2.5436656,1.8820689,6.679257,4.1526313,4.151538,-0.51061535,-0.6123547,5.863903,6.397544,-1.9860388,4.930772,6.0049567,-2.9506953,2.4631693,8.646066,6.152439,-1.3373376,4.932558,4.0510507,0.23048522,2.8196597,6.122079,2.3181498,-2.3181982,0.073739626,3.7738345,3.4349763,2.3371441,6.3950005,-2.2207904,-1.2240064,-2.8093865,7.206904,12.277127,-1.3037916,4.4896774,-0.7996212
177,1.8735577,7.342242,-3.2183547,-1.2017947,1.2829784,7.2295113,4.9770284,2.6042488,-0.92915887,-0.28333434,5.819707,6.0677505,-1.7452244,5.1093235,5.810439,-3.1811402,2.2502732,9.584916,4.4446526,-1.9363492,5.1527286,4.7019086,0.16211471,3.0911772,6.420723,0.9683372,-2.3062053,0.20263888,4.026557,4.1396403,3.0066593,5.6506643,-2.6543,0.27905396,-2.4892879,5.550855,12.41216,-1.6115214,5.643103,0.45440367
178,2.2248476,6.916192,-3.5537462,0.22968823,1.3632562,7.6147065,5.2721453,0.7419024,-0.9309436,-0.07646137,5.868594,5.754374,-1.4565668,5.2698727,5.4784446,-3.499186,1.8360234,10.197246,2.5921295,-2.261215,5.1265965,5.427289,0.06425484,3.3386428,6.5227914,-0.38093585,-1.8887936,0.1829086,4.2853813,4.949181,3.4648585,4.6103344,-2.7118735,1.6118823,-1.6175174,4.502079,12.428768,-0.46731555,6.382349,1.7612151
179,2.5283864,6.2919965,-3.4788144,1.4561257,2.172943,7.97754,4.6838455,-1.0080765,-0.4587313,0.10510774,5.9748826,5.485127,-1.1513028,5.426528,4.9759445,-3.9105697,1.2092623,10.500162,0.9310832,-2.208945,4.8184915,6.112903,0.019717656,3.567266,6.4212985,-1.5464083,-1.1014882,0.16883807,4.522759,5.8262115,3.574554,3.3882446,-2.471967,2.5678895,-0.43673483,4.144637,12.509063,1.2426043,6.274068,2.68862
180,2.800108,5.559893,-3.1391656,2.2816873,3.5233383,8.246202,3.0674067,-2.1595144,0.24282138,0.4539663,6.141709,5.2364655,-0.8477151,5.586516,4.276231,-4.3933153,0.34383765,10.553298,-0.1752188,-1.7996618,4.373793,6.6727343,0.12326335,3.7827656,6.128113,-2.3916454,-0.06859826,0.36291027,4.772856,6.6551504,3.2135882,2.186013,-2.0412195,3.1187909,0.8870655,4.43602,12.653572,2.5876281,5.4275265,3.146771
181,3.1076403,4.7864904,-2.7053082,2.6867101,5.108815,8.083255,0.63502955,-2.378841,0.7509052,1.0454537,6.393983,4.932005,-0.5634782,5.746523,3.3678374,-4.8826003,-0.7909414,10.385156,-0.4417573,-1.202266,4.0183396,7.0959086,0.4086416,3.975222,5.666879,-2.8667412,1.0108819,0.9172106,5.122222,7.249429,2.3373702,1.2672211,-1.5185876,3.3705075,2.2887602,5.3396735,12.716014,2.8490236,4.2521434,3.4114056
182,3.4545853,3.970028,-2.296207,2.7666163,6.6103325,7.0722427,-1.9772203,-1.6519765,0.90155214,1.7423823,6.734499,4.4953747,-0.31507096,5.8959646,2.2721941,-5.2544146,-2.1864905,9.909372,0.23794912,-0.6989,3.8746488,7.4349003,0.82285106,4.113557,5.0743136,-3.008992,1.9303591,1.872874,5.650546,7.3719816,1.049969,0.87428176,-0.9713135,3.4782612,3.7864597,6.817652,12.2797365,1.7070658,3.385415,3.7939885
183,3.7203667,3.0728827,-1.9452657,2.6424181,7.7728095,5.0708947,-3.9689748,-0.42160115,0.9995451,2.4114337,7.126389,3.891477,-0.107446335,6.02373,1.0635455,-5.3250566,-3.7125556,8.905715,1.7060258,-0.5209976,3.8868282,7.77017,1.2734209,4.1546645,4.4035597,-2.9065697,2.5518353,3.166686,6.3520455,6.7598753,-0.370114,1.0891984,-0.3866125,3.5799465,5.440175,8.66674,10.551499,-0.47761053,3.3507442,4.4724755
184,3.6746492,2.0800748,-1.6102172,2.4216747,8.471044,2.4034967,-4.862861,0.5487738,1.3895625,3.0926895,7.4799376,3.1056821,0.07693743,6.121897,-0.12270365,-4.901981,-5.06444,7.175282,3.5293539,-0.6262296,3.9414756,8.172298,1.6807892,4.0573077,3.7207859,-2.6517425,2.8395457,4.665833,7.057424,5.2039757,-1.5376258,1.7114967,0.3413079,3.7901592,7.27574,10.194635,6.709448,-2.58912,3.8333154,5.58528
185,3.1843312,1.0720557,-1.2306615,2.2049787,8.724279,-0.32859856,-4.623005,0.7533939,2.004201,3.8995216,7.658455,2.1187246,0.28019646,6.1854634,-1.1134688,-3.901109,-5.8791385,4.8296213,5.1724005,-0.6292718,4.0106044,8.648398,1.9746317,3.7982836,3.0979116,-2.3115544,2.846638,6.191564,7.396171,2.737094,-2.1045125,2.3060472,1.2998424,4.244103,9.16082,10.021465,1.064097,-3.317995,3.6623938,6.93485
186,2.5014138,0.23697339,-0.80404264,2.0880969,8.638524,-2.5615292,-3.4046166,0.36325538,2.537561,4.885575,7.506755,0.9301369,0.55003977,6.2145414,-1.7589933,-2.444632,-5.9985867,2.36008,6.276976,-0.05581739,4.1427355,9.101697,2.0668967,3.400321,2.6045928,-1.9244703,2.681209,7.5451627,6.9075384,-0.16832311,-1.917928,2.5278597,2.4303231,5.1154203,10.631438,6.8077345,-4.050107,-2.3547664,2.5898454,7.881663
187,1.9121158,-0.31650203,-0.3757666,2.1319718,8.325914,-3.9449232,-1.4908264,0.016714152,2.8655498,5.9748363,6.8755655,-0.38593557,0.8965332,6.2265077,-1.9939897,-0.81299907,-5.58028,0.30816746,6.749975,1.2979327,4.403364,9.343388,1.8664932,2.9621444,2.2917013,-1.5122846,2.4685504,8.563468,5.3408413,-2.692938,-1.1772307,2.4591289,3.5978322,6.486432,10.739919,0.9863458,-5.946503,-1.3927726,1.6999803,8.299418
188,1.4535614,-0.60877514,0.018745223,2.3453474,7.8665633,-4.409247,0.63413954,0.26621595,3.1419969,6.983016,5.6454654,-1.6420339,1.2398357,6.267095,-1.8421681,0.70950055,-4.929334,-1.0567845,6.6422033,3.2855318,4.8584256,9.130613,1.3381683,2.6469617,2.1712723,-1.0919747,2.3153193,9.17267,2.899545,-4.139159,-0.44673955,2.4434364,4.7709246,8.047562,8.354439,-4.679278,-4.196913,-1.7752118,1.0048789,8.495148
189,1.2366812,-0.7265155,0.3682648,2.700642,7.318212,-4.148993,2.449226,1.2397683,3.572486,7.6881537,3.7825449,-2.5663562,1.3982772,6.386885,-1.3579804,1.9310015,-4.293487,-1.7477252,6.062481,5.5770993,5.5152445,8.191544,0.56759363,2.5977752,2.2215676,-0.6813795,2.2857952,9.383246,0.15260307,-4.2551646,-0.2447947,2.5773807,6.015305,8.943385,3.3976252,-7.400358,-1.1560073,-2.1639538,0.24022378,8.570299
190,1.2650293,-0.78496474,0.6780202,3.158567,6.7296233,-3.491954,3.6720588,2.7441275,4.2319436,7.81892,1.4444671,-2.8796475,1.193817,6.581256,-0.57017833,2.7331977,-3.7992914,-1.9160813,5.1757383,7.8170094,6.1809306,6.297509,-0.20041333,2.814103,2.4189472,-0.29856026,2.3975143,9.243345,-2.2492456,-3.1299858,-0.5213258,2.6563635,7.2772737,8.162866,-2.3418353,-6.901604,0.19102941,-1.7728237,-0.24873096,8.537703
191,1.4099798,-0.8557876,0.9517792,3.6836665,6.1374607,-2.7373846,4.3154774,4.5248585,5.0210614,7.046334,-0.92663,-2.4238591,0.67636037,6.772009,0.49246228,3.0177975,-3.4809964,-1.7444272,4.1928782,9.695487,6.3727093,3.5148149,-0.6165045,3.1143,2.740159,0.048179295,2.6314921,8.814171,-3.8139522,-1.1130896,-0.7009006,2.6024766,8.283407,5.369337,-6.451452,-4.6641626,-0.27258542,-1.2807783,-0.4692619,8.459672
192,1.5713679,-0.9583089,1.1862342,4.24711,5.559414,-2.072487,4.5464764,6.3785076,5.6110473,5.162904,-2.6938894,-1.3931345,0.21903287,6.893783,1.6904252,2.7148657,-3.3004425,-1.4049832,3.317035,11.007929,5.543467,0.48935005,-0.48026288,3.3267608,3.1234624,0.37277886,2.9497557,8.176488,-4.379697,1.1724732,-0.25567162,2.6380262,8.766698,1.3316042,-7.773767,-2.6220608,-0.93713087,-0.9166419,-0.537807,8.372359
193,1.6786687,-1.0823979,1.3737829,4.8242793,4.9949317,-1.5746694,4.5436788,8.108087,5.45146,2.4498696,-3.3953528,-0.37960443,0.18222389,6.9719477,2.7298653,1.8622849,-3.139578,-1.0478232,2.6746283,11.71607,3.5838993,-1.7819616,-0.041457225,3.5074801,3.4942067,0.6992077,3.3121068,7.427692,-4.138872,3.0900424,0.90498537,2.977934,8.584239,-2.668978,-6.6248403,-1.9573367,-1.2041596,-0.56980866,-0.4619806,8.294811
194,1.6712302,-1.200503,1.5055574,5.3916726,4.4333396,-1.2483307,4.433681,9.477067,4.0883183,-0.16096427,-3.1188164,0.1522266,0.529131,7.073517,3.3073068,0.66174096,-2.841461,-0.77907413,2.2800517,11.924323,1.0257974,-2.6286862,0.19056842,3.759434,3.8483758,1.032156,3.6815226,6.6569347,-3.4555266,4.328252,2.5538878,3.5731974,7.595074,-5.566074,-3.8000336,-2.2173252,-1.2443675,-0.25487775,-0.23791781,8.243326
195,1.5094076,-1.2746326,1.575839,5.9252324,3.8644695,-1.0594381,4.2860346,10.273204,1.6736784,-1.5802897,-2.459063,0.29823437,1.0113925,7.234623,3.277142,-0.56985337,-2.319451,-0.61883765,2.0706823,11.787256,-1.2900236,-1.998617,0.095134616,4.0158277,4.2493596,1.3650664,4.021625,5.9239435,-2.6460872,4.9327116,4.397318,4.118982,5.75044,-6.8829074,-0.4381456,-2.228809,-1.013449,0.023379277,0.111482084,8.224867
196,1.1793679,-1.2617941,1.589303,6.401786,3.286816,-0.9581794,4.133206,10.435994,-0.9571875,-1.3142426,-1.9467382,0.37170717,1.5060678,7.435445,2.667681,-1.5221504,-1.6302096,-0.49574426,1.9889966,11.452714,-2.676001,-0.3384009,0.12255086,4.2306232,4.7260704,1.697947,4.296064,5.255855,-1.8857301,5.120215,6.1634064,4.162358,3.3436472,-6.8989778,2.1672318,-1.4281825,-0.5069286,0.32795933,0.57124084,8.232018
197,0.6881594,-1.1165695,1.5704238,6.8033185,2.7091796,-0.8925345,3.9925976,10.104547,-2.85267,0.31070843,-1.5168563,0.54317045,2.024518,7.608379,1.6173247,-1.9903197,-0.93594664,-0.316017,2.0293386,11.0436735,-2.8998508,1.5952833,0.7387834,4.4901104,5.2006497,2.0150084,4.473331,4.6600084,-1.2264599,5.117367,7.5950217,3.3287973,1.0494182,-6.2878194,3.400038,-0.066592954,-0.007100081,0.6814015,1.1409993,8.237005
198,0.06516992,-0.79637975,1.5732107,7.121015,2.143357,-0.8168241,3.8786924,9.532682,-3.5480814,2.4562268,-0.773703,0.84880185,2.611291,7.6561375,0.32287672,-1.9003565,-0.38685238,-0.038938634,2.2162673,10.646061,-2.2078748,3.1244812,1.9481176,4.8449483,5.526704,2.2681947,4.5405054,4.1443357,-0.65080595,5.0932813,8.47651,1.6348726,-0.3414781,-5.589375,3.509825,1.3740622,0.29816625,1.0437765,1.8149015,8.188126
199,-0.6334578,-0.27825704,1.6860694,7.353794,1.588965,-0.6958272,3.8061483,8.958056,-3.169292,4.3098793,0.40158707,1.1969378,3.2627044,7.4714794,-0.99286354,-1.2884812,-0.012097532,0.3162903,2.5675957,10.310436,-1.078089,3.9988923,3.4234815,5.2498293,5.5625653,2.4083755,4.520086,3.7284758,-0.11863614,5.148844,8.6983,-0.4059799,-0.34839267,-4.9881887,3.0915122,2.6158142,0.47063598,1.3859516,2.575053,8.0151415
200,-1.33126,0.41352752,2.0205336,7.4948688,1.0180122,-0.5029705,3.791625,8.527305,-2.1272783,5.4972396,1.7417543,1.453097,3.8943613,6.9831796,-2.1099691,-0.2911577,0.30210695,0.7158667,3.083631,10.061,0.056370884,4.3463993,4.8642554,5.6265225,5.2189813,2.4300573,4.470428,3.436294,0.4045109,5.3227587,8.2916975,-2.093012,0.8954485,-4.3083405,2.6615322,3.6070342,0.6403731,1.7043031,3.389714,7.641942
201,-1.9519986,1.1854031,2.672613,7.504462,0.3738674,-0.21498592,3.8598282,8.295709,-0.8118296,6.061108,2.8968923,1.5820087,4.4109864,6.2071457,-2.869767,0.8623672,0.7317823,1.1467359,3.7519898,9.893959,0.9238139,4.416222,6.1406736,5.868006,4.478494,2.3920162,4.46239,3.2803779,0.9372519,5.600122,7.398976,-3.0086,2.730275,-3.2464533,2.5057821,4.3905134,0.8637656,2.0036557,4.21075,7.0049086
202,-2.4434564,1.8821845,3.6613524,7.2842345,-0.39991322,0.18506454,4.053772,8.259869,0.50906396,6.193239,3.6715853,1.6448119,4.7752953,5.2376575,-3.2357368,1.9128636,1.396997,1.6197072,4.549081,9.764705,1.3984133,4.411014,7.2381306,5.8195763,3.4122963,2.3987904,4.5527916,3.252831,1.4825987,5.924692,6.2011657,-3.1915553,4.416638,-1.6898284,2.6332715,5.0004625,1.1195787,2.2910447,4.977746,6.071643
203,-2.7830682,2.332897,4.8779335,6.6921005,-1.3020247,0.6779595,4.4397736,8.3878,1.6477166,6.044332,4.055019,1.7200831,4.9990025,4.187269,-3.2816904,2.6691546,2.3066542,2.1704311,5.437144,9.572544,1.4527636,4.446908,8.169874,5.310837,2.1977081,2.538056,4.7792416,3.3263786,2.028382,6.215378,4.8530135,-2.9312181,5.5390224,0.21713695,2.882539,5.413318,1.373112,2.575182,5.625665,4.851389
204,-2.9545395,2.4148533,6.096184,5.6286135,-2.2278352,1.15453,5.0805345,8.63606,2.4302022,5.6951256,4.163685,1.8613119,5.1038737,3.1397562,-3.118806,3.0579908,3.3931417,2.873968,6.358296,9.149564,1.1314873,4.565965,8.929006,4.235266,1.096434,2.8092644,5.1680064,3.4641488,2.5433435,6.384204,3.4633992,-2.495262,6.052295,2.226726,3.1097314,5.576788,1.6205838,2.8662956,6.0893393,3.3972268
205,-2.9157448,2.1091776,7.06963,4.1529455,-2.9956062,1.4044679,5.9538445,8.953608,2.6807885,5.2196136,4.1808085,2.0891597,5.0962863,2.1427655,-2.83376,3.1047795,4.5755196,3.845157,7.2060676,8.265229,0.55390555,4.749732,9.475697,2.6338794,0.3773131,3.122606,5.720613,3.6332064,2.974259,6.3563094,2.1181898,-2.021635,6.106835,4.131927,3.2586598,5.4680843,1.8851285,3.1748621,6.305492,1.8084353
206,-2.5987663,1.5314413,7.665263,2.5063345,-3.4343395,1.230101,6.8712068,9.27688,2.2934527,4.7492476,4.292397,2.3908033,4.958493,1.225974,-2.4702492,2.8912654,5.7923293,5.1911883,7.7432446,6.6872954,-0.06345641,4.927585,9.746117,0.73555243,0.22487035,3.4119325,6.3857927,3.8051767,3.2538722,6.0946665,0.90847516,-1.5497108,5.899673,5.811194,3.3162148,5.1148086,2.1945412,3.5079038,6.2176394,0.23268148
207,-1.9660726,0.9172018,7.925077,0.9861168,-3.4467692,0.62440264,7.5253997,9.531641,1.3519096,4.4574594,4.6283574,2.716194,4.6528573,0.42410967,-2.0425818,2.527657,6.9953003,6.887668,7.4887085,4.3845654,-0.41467863,5.0181932,9.677258,-1.0868036,0.6629164,3.7759511,7.0700793,3.919571,3.3222094,5.625873,-0.07042948,-1.0869334,5.6121087,7.213363,3.2574852,4.5858307,2.5685856,3.8628914,5.7869596,-1.1507959
208,-1.0888511,0.5410464,7.9961967,-0.21215668,-3.0169554,-0.17632131,7.689392,9.65635,0.16684645,4.4544697,5.2460003,2.9683638,4.1426187,-0.20966874,-1.5620415,2.1392894,8.129362,8.578995,5.7912855,1.8760991,-0.285397,5.043462,9.240614,-2.4802995,1.4976965,4.467557,7.6771727,3.8184307,3.1617987,5.0527887,-0.7515886,-0.64790505,5.385103,8.328779,3.0283933,3.9809148,3.0168784,4.2192984,5.006546,-2.1820757
209,-0.16268475,0.5911048,7.9948688,-1.0450671,-2.202327,-0.8330104,7.3877144,9.631867,-0.8666663,4.697526,6.1358027,2.9991703,3.434025,-0.61069274,-1.0578879,1.8486336,9.131583,9.484634,2.4556727,0.2819944,0.13604547,5.158327,8.46701,-3.3310692,2.3611615,5.675552,8.086058,3.2406428,2.8538475,4.528725,-1.1316628,-0.25283405,5.303495,9.160901,2.5676653,3.4221277,3.539739,4.52846,3.9126887,-2.7798676
210,0.5816002,1.0777745,7.9311314,-1.5673734,-1.1218764,-1.0929343,6.86901,9.477611,-1.4921705,5.028145,7.194403,2.6420984,2.6327827,-0.7354926,-0.57393885,1.7449672,9.952372,8.775272,-1.5033569,0.44809774,0.5738738,5.427049,7.4288173,-3.7952354,2.8911018,7.31384,8.068843,1.9821213,2.6140265,4.182351,-1.2774879,0.08989807,5.3964863,9.703009,1.8497865,3.0342774,4.1323504,4.705286,2.5897274,-2.956342
211,1.0049179,1.8463103,7.7516,-1.8570397,0.07094281,-0.86356425,6.4323277,9.210254,-1.6946504,5.301243,8.213375,1.8077145,1.97051,-0.60259235,-0.13896076,1.8635522,10.552057,6.265009,-4.469883,1.8001913,1.422277,5.804462,6.1153765,-4.105722,2.8676703,9.022517,7.3206277,0.17045671,2.676184,4.0640144,-1.2998773,0.38658664,5.6556926,9.928148,0.9167976,2.9088135,4.7948527,4.6293707,1.1704513,-2.7788634
212,1.1253393,2.6849792,7.429021,-1.9735008,1.2235113,-0.16526322,6.2808614,8.803289,-1.6334015,5.465702,8.963852,0.59895456,1.7270244,-0.2864202,0.25403076,2.1964443,10.8537855,2.553018,-5.694868,2.6561973,3.032129,6.2050934,4.3170285,-4.3874793,2.186095,10.341079,5.7519984,-1.6589427,3.0173626,4.18603,-1.3099567,0.64729387,6.054189,9.795924,-0.12791023,3.0624352,5.5354815,4.163871,-0.16796404,-2.334772
213,1.0857285,3.4461505,6.9936805,-1.9583935,2.2145212,0.94047534,6.4765277,8.165127,-1.5129025,5.538357,9.323336,-0.6794992,2.057495,0.16492553,0.63008446,2.7146618,10.715241,-1.4287641,-5.2336297,2.0020022,4.7003417,6.413639,1.9034885,-4.501519,0.818199,10.936416,3.8173616,-2.9382336,3.2978716,4.5331144,-1.367508,0.8785845,6.555919,9.268955,-1.163847,3.4134555,6.345059,3.1994507,-1.2175168,-1.7416978
214,1.0515565,4.0927167,6.4946604,-1.8555554,2.973217,2.3850625,6.9465394,7.132289,-1.4791198,5.53788,9.331581,-1.6729496,2.8720555,0.79350287,1.0026033,3.3668642,9.981723,-4.701737,-3.1644795,0.5652097,5.5387697,6.30336,-0.7710027,-4.0464697,-1.0192429,10.775707,2.3219707,-3.5179722,3.2394543,5.0033917,-1.4482567,1.083595,7.116978,8.326905,-2.1043067,3.7968788,7.1551538,1.7310559,-1.764994,-1.1618104
215,1.1122954,4.6576796,5.9569135,-1.7187085,3.481147,4.0874953,7.4737434,5.5032477,-1.5469375,5.445795,9.14466,-2.157696,3.8894913,1.6679932,1.3625977,4.059837,8.619721,-6.5329094,-0.04881957,0.045842513,5.7291517,5.793884,-3.044859,-2.6784751,-2.6578279,10.154945,1.7205423,-3.6592155,2.8904195,5.4710617,-1.472942,1.2660295,7.684166,6.972369,-2.9112444,4.014978,7.840833,-0.049205825,-1.6350443,-0.73358494
216,1.2736295,5.181297,5.3741508,-1.5996484,3.7558787,5.923776,7.6627426,3.179043,-1.5641764,5.214307,8.932876,-2.0907178,4.8122034,2.766251,1.6852815,4.6601214,6.8021727,-6.946543,2.7333138,1.330428,5.9219184,4.6568227,-4.4422345,-0.5998301,-3.238359,9.551599,1.7345561,-3.6860702,2.4263856,5.884635,-1.3727049,1.4359592,8.196887,5.2353716,-3.5585535,3.8914487,8.301869,-1.7253482,-0.7730422,-0.430664
217,1.5334419,5.6783233,4.7184124,-1.5310266,3.8280737,7.6918507,6.9893875,0.41775927,-1.3098501,4.849045,8.792197,-1.5429114,5.466147,3.9460943,1.9436257,5.036385,4.810521,-6.59998,4.0744724,3.8708403,6.0116735,2.6865573,-4.8634377,1.3504586,-2.389088,9.282726,1.6816683,-3.7288916,1.9153676,6.2472444,-1.1070672,1.6131688,8.592757,3.1896896,-3.9695928,3.3085763,8.547877,-2.7842436,0.64158726,-0.028382974
218,1.9119726,6.126715,3.9459193,-1.5132927,3.7270787,9.123133,5.0950365,-2.0541756,-0.8074945,4.507172,8.741636,-0.64868015,5.8250666,5.0141196,2.11281,5.1116962,2.8828216,-6.077065,3.8418593,6.4814944,5.4075165,0.13973063,-4.5183153,2.358566,-0.5499715,9.248163,0.9915022,-3.6769984,1.3034825,6.555383,-0.6316015,1.8244334,8.8101015,0.9868609,-3.9744527,2.2576857,8.673719,-2.8392897,2.1781857,0.6875358
219,2.4047167,6.4579124,3.0159833,-1.5056063,3.484312,9.988437,2.200857,-3.3977814,-0.49247357,4.3331175,8.810559,0.41374162,5.953718,5.8129687,2.1643515,4.8909783,1.1806418,-5.557226,2.5043926,8.230161,3.9595797,-2.1538062,-3.79947,2.3312712,1.4425244,9.127356,-0.44997385,-3.2315228,0.5479765,6.771329,0.12341773,2.0958455,8.784951,-1.1120622,-3.3463683,0.9460481,8.7416725,-1.7942033,3.348577,1.666399
220,2.9781847,6.5703053,1.9309467,-1.429015,3.1517918,10.237011,-0.85433894,-3.1657815,-0.681082,4.180257,9.08629,1.516782,5.919211,6.257164,2.074549,4.460642,-0.1788406,-4.9579587,0.6756934,8.887578,2.2558792,-3.476583,-3.084267,1.7481194,3.007874,8.686671,-2.218682,-2.10788,-0.16626008,6.8589215,1.2055497,2.4389367,8.451421,-2.768145,-1.9806772,-0.123496875,8.735165,0.094932936,3.8693283,2.6132028
221,3.6065729,6.373806,0.76282024,-1.1992997,2.8180883,10.021226,-3.100356,-1.5004935,-0.968285,3.880516,9.609638,2.649573,5.712029,6.3120804,1.8628659,3.9588797,-1.1269499,-4.170824,-1.1020174,8.785829,1.0320995,-3.8183403,-2.512241,1.0681275,4.013136,7.8859086,-3.6759527,-0.35337383,-0.36424133,6.8644223,2.5289729,2.8217316,7.762077,-3.7144115,-0.13008103,-0.34559566,8.663179,2.2541454,3.7447565,3.2716367
222,4.2695208,5.8179836,-0.36020505,-0.783436,2.600863,9.573215,-4.0060587,0.8733305,-0.6409587,3.6414645,10.276992,3.7622137,5.2288017,6.0003004,1.6278104,3.5099728,-1.6702759,-3.1871037,-2.4595308,8.360245,0.56688267,-3.6331658,-2.0066748,0.5183339,4.5752716,6.8571553,-4.445857,1.5477158,0.38255677,6.9086213,3.8238044,3.1297293,6.7397456,-3.9284668,1.636707,0.5465366,8.632453,3.9924705,3.150722,3.6314476
223,4.934578,4.8870106,-1.2960064,-0.24227373,2.6092184,9.066653,-3.6853094,3.0304344,0.52465343,3.7984555,10.94161,4.5592613,4.3592215,5.47674,1.5175167,3.1563566,-1.8808001,-2.0947936,-3.2279267,7.888403,0.6942532,-3.3513446,-1.4741926,0.1840385,4.8742285,5.78305,-4.5837827,3.004551,2.071338,7.070989,4.7131457,3.184958,5.53853,-3.617893,2.8334947,2.3080518,8.745322,4.7606993,2.3120856,3.862158
224,5.5460577,3.5949943,-1.9279946,0.2788329,2.8874075,8.585711,-2.6513808,4.4459543,2.2443564,4.4889402,11.449264,4.5467997,3.1815386,5.0305653,1.6338979,2.852802,-1.8542409,-1.0178264,-3.4031281,7.4956827,1.0913099,-3.1788385,-0.8905435,0.09036502,5.06392,4.7732253,-4.369918,3.7091572,4.3137794,7.331592,4.8311634,2.8901122,4.4345684,-3.0350873,3.350993,4.4543295,8.943595,4.271961,1.4932352,4.1179595
225,5.9994836,2.0112426,-2.1739438,0.62218153,3.3771024,8.177516,-1.4280605,5.142132,4.2017417,5.7030106,11.468494,3.3381214,2.1172676,4.88143,1.9632254,2.5204334,-1.6773933,-0.06107713,-3.0811124,7.2291083,1.4748588,-3.1333184,-0.280571,0.24032457,5.240863,3.8352718,-4.0598974,3.676639,6.626777,7.550052,3.9470525,2.3934772,3.6815197,-2.3507297,3.3868897,6.559001,8.910239,2.562775,1.0073452,4.438143
226,6.128985,0.29653013,-1.9804387,0.7245886,3.9445717,7.894522,-0.3278119,5.4082522,6.283208,7.2675133,10.32945,1.0830433,1.7204264,5.021158,2.3709166,2.1018145,-1.4121578,0.7169139,-2.3946135,7.097698,1.66174,-3.1431336,0.3029564,0.62696517,5.4411016,2.9098907,-3.7857926,3.0706275,8.600244,7.444561,2.1347404,2.0557673,3.3434024,-1.6565793,3.2265718,8.342393,8.134049,0.10681975,1.0742083,4.842671
227,5.759855,-1.3214436,-1.3575902,0.691075,4.4723277,7.783664,0.5589361,5.539927,8.460682,8.529375,7.266078,-1.2505811,2.0203648,5.409604,2.6475616,1.593914,-1.0892736,1.3060503,-1.4701781,7.081566,1.5585319,-3.120253,0.7891401,1.2237897,5.6450353,1.9189336,-3.5543497,2.075387,9.942733,6.7432475,-0.11009078,2.1507192,3.3365448,-1.0101595,3.0927007,9.648034,6.228025,-2.2539504,1.5059899,5.4462175
228,4.826447,-2.6243024,-0.4522142,0.7542989,4.943673,7.847171,1.2713504,5.7440124,10.526774,8.145995,2.5273788,-2.3495283,2.2160623,6.025589,2.670254,1.0418802,-0.72046894,1.7348766,-0.40973535,7.13011,1.1371312,-2.9891307,1.1087941,1.9686491,5.7870502,0.8158029,-3.2689652,0.8756073,10.545377,5.477323,-2.095833,2.5750191,3.6187055,-0.44803143,3.100897,10.398566,3.274436,-3.726673,1.6441371,6.24138
229,3.544916,-3.4520278,0.4484077,1.1187896,5.4423776,8.026336,1.8817661,6.11819,11.898805,4.9802914,-1.6753988,-1.9477768,1.8431073,6.608837,2.5311296,0.5098069,-0.3225271,2.0587735,0.71241814,7.1595345,0.42324692,-2.6859152,1.2282046,2.7628875,5.7795196,-0.36478037,-2.773814,-0.31175974,10.53149,4.0095024,-3.4066749,2.9457314,4.1905804,0.03795243,3.2746353,10.551136,-0.13243587,-3.8391616,0.99269575,6.8758316
230,2.3536758,-3.7816005,1.0769395,1.821397,6.083912,8.224719,2.4243882,6.616971,11.7946825,-0.10329978,-2.8613904,-1.3761599,1.4080637,6.996576,2.3521647,0.048484385,0.07934343,2.3452387,1.8455948,7.055016,-0.5007358,-2.1562939,1.1845225,3.5002444,5.5534573,-1.4900821,-1.9463507,-1.2208941,10.191605,2.6989858,-4.0507593,2.9574437,4.9676266,0.5236471,3.58119,10.091256,-3.1112165,-2.4299157,-0.029339233,7.0815454
231,1.4137896,-3.7402363,1.3393939,2.745592,6.9594107,8.330045,2.8336964,7.0274887,9.891587,-4.4863625,-0.8843595,-1.2604614,1.1394017,7.264472,2.1392171,-0.3163775,0.46310416,2.6575506,2.9514596,6.6841655,-1.4953314,-1.3804245,1.1020707,4.1158648,5.091791,-2.386181,-0.8093854,-1.5818701,9.836298,1.6354177,-4.2185893,2.5436268,5.7910085,1.1504519,3.9615412,9.073864,-4.919834,0.06879189,-0.2875883,7.0896025
232,0.41206032,-3.4301996,1.260855,3.7209423,8.110241,8.189567,2.9154656,7.088456,6.8112216,-6.5476575,2.137667,-0.56304806,1.1395643,7.462821,1.8631521,-0.56975955,0.8114762,3.0432172,3.9861572,5.926967,-2.3889427,-0.4260654,1.1632861,4.613132,4.419668,-2.940769,0.43730623,-1.2207599,9.648772,0.6680589,-4.0429196,1.7935718,6.5093584,2.078075,4.3212733,7.6305027,-5.437138,2.550392,0.9504971,7.111826
233,-1.0016071,-2.7973301,0.916324,4.5710187,9.49017,7.5582128,2.456207,6.7720313,3.6449053,-6.8038855,4.05604,1.1374621,1.5094773,7.5769935,1.4497012,-0.68644065,1.1112851,3.5264614,4.880606,4.7174883,-3.0293107,0.52011347,1.5236859,5.028564,3.559277,-3.1555645,1.5144817,-0.14804736,9.5899105,-0.41611618,-3.5074844,0.8660802,7.002549,3.394057,4.488772,5.9110885,-5.130713,4.0384126,3.3353422,6.751943
234,-2.6467483,-1.786924,0.51129043,5.167425,10.897979,6.1315455,1.5076438,6.3848176,1.0996722,-6.3419604,4.290486,3.2394283,2.1721294,7.498768,0.85078096,-0.6221508,1.3609301,4.102483,5.527129,3.0841987,-3.3214808,1.2074561,2.2097597,5.3619213,2.5071006,-3.1038818,2.2043574,1.4230117,9.411062,-1.70101,-2.4761028,0.010058391,7.195218,5.0029926,4.209694,4.0785637,-4.5245214,4.324956,5.854479,5.410686
235,-3.8078792,-0.6943598,0.36718166,5.557264,11.960737,3.769673,0.5644512,6.22262,-0.71269554,-5.6516666,3.2842808,5.09868,3.1691716,7.0304527,0.08184775,-0.33899343,1.5904977,4.738362,5.784522,1.1778044,-3.2195802,1.4582924,3.0799901,5.552855,1.2705156,-2.8508787,2.4324439,3.138574,8.802543,-3.0149834,-0.87782127,-0.3904563,7.143323,6.564026,3.2586832,2.423001,-3.8688328,3.7705266,7.660096,3.0634372
236,-3.936624,-0.029608587,0.5942865,5.9544597,12.274004,0.7593451,0.266516,6.2462115,-1.9735472,-4.726307,1.7014395,6.342974,4.543773,5.917503,-0.7845602,0.14544962,1.8775514,5.385111,5.5104003,-0.72916615,-2.7156453,1.2995634,3.9066901,5.530016,-0.0706898,-2.4135995,2.2794757,4.641783,7.620219,-4.028525,1.0248075,0.06677761,7.0995603,7.5824695,1.6488973,1.3990622,-3.2177641,2.8873844,8.54178,0.39702174
237,-3.0300295,0.10141576,0.98829067,6.5128984,11.580125,-2.242052,0.8543526,6.2962637,-2.8979986,-3.4561303,0.18576173,6.83933,6.0429463,3.9805756,-1.5418367,0.6907296,2.3219297,5.9866295,4.613428,-2.302314,-1.8935803,0.97676075,4.536676,5.261533,-1.3557678,-1.7878131,1.950303,5.7318497,5.992638,-4.555938,2.6488037,1.522665,7.337986,7.5886087,-0.25237173,1.3593422,-2.5588248,2.0940347,8.779694,-1.7854942
238,-1.4309312,0.09008551,1.3688468,7.199748,9.829804,-4.617632,1.9450954,6.402477,-3.6195753,-1.8257394,-0.7402233,6.740238,7.1567492,1.3941953,-1.8301289,1.0505992,2.9491768,6.46483,3.1097012,-3.2628472,-0.99447906,0.7920696,4.978273,4.747491,-2.4131854,-1.0115565,1.7011836,6.41703,4.1693363,-4.678723,3.4726324,3.715395,7.8407702,6.2328377,-1.8611481,2.169313,-1.7936524,1.6275742,8.71703,-3.0563285
239,0.38499704,0.35961094,1.7664518,7.871001,7.151846,-6.1436715,2.7614691,6.6682715,-4.1032624,0.050136868,-0.76848304,6.4639573,7.4803786,-1.2598865,-1.3580865,1.1315349,3.6424325,6.703032,1.1758616,-3.4791157,-0.33250412,0.8809988,5.324568,3.993549,-3.1386397,-0.20490655,1.7355185,6.8096957,2.3103766,-4.554657,3.3144534,6.072393,8.175315,3.4596078,-2.6796737,3.1587539,-0.80029076,1.5528995,8.531762,-3.3905761
240,1.9820125,1.0470117,2.29431,8.34337,3.7794385,-6.882972,2.5680745,7.059932,-4.1013827,1.904321,0.17540625,6.4163866,6.8758793,-3.3681018,-0.19804879,1.226964,4.277364,6.564818,-0.8491589,-2.9712136,-0.059803378,1.1577615,5.635398,3.020155,-3.5124855,0.45809627,2.1169062,6.977689,0.46305034,-4.2049847,2.326471,7.9115767,7.732583,-0.13920936,-2.5450056,3.6451254,0.36251006,1.8107938,8.260005,-3.0156653
241,3.126762,2.0566552,3.0026317,8.362193,0.07657958,-6.74149,1.0430907,7.3938746,-3.2324948,3.3495662,1.8970852,6.641664,5.314298,-4.6349816,1.1293057,1.7732295,4.8652315,5.9125905,-2.5771947,-1.8984853,-0.028047118,1.4767354,5.9096937,1.8867817,-3.5633988,0.8318445,2.7497938,6.890114,-1.3083194,-3.485419,0.92927766,8.80123,6.2997265,-3.4079251,-1.7361795,3.575681,1.483839,2.314637,7.8879743,-2.2615585
242,3.8197474,3.2461886,3.8264794,7.6073,-3.2973235,-5.3255086,-1.3329358,7.3933735,-1.2626994,4.107284,3.862669,6.7327194,2.8819206,-5.063609,1.9045322,2.8620145,5.424842,4.6275334,-3.7240176,-0.5900756,0.078120895,1.7969147,6.111798,0.68725246,-3.3203325,0.875904,3.4424882,6.488392,-2.8241923,-2.2598455,-0.27850363,8.889832,4.279875,-5.489671,-0.86894804,3.3940742,2.466812,2.995849,7.3985095,-1.439134
243,4.19756,4.5176334,4.5474668,5.8864956,-5.5072074,-2.6411724,-3.1746926,6.9432397,1.5051152,4.3079467,5.387181,6.1404366,0.06893412,-4.760208,1.71441,4.091353,5.8521214,2.717755,-4.1816587,0.50192714,0.46726465,2.1726213,6.186549,-0.47583923,-2.791464,0.6785345,4.0215693,5.7950335,-3.8649333,-0.6428525,-0.7398739,8.71926,2.1399202,-6.308285,-0.4905042,3.3497,3.3936234,3.7713816,6.7654223,-0.7540563
244,4.416234,5.7872157,4.7941265,3.4177034,-6.2167897,0.2304777,-3.334109,6.3136773,4.324589,4.383921,6.044733,4.66374,-2.252629,-3.9035497,0.8104592,4.93511,6.017419,0.44629166,-3.9881423,1.0338413,1.0977932,2.6555839,6.062593,-1.5051444,-1.9889154,0.42391443,4.4243665,4.9307847,-4.3499117,0.9741564,-0.19087611,8.65246,0.0013050971,-6.088485,-0.76930785,3.2880366,4.3894944,4.5494184,5.9331837,-0.27905765
245,4.588115,6.9243393,4.1903677,0.85954756,-5.887422,2.063401,-2.036182,5.8223953,6.636035,4.540558,5.73056,2.6706731,-3.4365368,-2.842272,-0.1592243,5.2271523,5.866693,-1.7399408,-3.241093,1.0036677,1.7742873,3.255456,5.667474,-2.3177495,-0.9801254,0.32427672,4.702142,4.020929,-4.3932223,2.1749375,1.2412089,8.538566,-2.1458375,-4.8814907,-1.4811219,2.949306,5.4882846,5.256551,4.82002,0.01895482
246,4.777051,7.739214,2.6298227,-0.98239076,-5.2180066,2.6248631,-0.21047546,5.6576066,8.286636,4.515541,4.5495415,0.8738162,-3.5275502,-1.9286556,-0.77107126,5.1687245,5.424476,-3.4485452,-2.0739388,0.7380713,2.3450701,3.9372847,4.95575,-2.8656526,0.08523925,0.54250824,4.9399853,3.107739,-4.190056,2.7529583,3.1150825,7.8914394,-4.083931,-2.6974354,-2.0974727,2.3173003,6.5602617,5.8204403,3.3714004,0.23431228
247,5.029032,8.038554,0.46144125,-1.5255833,-4.644164,2.398809,1.5207105,5.989812,9.269805,3.80329,2.9554725,-0.16569868,-3.0466998,-1.2514279,-0.9884408,5.0116744,4.774039,-4.5092053,-0.7098051,0.65163314,2.805219,4.612141,3.9300525,-3.1448414,1.0088855,1.1332216,5.1661325,2.149547,-3.8856275,2.7354178,4.883099,6.391908,-5.3902245,0.009254616,-2.0423765,1.7207083,7.421906,6.101674,1.6477026,0.47844684
248,5.3999944,7.709283,-1.6490699,-0.684986,-4.1863036,1.9233704,2.9761016,6.8995805,9.430703,2.111755,1.7593325,-0.4219933,-2.4546084,-0.7157031,-0.9171216,4.902454,4.0106993,-4.9753556,0.5558066,0.99511856,3.2471385,5.1455035,2.6449935,-3.1733336,1.618978,2.0228515,5.3192487,1.0842029,-3.5185306,2.2811441,6.157917,4.231725,-5.8725324,2.3317926,-1.1070907,1.5008184,8.039717,5.87628,-0.13698436,0.8107496
249,5.9239106,6.768236,-3.1354234,1.0722249,-3.5522175,1.5635922,4.1815124,8.230983,8.368198,-0.2162201,1.6140876,-0.25569084,-1.9082053,-0.24420384,-0.6466233,4.894101,3.196538,-5.0197306,1.4689229,1.7764282,3.7575784,5.377137,1.2061185,-2.9601433,1.8411062,3.0371833,5.288061,-0.089681566,-3.0357678,1.5925121,6.857792,1.9303141,-5.722265,3.5838735,0.4455719,1.7218742,8.484277,4.9562654,-1.6860288,1.1440322
250,6.523991,5.3759327,-3.839605,2.9869783,-2.478029,1.4766997,5.240609,9.514536,5.71378,-2.2422786,2.362647,0.121674605,-1.4174753,0.18742365,-0.23326723,4.9822636,2.3520706,-4.8190494,1.9035203,2.838814,4.361945,5.1387615,-0.22268233,-2.507529,1.7368809,3.9777668,4.98671,-1.2649816,-2.3634696,0.8878679,7.136944,-0.07092829,-5.1940317,3.6911576,2.1726243,2.3448648,8.731694,3.3081408,-2.723502,1.2433611
251,7.00764,3.834605,-3.9430327,4.4453382,-0.9589567,1.6242058,6.2449584,10.051352,1.7131704,-3.0545013,3.0781968,0.7221541,-1.0062532,0.590986,0.28767988,5.1283145,1.4737809,-4.485436,1.8630638,3.965797,5.009413,4.29624,-1.4223324,-1.8662064,1.4878497,4.7191954,4.4056726,-2.2648113,-1.4998115,0.38883117,7.2156568,-1.576095,-4.3842545,3.0078905,3.721174,3.3951874,8.575296,1.0845746,-3.0212982,0.9145294
252,7.234839,2.4903314,-3.7070062,5.222368,0.8167561,1.9295402,7.173981,9.202625,-2.5242639,-2.3809943,3.1213677,1.3827116,-0.68878657,0.9717174,0.8949144,5.271754,0.55803114,-4.0489616,1.4433206,4.9461207,5.5727735,2.8362596,-2.1643603,-1.1888763,1.3017668,5.253321,3.598847,-2.9459066,-0.5594675,0.26955017,7.239266,-2.5717418,-3.2900376,2.0440679,4.9067106,4.821293,7.63002,-1.3251863,-2.4353302,0.27210155
253,7.275788,1.5140429,-3.3198204,5.401108,2.649346,2.4165585,7.8747663,6.7785096,-5.649455,-0.8495826,2.9147577,1.8649809,-0.41235968,1.3257848,1.5707196,5.337291,-0.3762693,-3.476339,0.8043262,5.621733,5.8890905,0.9527663,-2.2906327,-0.671677,1.286532,5.6389914,2.637826,-3.2641172,0.27387616,0.58548886,7.2215123,-3.1235633,-1.9491148,1.2871133,5.709017,6.28617,5.5315013,-3.2798817,-1.1645993,-0.20003471
254,7.2948728,0.796737,-2.876728,5.167568,4.4299293,3.1632612,8.065713,3.210077,-7.0247545,0.21978205,3.080078,2.1550083,-0.14687183,1.652993,2.2903075,5.244364,-1.2726737,-2.7175293,0.15062194,5.945008,5.8485503,-0.9754574,-1.7808434,-0.3843222,1.4175662,5.925443,1.5925255,-3.2525861,0.8458107,1.2464957,7.089563,-3.3221211,-0.50608355,1.0678089,6.2619915,7.206496,2.3756433,-4.1655416,0.05453656,-0.07097252
255,7.327496,0.13193436,-2.3984349,4.6890273,6.1164665,4.1323442,7.325286,-0.6035608,-6.7665005,-0.07914172,3.4047847,2.4072075,0.08980237,1.9625403,3.0208075,4.923473,-2.043438,-1.7687936,-0.30577913,6.007556,5.453164,-2.559641,-0.77994454,-0.18072185,1.6359156,6.1251583,0.5368237,-2.963678,1.1057717,2.0676486,6.785006,-3.2687502,0.8328177,1.4974681,6.766956,7.041077,-1.0833215,-3.7866185,0.5286431,0.52463466
256,7.3304496,-0.54943746,-1.8593614,4.1146717,7.6521873,4.990128,5.3002124,-3.5349443,-5.2938423,-1.3386574,3.3456964,2.8265216,0.31106746,2.2648668,3.7216663,4.336017,-2.602113,-0.7170116,-0.40328744,5.9844384,4.776469,-3.5922196,0.4299496,0.1833,1.9386103,6.219105,-0.4549533,-2.435695,1.1213263,2.867679,6.3246913,-3.066006,1.8955058,2.5114346,7.2952185,5.525189,-3.8292682,-2.4876688,0.382263,1.1362954
257,7.283619,-1.1772522,-1.2296746,3.6138868,8.925802,5.1110005,2.2648182,-4.760373,-3.4439387,-2.4541063,2.867787,3.4404888,0.5795439,2.564227,4.340205,3.4896934,-2.900201,0.27562067,-0.07939325,6.0193424,3.8790946,-4.0873394,1.5236621,0.86326253,2.3572574,6.157128,-1.3194486,-1.7009406,1.0427687,3.5476604,5.7760415,-2.803688,2.6028233,3.9400165,7.613173,2.7768254,-5.1697054,-1.1013628,0.24930821,1.6015062
258,7.162933,-1.6784351,-0.51425856,3.368928,9.816072,3.9860864,-0.6539406,-4.427942,-2.0908787,-2.9051387,2.2553744,4.097793,0.97202826,2.8595138,4.809529,2.4429076,-2.9365118,1.043407,0.6171538,6.142361,2.7741554,-4.1765165,2.2446077,1.849937,2.8964622,5.857123,-2.007724,-0.8183786,1.0461478,4.104027,5.192028,-2.5503805,2.9650793,5.531353,7.209279,-0.5964748,-4.976781,-0.45544282,0.38994116,2.0301795
259,6.9406853,-2.033711,0.23342495,3.5175593,10.2330265,1.7217482,-2.2320998,-3.4838517,-1.338203,-2.8614023,1.672405,4.683249,1.5418495,3.143003,5.0547843,1.2981198,-2.737345,1.494828,1.5511392,6.269795,1.4614208,-3.9788907,2.4678617,3.005035,3.5163424,5.2238674,-2.4865685,0.09998876,1.2751939,4.5833254,4.5688596,-2.3501854,3.0453033,6.9741454,5.636876,-3.5622587,-3.6192448,-0.59388256,0.6055571,2.505898
260,6.607225,-2.263735,0.9279833,4.093268,10.073745,-0.9725037,-1.9771516,-2.763145,-0.81127316,-2.5688221,1.1823218,5.1643047,2.305119,3.3897321,5.0080223,0.1885321,-2.3378494,1.6503966,2.5521977,6.2608123,-0.006703114,-3.5321949,2.2169635,4.1303554,4.1442575,4.192519,-2.7422605,0.8980442,1.7938484,5.0195,3.8470097,-2.2160757,2.9195871,7.996664,2.984792,-5.197332,-1.9410678,-0.8627408,0.7665273,3.0271962
261,6.1618733,-2.4103994,1.4848119,5.0006227,9.210099,-3.239029,-0.20152378,-2.3123057,-0.2375273,-2.146661,0.83442414,5.550217,3.233839,3.541729,4.6331735,-0.74246585,-1.7879642,1.6279141,3.4782665,5.984708,-1.4818296,-2.8129795,1.6692138,5.0457516,4.678932,2.780496,-2.7718937,1.4261338,2.5618513,5.3946843,2.9467828,-2.1182966,2.652473,8.492467,-0.060623232,-5.238426,-0.852673,-0.8278613,0.92284566,3.5681636
262,5.5982604,-2.521807,1.8456066,6.0427246,7.6147685,-4.5627155,2.2213442,-1.5877811,0.4413126,-1.6409303,0.6636425,5.8709416,4.249432,3.4995084,3.9628563,-1.3743114,-1.1679538,1.5838727,4.259841,5.368728,-2.7507527,-1.8332506,1.1267879,5.676138,4.989001,1.1208943,-2.5616086,1.6113566,3.4476721,5.6419215,1.8264705,-1.9796385,2.2972665,8.54739,-2.6529822,-3.9503784,-0.5711957,-0.5813632,1.1119986,4.1104336
263,4.9026327,-2.6345565,1.9839642,6.999729,5.470739,-4.990725,4.27054,-0.20558411,1.0180637,-1.1150678,0.6681663,6.1697254,5.22404,3.1417174,3.133283,-1.6496481,-0.5752055,1.6407678,4.892909,4.4123116,-3.6349602,-0.7353451,0.897914,6.0891175,4.929753,-0.551922,-2.0907502,1.5142714,4.2882156,5.678366,0.53861946,-1.6975834,1.9190516,8.350706,-4.208092,-1.8091514,-0.57875586,-0.27988914,1.3440204,4.6391582
264,4.0546193,-2.7563574,1.8958513,7.7155967,3.101095,-4.88055,5.318904,1.6501254,1.1538637,-0.6705475,0.80285394,6.4904966,5.9963613,2.3875802,2.379738,-1.5978204,-0.07615449,1.8474028,5.3912215,3.1721196,-4.0695057,0.2249903,1.1342604,6.415842,4.382514,-1.9709358,-1.3928767,1.3278904,4.9771595,5.438795,-0.7623985,-1.201099,1.621575,8.0762,-4.561203,0.56659853,-0.28233466,0.0735691,1.6410072,5.1349363
265,3.0346951,-2.8528824,1.5903087,8.139459,0.83469635,-4.490281,5.307188,3.4564376,0.7481514,-0.32600516,1.0186021,6.8614907,6.399925,1.2783868,1.9583782,-1.3108915,0.32716694,2.1935618,5.7442446,1.7403103,-4.085435,0.81169176,1.760791,6.71985,3.3002856,-2.919906,-0.6228377,1.2794893,5.5125227,4.8857174,-1.8847635,-0.515488,1.5422605,7.8112445,-3.9220514,2.5846038,0.48350975,0.45568088,2.0196486,5.565174
266,1.8502084,-2.843153,1.0942105,8.315153,-1.0446749,-3.8491733,4.560721,4.797594,0.062361132,0.022726495,1.310106,7.286362,6.2966957,0.008007598,2.0162435,-0.8691391,0.6769686,2.6477046,5.906882,0.23502503,-3.7319574,0.94048184,2.5451558,6.9492626,1.7565217,-3.2790651,-0.021431424,1.4808443,5.948808,4.0059958,-2.685542,0.21639402,1.7895808,7.565616,-2.7079546,3.9462743,1.4880936,0.76741403,2.4546776,5.8805485
267,0.56927556,-2.61553,0.4756544,8.342419,-2.305413,-2.9035852,3.580255,5.583096,-0.523719,0.45887545,1.7272692,7.742892,5.6060834,-1.1486697,2.493341,-0.27670944,1.0148593,3.1750827,5.813922,-1.199345,-3.0361185,0.72351384,3.2432816,6.998225,-0.023241814,-3.0198092,0.24736868,1.8640913,6.3137283,2.8239021,-3.1049573,0.78999233,2.3595698,7.333617,-1.3465385,4.6894016,2.4176862,0.9566748,2.894602,6.0250497
268,-0.6730044,-2.0759602,-0.12645084,8.326279,-2.8102188,-1.7098649,2.8489802,5.9567485,-0.8040508,0.95407367,2.333122,8.173469,4.318328,-1.9604408,3.1359978,0.5120795,1.3584405,3.7292035,5.4082494,-2.4041736,-2.0451026,0.41906533,3.7377584,6.794431,-1.7089573,-2.193167,0.2492129,2.2793362,6.5830684,1.4286085,-3.136305,1.0489746,3.1156824,7.147103,-0.1339039,5.010308,3.0995803,1.0595163,3.3025723,5.9556513
269,-1.7151783,-1.2167604,-0.50230336,8.329558,-2.5825608,-0.4812553,2.6357293,6.0911555,-0.8150205,1.431165,3.145718,8.455688,2.5039082,-2.303316,3.6289613,1.4954008,1.7108151,4.239773,4.6753964,-3.2485147,-0.89706707,0.30795184,4.0788484,6.327929,-3.0057292,-0.95512027,0.25684378,2.6545157,6.704702,-0.024470415,-2.7820983,0.98171633,3.8647547,7.0765963,0.8045375,5.0912046,3.5203662,1.142419,3.6652427,5.658587
270,-2.4376273,-0.15869224,-0.4369523,8.352039,-1.8333871,0.543315,2.918334,6.0727363,-0.7116175,1.8440448,4.122463,8.385484,0.3427826,-2.1327374,3.777831,2.5701716,2.0891767,4.6189404,3.6659474,-3.67927,0.1805277,0.55898124,4.3922305,5.614388,-3.7846127,0.42033672,0.5614347,3.0409555,6.614104,-1.3562545,-2.053276,0.7458778,4.4710703,7.1834345,1.4633228,5.0374885,3.7481055,1.2557267,3.9796684,5.1548223
271,-2.81155,0.8849299,0.17915809,8.349238,-0.9057407,1.2527236,3.4963841,5.9171968,-0.6297583,2.1885834,5.1762004,7.7207413,-1.8493071,-1.4772893,3.6455472,3.5875976,2.529044,4.778437,2.486642,-3.7304347,0.9692319,1.1697254,4.7502027,4.6560893,-4.09749,1.6129588,1.2988206,3.5142283,6.229093,-2.4178143,-1.021875,0.6040721,4.9268394,7.4621015,1.8745658,4.8933816,3.8697464,1.425786,4.2414594,4.491977
272,-2.8923185,1.7092068,1.2838254,8.269445,-0.15068795,1.6930904,4.171119,5.6220717,-0.6304295,2.4745672,6.188854,6.2934427,-3.6812782,-0.5442373,3.5289564,4.46337,3.0253243,4.6375704,1.276539,-3.4836757,1.3660103,2.0053866,5.1239505,3.4463222,-4.084963,2.3721197,2.4131215,4.069417,5.453458,-3.1240053,0.12773447,0.7991197,5.339086,7.8173366,2.045728,4.684863,3.9676735,1.6615078,4.4385595,3.7274034
273,-2.7695043,2.2038646,2.67937,8.070392,0.198317,1.9904078,4.839371,5.183554,-0.7143371,2.7040226,7.025022,4.1319885,-4.842996,0.21442005,3.6971881,5.227389,3.4626114,4.140384,0.19822672,-3.0306454,1.4160329,2.8878443,5.417126,2.0079327,-3.8632224,2.5857782,3.7126389,4.603686,4.2201543,-3.4608915,1.1228101,1.4379692,5.853694,8.078964,1.9410872,4.459757,4.1167636,1.9575787,4.548011,2.9146178
274,-2.518359,2.3709412,4.1290765,7.709559,0.08335138,2.259382,5.482218,4.587565,-0.8547137,2.8690875,7.5628467,1.5054045,-5.1763787,0.32782903,4.083389,5.9779415,3.6413531,3.309265,-0.57958484,-2.468545,1.2678142,3.6801805,5.517388,0.43306664,-3.4612758,2.2929826,4.9455824,4.962097,2.5657947,-3.4606297,1.7118864,2.4498975,6.577483,8.019453,1.5158591,4.3027,4.3844733,2.2901819,4.5350494,2.102206
275,-2.1822302,2.2928777,5.439604,7.139178,-0.40061525,2.5479012,6.1143007,3.8083472,-1.0125664,2.9604626,7.7386093,-1.1296635,-4.583043,-0.2760273,4.3125563,6.7966576,3.4056714,2.2917428,-0.9486268,-1.8956013,1.0867456,4.328034,5.3351674,-1.1087918,-2.8396935,1.6800494,5.8938475,5.005368,0.68221927,-3.1569543,1.7920629,3.6279516,7.527071,7.36952,0.7933682,4.29913,4.828898,2.6075165,4.3578267,1.343453
276,-1.7839694,2.0907788,6.5009303,6.3222165,-1.0768619,2.8211937,6.7392673,2.8295991,-1.1320808,2.9768586,7.5794883,-3.2531238,-3.0383189,-1.0918367,4.1147304,7.6448426,2.7609878,1.3294737,-0.9306775,-1.3767861,0.98299026,4.844401,4.830246,-2.414582,-1.9813374,1.0473844,6.47932,4.664575,-1.1211874,-2.5742252,1.4764544,4.7242117,8.576877,5.8856564,-0.05621166,4.444581,5.487729,2.824435,3.9839447,0.705112
277,-1.346412,1.8880996,7.288247,5.2505817,-1.7643393,2.982843,7.3256917,1.6861076,-1.1342404,2.9346259,7.1949234,-4.480674,-0.820666,-1.3893062,3.669068,8.352857,1.8679963,0.6559807,-0.66080284,-0.9195783,0.99842316,5.2653995,4.022164,-3.327848,-0.9839788,0.6998768,6.7936764,3.9436119,-2.5450265,-1.7782425,1.0499613,5.5718937,9.425926,3.5191472,-0.7038715,4.5862584,6.3321166,2.8410118,3.4226599,0.25949162
278,-0.89939374,1.7805904,7.833369,3.947687,-2.3207288,2.9248,7.815316,0.50467473,-0.93379545,2.8806887,6.7193484,-4.7425265,1.4647756,-0.79021126,3.4084215,8.772672,0.9033052,0.40284294,-0.2898344,-0.49717158,1.1361592,5.615511,2.9776495,-3.7965815,-0.05645707,0.8020564,6.988418,2.880836,-3.4142087,-0.92992646,0.80825245,6.1742444,9.684253,0.59594023,-0.7832275,4.5669446,7.206539,2.5944784,2.759202,0.05325163
279,-0.46682522,1.820141,8.180432,2.4656897,-2.635141,2.5850475,8.160923,-0.4974721,-0.49027452,2.8998263,6.2451653,-4.2683835,3.257892,0.5829339,3.576059,8.829834,-0.040918626,0.5877014,0.09945793,-0.08629366,1.3880236,5.8937306,1.7852746,-3.8584754,0.5906439,1.3132349,7.130348,1.5336108,-3.6872528,-0.24988572,0.88510764,6.6637716,9.066165,-2.243816,-0.15245184,4.5299697,7.88151,2.0836866,2.1506712,0.07689619
280,-0.053648543,2.0196953,8.349859,0.89439064,-2.600063,1.9965333,8.358512,-1.0855349,0.13983853,3.0877602,5.797926,-3.4108083,4.351339,2.3917837,4.12555,8.41719,-0.9108522,1.1455634,0.5126202,0.31833985,1.7429818,6.0730495,0.5384624,-3.576104,0.8602587,2.0421827,7.1687756,0.012943161,-3.3912687,0.1090747,1.2118254,7.1504736,7.510938,-4.4215093,0.841817,4.903826,8.195218,1.2950286,1.7761477,0.27567485
281,0.34875366,2.3686655,8.32653,-0.62576014,-2.117135,1.323242,8.442897,-1.1223907,0.8115803,3.4844205,5.3600984,-2.480859,4.854078,4.346742,4.8458304,7.368945,-1.6226761,1.9270476,1.0159134,0.70807326,2.1821845,6.1075535,-0.6648432,-2.9916098,0.81133807,2.7676818,7.015389,-1.4834179,-2.5816498,0.17994408,1.624978,7.6183715,5.1606812,-5.7417097,1.4349488,5.843083,8.06311,0.19000901,1.7896143,0.60025275
282,0.7464354,2.840555,8.07254,-1.9180063,-1.1671828,0.85721076,8.460986,-0.655843,1.374629,4.030118,4.9099665,-1.6698538,4.996442,6.264774,5.3956985,5.5859423,-2.0560172,2.6927953,1.6724172,1.0694735,2.6699474,5.947816,-1.7190756,-2.1403534,0.6272539,3.3548064,6.63233,-2.715257,-1.3732431,0.1832488,2.0196435,7.95026,2.2946265,-6.2493157,0.96985245,6.8292727,7.5099382,-1.0991383,2.243243,1.0617971
283,1.1336453,3.3870986,7.556408,-2.8325737,0.102056675,0.9224773,8.448426,0.075085804,1.7591016,4.6058292,4.445206,-1.0433046,4.9863343,7.9980197,5.310074,3.2500322,-2.1012297,3.195391,2.4682221,1.4014499,3.1522834,5.563816,-2.5250535,-1.1007551,0.53684807,3.8017907,6.046122,-3.5159366,0.019110627,0.39424106,2.4213862,8.003558,-0.6855845,-5.829813,-0.5511196,7.066875,6.8626876,-2.205348,2.9947822,1.7395122
284,1.4956442,3.930518,6.7837152,-3.32408,1.3851885,1.6992002,8.403784,0.7215048,1.9915247,5.1186757,3.981238,-0.58085257,4.9608765,9.365092,4.1892734,0.9639848,-1.7750155,3.3542728,3.3059304,1.7339909,3.5691078,4.9629807,-3.022831,-0.01943987,0.7217692,4.1882133,5.295957,-3.8725693,1.319977,0.98594004,2.919502,7.647286,-3.247696,-4.213654,-2.3147793,6.2816195,6.557257,-2.7963665,3.793228,2.690797
285,1.8155088,4.372423,5.8098993,-3.4664428,2.3636346,3.1047902,8.261156,0.9592033,2.1554058,5.549122,3.5334635,-0.2295179,4.993447,10.16574,2.059229,-0.45325014,-1.3092368,3.317602,4.098654,2.1108022,3.8646035,4.1893325,-3.2151186,0.9261921,1.2534875,4.5752573,4.3865724,-3.896151,2.2929692,1.972337,3.5432298,6.7740803,-4.885433,-1.5605545,-3.2130117,5.04128,6.636124,-2.7545493,4.454754,3.8573236
286,2.0762763,4.622395,4.7285013,-3.3866885,2.857957,4.8372803,7.8910604,0.62474525,2.3431222,5.9396167,3.0997655,0.059117343,5.1134243,10.270321,-0.4748605,-0.47669226,-0.9272753,3.2732806,4.8399463,2.5404563,3.9815054,3.3126628,-3.1549463,1.5996648,2.0854077,4.9424806,3.2897148,-3.7245812,2.8068724,3.2407281,4.194302,5.3448873,-5.4552765,1.2531692,-2.722307,4.1523323,6.830858,-2.1770267,4.9054003,5.079141
287,2.2529194,4.6292806,3.6490178,-3.1876717,2.8657596,6.5249076,7.150244,-0.20445071,2.598705,6.3581576,2.6563506,0.31561512,5.320488,9.702214,-2.5809197,0.76781976,-0.46460724,3.3229053,5.552011,2.972362,3.8594952,2.4250388,-2.9109511,1.9549724,3.0892093,5.191342,1.9884411,-3.4386852,2.8398218,4.59596,4.6673064,3.4440882,-5.2622256,3.2719948,-1.1224822,3.8890514,6.9327993,-1.3180497,5.166209,6.188658
288,2.2991521,4.4009833,2.6791356,-2.921256,2.5080092,7.8739595,5.974356,-1.2483399,2.8546147,6.8582354,2.177444,0.5554296,5.5952,8.63375,-3.7687595,2.578569,0.50251496,3.5395463,6.2010746,3.292561,3.464705,1.6401082,-2.5441632,2.0400815,4.110476,5.189559,0.5374309,-3.0349908,2.4682283,5.80724,4.741748,1.296946,-4.7321444,4.1101737,0.97879285,4.069431,6.8328094,-0.42755592,5.3182425,7.0836215
289,2.1520388,4.013031,1.9083346,-2.6068523,1.9567128,8.757089,4.4502835,-2.1793296,2.934932,7.4355226,1.6794009,0.78821284,5.9101276,7.2920027,-4.110441,4.14269,2.1592505,3.9401228,6.6612935,3.34364,2.8491366,1.0727932,-2.1063428,1.9643532,5.02266,4.827732,-0.90410125,-2.4675589,1.8692648,6.6939793,4.301279,-0.7591612,-4.1187663,3.9202824,3.0549767,4.517118,6.455894,0.3441716,5.451306,7.723409
290,1.7641797,3.6004703,1.3866638,-2.2586837,1.3752768,9.214616,2.7888958,-2.7678406,2.6725285,8.011256,1.2616094,1.0228475,6.2370706,5.8524117,-3.9826734,4.9977055,4.315797,4.459948,6.7197328,3.0165381,2.187817,0.7862849,-1.6407642,1.849266,5.758453,4.0697885,-2.1120503,-1.7390692,1.295556,7.219088,3.3929381,-2.3728786,-3.5013752,3.0904207,4.7872777,5.188873,5.7472467,0.92819536,5.6358633,8.093158
291,1.1423534,3.3196404,1.1130388,-1.8976237,0.879955,9.380142,1.2289746,-2.908712,2.05041,8.478921,1.0915971,1.2588297,6.543065,4.399456,-3.7203228,5.0796566,6.6312995,4.997533,6.1349936,2.3726952,1.7116408,0.749771,-1.1747869,1.7871931,6.3049793,2.9738002,-2.8967738,-0.96405035,0.9754573,7.4833155,2.1746838,-3.3100176,-2.9074235,2.0297487,6.0421996,6.038824,4.6719866,1.316601,5.9154525,8.18006
292,0.3618481,3.2876866,1.0524797,-1.5495499,0.5287667,9.391901,-0.03177459,-2.5846913,1.2459047,8.773488,1.3127754,1.4752789,6.7801123,2.9602597,-3.4716463,4.512875,8.777593,5.3892055,4.7641234,1.6796066,1.552042,0.8712896,-0.7196498,1.8280098,6.6742654,1.6707276,-3.1759174,-0.3227166,0.99616575,7.607518,0.827361,-3.5053794,-2.3790984,1.0465605,6.8117313,6.909292,3.2456722,1.5713859,6.3099494,7.9628806
293,-0.45774564,3.532475,1.1714242,-1.2432545,0.33205864,9.343276,-0.8585514,-1.8638893,0.5539633,8.900179,1.9363409,1.63747,6.8880863,1.5661654,-3.216109,3.473955,10.462532,5.397593,2.7390175,1.2779222,1.664962,1.068963,-0.27984664,1.9880311,6.875187,0.32163498,-2.963972,0.06389205,1.2823887,7.6392155,-0.4744733,-3.0226805,-1.9505483,0.29953283,7.1664248,7.568298,1.5859197,1.8023275,6.8284063,7.4061112
294,-1.1986914,3.9792368,1.4556202,-1.0123676,0.26856473,9.278634,-1.1923931,-0.9160073,0.23893122,8.921736,2.809174,1.7114211,6.822245,0.296382,-2.8419423,2.1956322,11.484235,4.8634496,0.5329215,1.3320442,1.9475079,1.2905566,0.14248869,2.2626429,6.9020953,-0.917167,-2.325231,0.22040068,1.6883115,7.567802,-1.5576955,-2.0085113,-1.5976182,-0.16867955,7.2258615,7.8322935,-0.09251956,2.0807672,7.4757566,6.463529
295,-1.7738262,4.4757886,1.8924917,-0.8947392,0.29706368,9.213298,-1.063539,0.027030317,0.4051681,8.927747,3.6786997,1.6666999,6.589525,-0.7248584,-2.2476134,0.9869859,11.853447,3.8707614,-1.2910521,1.6943505,2.3800385,1.4967026,0.54548174,2.6340277,6.739911,-1.917364,-1.3589407,0.30168656,2.1139176,7.381911,-2.280145,-0.6726099,-1.2365524,-0.36383486,7.134404,7.639543,-1.5781031,2.3605514,8.226721,5.1072063
296,-2.1132731,4.846587,2.4356675,-0.9199296,0.36630085,9.1551,-0.580393,0.76755077,0.9764331,8.998972,4.2904496,1.4794239,6.2646403,-1.3781402,-1.433257,0.16234727,11.8042755,2.6541736,-2.4275866,2.0496335,2.9789517,1.6644553,0.9230535,3.0745876,6.3782454,-2.6019454,-0.21290576,0.50459534,2.5511532,7.086422,-2.5877738,0.74387556,-0.779384,-0.30752254,7.0313087,7.0188775,-2.7739768,2.493872,8.987806,3.3917804
297,-2.141038,4.9720345,2.9867868,-1.0858374,0.42832074,9.113626,0.11336445,1.2143813,1.780859,9.176317,4.451115,1.1570402,5.9652915,-1.6070349,-0.5168677,-0.083562955,11.619007,1.3792579,-2.861296,2.1627223,3.6854846,1.80641,1.2664969,3.548546,5.8244786,-2.9638407,0.92587787,0.9751446,3.0416458,6.680283,-2.5373917,2.0296316,-0.185097,-0.039786935,7.012297,6.0148263,-3.7085562,2.3138206,9.619123,1.5292221
298,-1.8038005,4.8737326,3.4214218,-1.3480237,0.45019263,9.096483,0.8865741,1.3798964,2.6500962,9.439505,4.052446,0.7701682,5.789003,-1.4358779,0.3391033,0.2621349,11.441255,0.09486114,-2.668118,1.9949254,4.376855,1.9769231,1.571286,4.013617,5.107424,-3.0599358,1.880596,1.7628496,3.6063545,6.1351247,-2.258969,3.0567713,0.5375585,0.3866033,7.098334,4.6475325,-4.4415054,1.6902319,10.016681,-0.09367274
299,-1.1608251,4.7233715,3.6453712,-1.6470709,0.41374263,9.10195,1.6472696,1.3307673,3.465803,9.701744,3.0892582,0.4519928,5.7544017,-0.9474639,1.0172076,1.0652499,11.228517,-1.1582636,-1.8958204,1.701304,4.952724,2.240618,1.8383064,4.4230013,4.271468,-2.9764342,2.536372,2.8260868,4.208361,5.393963,-1.8885909,3.789606,1.3607514,0.9271385,7.227693,2.9341798,-4.9421864,0.5452645,10.150983,-1.0069436
300,-0.4448632,4.7018423,3.6271079,-1.9490422,0.30508846,9.115631,2.3473792,1.1411825,4.15934,9.832607,1.6819596,0.34985182,5.8074727,-0.2594975,1.4855987,2.1236997,10.831923,-2.2604578,-0.6164636,1.5823377,5.393234,2.6094553,2.068196,4.7299004,3.3690581,-2.7880523,2.858033,4.060161,4.753542,4.393327,-1.5134948,4.2548475,2.263999,1.5545645,7.2667246,0.9627714,-5.013009,-1.0885795,9.996637,-0.83902127
301,0.035682976,4.8277636,3.3930686,-2.2445066,0.10773065,9.110179,2.9766145,0.86873853,4.6981115,9.711126,0.07040751,0.5533304,5.9006977,0.49228722,1.7879856,3.2433503,10.119407,-3.0549204,0.9525924,1.968915,5.740772,2.9923759,2.2549295,4.8989224,2.457345,-2.5360441,2.8777854,5.3263965,5.106587,3.1103997,-1.1513078,4.5070043,3.236321,2.2401628,7.035076,-1.0212936,-4.3422194,-2.913726,9.4539995,0.46403304
302,0.1445323,4.991622,3.0176892,-2.5188408,-0.19096766,9.045549,3.5518122,0.55056685,5.077208,9.2841425,-1.4578756,1.0370191,6.067028,1.1851562,2.0023568,4.2856894,9.055198,-3.479458,2.444179,3.0410542,6.0119543,3.1996937,2.388352,4.924238,1.5960054,-2.231142,2.6752784,6.48219,5.120263,1.6199836,-0.77221996,4.6164427,4.2598443,2.9142895,6.3651686,-2.62452,-2.7810662,-4.2983837,8.469354,2.4906547
303,0.0538918,5.135555,2.5831354,-2.7492363,-0.58578414,8.872497,4.1026897,0.2121504,5.316553,8.588855,-2.684396,1.6524743,6.401065,1.7452381,2.1900344,5.172221,7.69026,-3.6250975,3.5047383,4.7091,6.12312,3.0152495,2.4783192,4.8431783,0.837559,-1.8704796,2.359244,7.4172173,4.688551,0.11451582,-0.35967052,4.677217,5.2948284,3.430563,5.2060175,-3.5131152,-0.6681931,-4.6322227,7.268664,4.5496693
304,0.048508614,5.270068,2.1177242,-2.914223,-1.0489655,8.541509,4.6578193,-0.11787578,5.457358,7.7209563,-3.5404112,2.1864665,6.9647655,2.160895,2.365287,5.8581142,6.106005,-3.6480942,3.9407313,6.655784,5.9090414,2.3280072,2.5800822,4.7262034,0.20913512,-1.4529083,2.0466695,8.083897,3.8038797,-1.1547167,0.030664591,4.7943707,6.279769,3.5734477,3.7106316,-3.6547694,1.3118119,-3.8372886,6.2440705,6.1471386
305,0.25352895,5.369983,1.6009709,-2.982053,-1.5354869,8.01467,5.2373185,-0.39272332,5.5534973,6.7739162,-4.0949426,2.449827,7.7221675,2.477751,2.5003858,6.308814,4.3856773,-3.644292,3.7200668,8.474773,5.236104,1.2584434,2.7597768,4.6441984,-0.29727814,-0.98421824,1.8407289,8.497823,2.5708318,-1.9793564,0.28094012,5.023006,7.1362853,3.140677,2.2205453,-3.2909966,2.6760328,-2.3223486,5.621593,7.1742153
306,0.5920163,5.370419,1.0268618,-2.9039228,-1.9856613,7.2798004,5.85231,-0.5377476,5.656491,5.7906933,-4.4782925,2.327809,8.554161,2.7915316,2.5477192,6.4980993,2.6312604,-3.5926876,2.9205406,9.822712,4.167205,0.13688244,3.0076168,4.640814,-0.70933145,-0.47553235,1.8171539,8.703305,1.165002,-2.248279,0.30723223,5.3155727,7.7674823,2.0825412,1.1449609,-2.7141058,3.3915484,-0.5433956,5.4288044,7.711813
307,0.8829673,5.238829,0.45011312,-2.6389687,-2.3278968,6.3654494,6.505756,-0.4526355,5.793131,4.7469206,-4.802379,1.7701737,9.302073,3.2345164,2.4518702,6.423674,0.99041516,-3.3807428,1.7252817,10.548971,3.024144,-0.71932393,3.2294624,4.7197733,-1.0445641,0.057363518,2.0219076,8.729012,-0.2214472,-1.936566,0.16380279,5.5657516,8.073873,0.60596055,0.7916436,-2.0973368,3.6846013,1.2462423,5.6280437,7.82866
308,0.95529747,5.028511,-0.025835069,-2.1929247,-2.495102,5.346076,7.192002,-0.033517767,5.933276,3.5649772,-5.100457,0.7651164,9.774809,3.9441001,2.149615,6.1316576,-0.3498562,-2.8919835,0.43201596,10.729597,2.1923897,-1.2175313,3.3523612,4.850623,-1.2966946,0.5913521,2.470942,8.562691,-1.4182758,-1.0985231,0.058239307,5.72998,7.9979544,-0.8857145,1.2167305,-1.4214675,3.7973163,2.9714592,6.1498785,7.4958196
309,0.7633856,4.861535,-0.30693325,-1.6285535,-2.4531,4.3259487,7.895546,0.7782231,5.9490347,2.167552,-5.2786546,-0.64175874,9.720866,5.0053687,1.5941141,5.740063,-1.2214875,-2.1120412,-0.6101486,10.57332,1.8346363,-1.4707351,3.382982,5.0003014,-1.4493535,1.096072,3.144609,8.15729,-2.3108797,0.10667756,0.25849706,5.8893723,7.5378346,-2.0244768,2.1839952,-0.5204704,3.9012694,4.6205325,6.8366613,6.5865736
310,0.46457374,4.828582,-0.3588199,-1.0358449,-2.2176712,3.4083698,8.588937,1.9211371,5.591622,0.5912454,-5.1120377,-2.257463,8.855886,6.372945,0.859581,5.42923,-1.5533239,-1.1645906,-1.1396881,10.294178,1.8148688,-1.631368,3.3599782,5.158667,-1.4954231,1.5426261,3.9829843,7.461375,-2.8735702,1.4168757,0.9652273,6.1625824,6.690393,-2.67746,3.2854912,0.75447166,4.11487,6.1580086,7.3675056,4.9816384
311,0.34847182,4.9040647,-0.22017139,-0.49358928,-1.843685,2.6708624,9.232554,3.1396766,4.5687504,-0.88686156,-4.3983474,-3.6785553,7.0605307,7.8345585,0.29457384,5.331351,-1.4084728,-0.23605534,-1.086942,10.039247,1.8466964,-1.7737489,3.3030624,5.3343453,-1.4405844,1.915653,4.8934126,6.450354,-3.1714158,2.53894,2.2321746,6.549075,5.390953,-2.9313812,4.1360335,2.4154527,4.5435705,7.4682736,7.2526836,2.8003473
312,0.5659652,5.0200205,0.013303797,-0.04506307,-1.3965228,2.1574697,9.783359,3.9951954,2.799072,-1.8133141,-3.2529018,-4.479083,4.6111627,9.102163,0.46538734,5.3202243,-0.98343915,0.5302904,-0.5546493,9.870615,1.6713545,-1.8789117,3.2056932,5.53712,-1.2937098,2.2189345,5.7699018,5.13723,-3.3083055,3.2387931,3.9409804,6.837585,3.5474143,-2.916753,4.487186,4.355964,5.305114,8.286789,6.0248938,0.59054154
313,0.91132665,5.181189,0.25238314,0.30633295,-0.92628527,1.8842019,10.210101,4.0531554,0.66269433,-1.9130512,-2.1113443,-4.5613327,2.0497174,9.934567,1.7157993,4.9410486,-0.5888069,1.0963318,0.2903283,9.7712345,1.1480511,-1.8660285,3.0520442,5.7648144,-1.0560228,2.4720519,6.5123835,3.5679846,-3.3484952,3.386247,5.800435,6.6468234,1.2152401,-2.662823,4.2538466,6.3998914,6.4600263,8.114487,3.6542265,-0.86320156
314,1.0910603,5.3920236,0.48305988,0.5745136,-0.45892483,1.8487889,10.495819,3.1568244,-1.1391711,-1.3634887,-1.2800269,-4.1657043,-0.17783593,10.131938,3.7514973,3.6910596,-0.45908487,1.5220189,1.3236051,9.656399,0.26559666,-1.6256223,2.8499894,5.999577,-0.71826935,2.7021601,7.0367193,1.8253002,-3.2591648,2.973261,7.407509,5.648129,-1.1992272,-2.1434317,3.5710344,8.308166,7.7596235,6.300179,0.9247997,-1.1498373
315,1.1720966,5.6050673,0.72862023,0.7676909,-0.002750231,2.0386574,10.617565,1.5318797,-2.0403388,-0.63910025,-0.71680593,-3.5742416,-1.8399231,9.566523,5.7530427,1.4790021,-0.4311582,1.8547355,2.4762754,9.384222,-0.87670946,-1.0588609,2.6763656,6.2136917,-0.27366716,2.9342642,7.2778115,0.048935324,-2.9099023,2.151299,8.441124,3.895912,-3.0460663,-1.4799122,2.7969935,9.838474,8.392607,2.7065334,-0.78020155,-0.7164995
316,1.3455993,5.804093,0.9680947,0.8928477,0.44349426,2.4350233,10.524971,-0.35397276,-1.8655921,-0.109899215,-0.26985645,-2.9636912,-2.8728049,8.343744,7.0004287,-1.1169032,-0.0453163,2.1202416,3.6565611,8.787754,-2.0883603,-0.15070745,2.7031791,6.3803873,0.2508518,3.1801724,7.1959205,-1.5563853,-2.1591296,1.2544413,8.877598,1.8677819,-3.894453,-0.956899,2.2418337,10.875981,7.3854218,-1.4473088,-0.61612576,-0.31607726
317,1.6324109,5.9970274,1.1533916,0.96697533,0.8870064,3.0122519,10.146366,-2.0142422,-0.7729628,0.21676172,0.1287676,-2.4200299,-3.3464077,6.798825,7.3944483,-3.2131004,0.8895985,2.541287,4.7535877,7.724974,-3.1437647,0.93777853,3.1416395,6.4752216,0.7616526,3.428849,6.7939568,-2.7731478,-1.0075078,0.7166966,8.9568815,0.060404498,-3.755549,-0.7359706,1.9184641,11.437388,4.61093,-4.325013,0.6964648,0.11049123
318,2.0548556,6.1580973,1.2380558,1.0176756,1.3386168,3.7329931,9.423,-3.1276846,0.8565403,0.60943115,0.46807408,-1.9693233,-3.4049292,5.271384,7.2996774,-4.297471,2.059956,3.4740338,5.689478,6.0677586,-3.8906798,1.8573233,4.082379,6.4640136,1.1044035,3.650876,6.1383777,-3.4780316,0.318874,0.87505096,8.896434,-1.3344488,-2.863948,-0.71153206,1.6943545,11.582579,0.99934226,-5.1464086,1.5943567,0.90574485
319,2.654033,6.228568,1.176426,1.0824867,1.8126621,4.5425687,8.340432,-3.6391387,2.5354688,1.3115796,0.67242724,-1.6052824,-3.197903,3.9525664,7.088178,-4.408193,2.9935105,5.0047917,6.2683043,3.71376,-4.256155,2.1978524,5.3463745,6.3213134,1.1400777,3.826173,5.3563905,-3.7095063,1.4829762,1.787689,8.669088,-2.3692074,-1.4636654,-0.65439,1.5369778,11.408721,-2.2476063,-4.160977,1.4382875,1.8038367
320,3.4456348,6.1509247,0.934024,1.2034883,2.3306959,5.365441,6.9253583,-3.715108,3.8576999,2.3296845,0.6127371,-1.2945135,-2.8456435,2.9008417,6.94277,-3.8484714,3.4644957,6.809703,6.0437512,0.8330509,-4.1251884,1.7229068,6.5092196,6.110962,0.8505747,3.968318,4.5912814,-3.6227894,2.2481935,3.212581,8.061251,-3.1397364,0.20548582,-0.3598123,1.5415657,11.030207,-4.281647,-1.9006672,0.9438405,2.4591513
321,4.3368473,5.86416,0.5171467,1.4112227,2.9260864,6.101504,5.2162085,-3.5755024,4.629166,3.461409,0.2030454,-0.9576463,-2.4301727,2.1134238,6.9006453,-2.914621,3.5707877,8.388689,4.5872884,-1.8400968,-3.4196687,0.65015924,7.166366,6.004259,0.35901156,4.112623,3.9457717,-3.386846,2.574371,4.7610965,6.906484,-3.679102,1.8504432,0.31419173,1.8241522,10.507387,-4.835001,0.82381266,1.1103591,2.9322395
322,5.129093,5.293496,0.008156598,1.700068,3.638212,6.617632,3.252148,-3.3412004,4.8404527,4.4593725,-0.4868127,-0.480168,-1.9909383,1.5752978,6.9394183,-1.794669,3.557917,9.363874,2.0115805,-3.3029642,-2.439811,-0.4058818,7.250835,6.101504,-0.16637397,4.293075,3.4595296,-3.120622,2.5592613,6.100607,5.242281,-3.9788194,3.1351316,1.4317609,2.4295802,9.825046,-4.2453156,3.1055648,2.2175102,3.3845937
323,5.588551,4.4125385,-0.44249824,2.0133708,4.4820623,6.740461,1.112783,-2.9950075,4.58589,5.1681924,-1.2262357,0.2134009,-1.5189141,1.2763718,7.0293384,-0.5759706,3.6269915,9.59541,-0.9079175,-3.0550876,-1.7194449,-1.0379449,6.981731,6.3222475,-0.5930579,4.531135,3.1214983,-2.8891845,2.336837,7.066845,3.2825472,-4.036878,3.7847073,2.937201,3.3110373,8.915356,-3.177188,4.5084496,3.8854206,3.8267524
324,5.522135,3.3280325,-0.68469167,2.272739,5.403611,6.281076,-1.0118827,-2.4611065,4.0401554,5.5678544,-1.7427151,1.0835344,-0.96727926,1.2096617,7.1550465,0.7074637,3.8445919,9.109184,-3.2398696,-1.3718554,-1.340736,-1.2705859,6.5723825,6.553153,-0.8347018,4.823814,2.8887758,-2.7224495,2.0137284,7.6543217,1.3001236,-3.8425584,3.7009435,4.6290545,4.365753,7.66186,-2.204426,5.148933,5.676212,4.1938934
325,4.8522058,2.281366,-0.6540546,2.4488444,6.273796,5.12272,-2.8087134,-1.7619866,3.4516768,5.7383146,-1.8726697,1.9873784,-0.29468554,1.3614672,7.3209987,2.0234766,4.1318693,8.015721,-4.464039,0.95708394,-0.90075934,-1.1894562,6.1650114,6.7456584,-0.8504322,5.1410475,2.6989408,-2.6280718,1.6511722,7.9471703,-0.45177037,-3.3418012,3.0245953,6.2059608,5.4482007,5.9216304,-1.5845122,5.322595,7.3720007,4.3637094
326,3.6944265,1.5452089,-0.39835444,2.5957384,6.947305,3.3266008,-3.9556117,-1.1175302,3.0382097,5.79346,-1.6233617,2.7726068,0.49552125,1.7068081,7.5460567,3.2976284,4.2919984,6.506886,-4.6378293,3.0605037,-0.100754544,-0.85093045,5.882249,6.885596,-0.6557983,5.438403,2.4823143,-2.5942345,1.2719926,8.055275,-1.7575369,-2.4767542,2.1298983,7.4037895,6.314396,3.6388686,-1.2544614,5.229816,8.873072,4.138909
327,2.4031355,1.2609384,-0.0133493105,2.8004596,7.319225,1.152448,-4.258606,-0.8125851,2.8285325,5.8364406,-1.1070651,3.3580213,1.3630394,2.2213106,7.848565,4.3791566,4.0844254,4.870246,-4.144051,4.438093,1.0039259,-0.3830833,5.7872562,6.975577,-0.3197698,5.6735973,2.1821902,-2.589041,0.8760187,8.076085,-2.4528868,-1.2991816,1.4970521,8.16281,6.6019936,1.0090374,-0.95744383,4.979763,10.055106,3.3596978
328,1.4514376,1.3511567,0.44506058,3.1167727,7.3242745,-1.019503,-3.6758614,-0.9122045,2.6764688,5.949528,-0.42942426,3.7405775,2.2650669,2.8986742,8.220557,5.0297904,3.3646796,3.45973,-3.348303,5.081978,2.194008,0.101024546,5.8565125,7.0291567,0.06669742,5.817035,1.7767066,-2.5645163,0.45713946,8.074551,-2.463497,-0.029865252,1.4677048,8.643227,5.961926,-1.4947307,-0.50334775,4.744216,10.780698,2.067058
329,1.176243,1.6373259,0.96467507,3.5477195,6.9204574,-2.8052928,-2.3223288,-1.1443108,2.477475,6.1740212,0.36059186,3.9569337,3.1763453,3.752502,8.585385,4.9692,2.2443852,2.5804389,-2.4558063,5.260045,3.2997239,0.58605474,6.03074,7.049516,0.42172012,5.8552933,1.2890527,-2.468294,0.02031834,8.073774,-1.8350538,1.042773,2.074191,8.996162,4.2391887,-3.3292654,-0.044903137,4.7393446,11.00069,0.5068757
330,1.6226704,2.0506842,1.5268909,4.048119,6.101495,-3.9521062,-0.53049713,-1.0990753,2.3077128,6.4897633,1.2365952,4.0516763,4.0896983,4.790139,8.741395,4.0120974,1.1254697,2.3060188,-1.5253596,5.2625947,4.257298,1.1108003,6.2583594,7.0111895,0.68465483,5.79424,0.780835,-2.260232,-0.40478864,8.058316,-0.71644783,1.7368954,3.0838604,9.126073,1.5940708,-4.0869427,-0.007485581,4.916264,10.785011,-0.9813692
331,2.5539412,2.6871796,2.0962224,4.51866,4.9229856,-4.4339733,1.2059071,-0.53377074,2.318019,6.8490925,2.1430044,4.0714045,5.0095363,5.9520364,8.333907,2.270118,0.48575312,2.4227257,-0.543758,5.2811346,5.0659356,1.7015753,6.496365,6.8604493,0.8223352,5.662827,0.33115977,-1.9278586,-0.7619401,7.993664,0.6944246,2.0534806,4.166139,8.729048,-1.4031917,-3.5306463,-0.5394807,4.898852,10.33162,-2.02479
332,3.5825453,3.6444104,2.627514,4.8082523,3.5124905,-4.409033,2.4632907,0.51864505,2.5821073,7.2149615,2.9909756,4.069018,5.9365315,7.025875,6.9620442,0.26812354,0.52202475,2.6669796,0.47814026,5.411295,5.7430334,2.343737,6.6948934,6.5345426,0.8397182,5.5082784,0.008986745,-1.4928175,-0.98469305,7.8556848,2.2061744,2.115833,5.045028,7.591269,-3.8963437,-1.7633802,-1.0981286,4.520673,9.894932,-2.3508725
333,4.3924103,4.8498297,3.0504537,4.7554855,2.0605774,-4.077393,3.0684276,1.8593655,3.107729,7.551925,3.6867456,4.099636,6.837116,7.6017985,4.5033913,-1.2357429,0.9513052,2.9868739,1.5065023,5.6948457,6.3041577,2.9761856,6.787634,5.9959054,0.7865933,5.376484,-0.14898579,-1.0031877,-1.0239831,7.653442,3.6669314,2.0597513,5.5770626,5.838142,-5.291251,0.49692425,-0.9182901,4.1389685,9.565877,-1.9854921
334,4.8844795,6.095301,3.2559688,4.2782116,0.79271513,-3.5882096,3.093833,3.2750623,3.9210436,7.8031635,4.141642,4.2054124,7.6124797,7.198354,1.4530976,-1.717726,1.2710531,3.4333298,2.5681005,6.1381,6.736199,3.4932556,6.702874,5.2722445,0.74388856,5.2890444,-0.14558433,-0.5151223,-0.867805,7.4320292,4.9718785,1.9597723,5.7452335,3.846684,-5.6524644,2.2792535,0.20983471,4.1553183,9.247806,-1.2423788
335,5.1398797,7.185845,3.1118803,3.4633553,-0.09604292,-3.0389333,2.7473862,4.62101,5.0725756,7.866112,4.261994,4.397621,8.101521,5.5923915,-1.212684,-1.270837,1.3288444,3.957388,3.7542422,6.7154818,6.953303,3.7628665,6.408582,4.4764247,0.7858876,5.2385902,-0.016108643,-0.073763035,-0.53994656,7.257406,6.0525765,1.8121561,5.6120844,1.9774575,-5.406676,3.0595973,1.9278436,4.65467,8.779366,-0.5013133
336,5.291421,8.010864,2.524095,2.5772753,-0.5291596,-2.492592,2.2537746,5.8285646,6.5581856,7.554197,3.964437,4.656703,8.144375,3.0803802,-2.703163,-0.52712506,1.386706,4.504196,5.1368303,7.3520083,6.7673907,3.6867886,5.9742923,3.7718747,0.94152653,5.2059937,0.18754609,0.2980839,-0.08218026,7.1956854,6.856457,1.5583764,5.2915444,0.44408616,-4.8920207,2.8842914,3.7418294,5.5603623,7.9714985,-0.027397435
337,5.427161,8.529443,1.5228558,1.957088,-0.5821509,-1.974626,1.7806684,6.87477,8.217955,6.5798464,3.2674143,4.963635,7.676748,0.3375655,-2.8672407,-0.08508798,1.6103942,5.1243978,6.7156825,7.8367815,5.930639,3.3180451,5.5746884,3.2867322,1.1875656,5.1773434,0.41560012,0.60049826,0.46588776,7.2963996,7.32542,1.1348671,4.943489,-0.66814315,-4.2419424,2.0925918,5.264528,6.7455688,6.6221166,0.089451596
338,5.5568595,8.737924,0.3004442,1.8436414,-0.40272957,-1.4818481,1.4261152,7.758767,9.672012,4.6690297,2.4364982,5.322455,6.75482,-1.9934945,-2.0304897,-0.0063104033,1.9114641,5.918929,8.41212,7.707948,4.327064,2.941925,5.381857,3.042015,1.4745597,5.1455846,0.6340455,0.8489833,1.0787454,7.580498,7.3836994,0.5323503,4.746879,-1.3548342,-3.4771469,1.0912576,6.2667704,7.9581327,4.605843,-0.03352161
339,5.6532454,8.643121,-0.8497587,2.272227,-0.08308878,-1.011579,1.2388134,8.499507,10.37655,1.872227,1.9698348,5.7454925,5.4629016,-3.5764427,-0.69674754,0.06396553,2.2131934,6.949417,9.971824,6.3043447,2.3082519,2.8965266,5.463747,2.9503326,1.7530472,5.1072855,0.8288314,1.0652306,1.7470232,8.029102,6.9437823,-0.16875274,4.8277574,-1.6477019,-2.6075044,0.23256089,6.706875,8.820976,2.0468593,-0.09556558
340,5.7754664,8.245579,-1.6783645,3.077023,0.3813259,-0.5832352,1.2338517,9.131526,9.857211,-1.220679,2.1882277,6.2872367,3.8068461,-4.3864017,0.5954747,0.45076963,2.578956,8.194963,10.784439,3.2603796,0.8109442,3.1759608,5.803548,2.882061,1.9823266,5.065741,1.0036381,1.2706361,2.4730527,8.5705185,5.93384,-0.81679446,5.180495,-1.5730602,-1.6872413,-0.26582924,6.742425,9.025461,-0.6138957,0.1897468
341,6.1190615,7.5330973,-2.126571,3.9955952,1.0202564,-0.24181855,1.3928658,9.672858,7.9697685,-3.8219523,2.7444925,7.023419,1.7443122,-4.54618,1.3945907,1.1993866,3.1513858,9.531103,9.939626,-0.737597,0.6998944,3.5558383,6.270084,2.7512116,2.1398146,5.034148,1.1746917,1.4834516,3.2627692,9.068131,4.3416286,-1.2489086,5.6534376,-1.1522492,-0.82579994,-0.35406345,6.6361775,8.501505,-2.862901,0.8168233
342,6.814598,6.4887376,-2.3272047,4.8038993,1.8175358,-0.040950283,1.662274,10.081369,4.942961,-5.4852695,2.7648087,7.8082843,-0.56148994,-4.0962377,1.4932768,2.1142354,4.0897875,10.647097,6.796957,-4.0656524,1.5831033,4.280724,6.635388,2.4764714,2.2411826,5.0330615,1.3618386,1.7189697,4.1147404,9.318528,2.2622762,-1.3446255,6.0354304,-0.45803058,-0.15126757,-0.117281966,6.5955515,7.3609295,-4.457689,1.4328676
343,7.698367,5.164498,-2.432422,5.3745694,2.7111397,-0.0138630755,1.9664948,10.252735,1.2772709,-6.0115323,1.5912063,8.298865,-2.4540987,-2.9741075,1.1002578,2.9354994,5.470193,10.9017515,1.7094303,-5.4016976,1.7345841,5.4828815,6.798905,1.8968643,2.3414118,5.09471,1.5779489,1.9906365,5.0065494,9.075959,-0.070529535,-1.0586302,6.203795,0.34700653,0.26273182,0.30334792,6.687574,5.7429404,-5.477662,1.5768286
344,8.381255,3.8119357,-2.473786,5.6579785,3.6144288,-0.15393199,2.2366848,10.089308,-2.2612946,-5.0375094,-0.54634243,8.372944,-3.0625412,-1.3860376,0.7870014,3.5592566,7.0882263,9.389255,-3.67672,-4.2658873,0.34326088,6.2627144,6.958885,1.0085847,2.4960709,5.26466,1.8239475,2.3078382,5.8796306,8.118512,-2.3087454,-0.48017234,6.2241364,1.069425,0.4409358,0.78718823,6.8643236,3.7517076,-6.079368,0.9449876
345,8.497752,2.8834796,-2.4132135,5.6830525,4.431631,-0.41398954,2.4401913,9.60207,-4.7307134,-2.3667955,-2.329306,8.284041,-2.1461062,0.06400884,0.9395726,4.114257,8.408574,5.686555,-7.1468863,-1.4690934,-0.93239033,6.1628447,7.2953606,0.079311915,2.7202995,5.580388,2.0944772,2.6682553,6.6269016,6.3479915,-4.0978436,0.0872579,6.276855,1.6014674,0.4663641,1.2653105,7.0243645,1.5061636,-6.234645,-0.48681143
346,7.8667197,2.7619174,-2.255894,5.5647316,5.091843,-0.7280728,2.5879302,8.945741,-5.5279894,1.1580781,-2.2080462,8.353982,-0.4317008,0.9062117,1.4328911,4.7697735,8.809608,0.63764167,-7.84203,0.52541095,-0.6918559,5.9024124,7.5081773,-0.67762786,3.0023,6.0563025,2.3828468,3.046926,7.0956573,3.8799357,-5.1868353,0.18641722,6.4233303,1.990056,0.40723205,1.7070836,7.06127,-0.7637787,-5.6672015,-2.3879912
347,6.5967145,3.4125683,-2.014521,5.442071,5.5703025,-1.0446985,2.7112598,8.332069,-4.850059,4.0300875,0.09517231,8.461523,0.90794945,1.1495413,2.0041158,5.544257,7.8546724,-4.117294,-6.3747845,0.36263996,0.11849049,5.9157977,7.327719,-1.247725,3.2960186,6.691825,2.6792417,3.3852415,7.1264067,1.0799619,-5.409289,-0.48215795,6.4666924,2.4216754,0.2902846,2.0969532,6.9058414,-2.682748,-4.096504,-4.065843
348,5.1614447,4.402518,-1.6055222,5.402773,5.85557,-1.3417923,2.831691,7.9176416,-3.3860743,5.5294466,3.451549,8.091872,1.012955,1.1661701,2.5703182,6.285422,5.500386,-7.1806126,-3.7033575,-0.751488,0.40559042,6.130364,6.832951,-1.6949657,3.5246155,7.4747224,2.9674122,3.5878484,6.639178,-1.4912279,-4.6457515,-1.7047001,6.1299767,3.0900314,0.12559426,2.426663,6.563556,-3.8713775,-1.6598337,-4.791687
349,4.1223125,5.3274,-0.93357235,5.4628725,5.9089694,-1.6162184,2.945427,7.7728643,-1.7099909,6.0135193,6.5279174,6.7632003,-0.033054348,1.3664242,3.1999872,6.730854,2.1988347,-8.1595335,-1.2423267,-1.2689155,0.3219864,6.35961,6.200549,-2.0699203,3.6117108,8.371934,3.2149885,3.5423536,5.7293787,-3.2940223,-2.9996054,-2.7857223,5.39621,3.9845946,-0.039783247,2.704683,6.114711,-4.185326,1.0062642,-4.304037
350,3.675944,6.0501475,-0.031560794,5.580508,5.6735964,-1.8653252,3.0211694,7.911592,-0.05701736,6.130423,8.518775,4.2862854,-1.2884328,1.7414955,3.9983556,6.5811877,-1.2982259,-7.5376167,-0.15629867,-1.0459012,0.2869735,6.5403385,5.4911976,-2.3999562,3.4960153,9.318959,3.3656125,3.17006,4.6721916,-4.110636,-0.94859326,-3.1027381,4.577934,4.8917513,-0.10849112,2.9572833,5.662312,-3.781827,3.222569,-2.8734174
351,3.6621299,6.5728507,0.97489697,5.6730523,5.1140275,-2.0737154,3.0052772,8.3202095,1.5854528,6.2535543,9.071268,1.068866,-1.7583032,1.8996992,4.8965573,5.6175838,-4.2249584,-5.9035096,-0.3975362,-0.6720074,0.38107055,6.705411,4.6823106,-2.7081742,3.1290133,10.21886,3.3585825,2.4865737,3.7871609,-4.106396,0.92774355,-2.5532246,4.0023184,5.629075,-0.014036641,3.2021322,5.27897,-2.957985,4.6856747,-0.9679551
352,3.8732862,6.904105,1.9475152,5.6341867,4.2531533,-2.2088568,2.8365862,8.961582,3.3197641,6.3370166,8.108678,-1.9214267,-1.1243078,1.7779377,5.6183653,3.903733,-6.0156503,-3.815788,-1.0832388,-0.4372642,0.5538403,6.875437,3.7439902,-2.9993382,2.4744132,10.956062,3.1871924,1.6168964,3.2721004,-3.5860813,2.3169627,-1.4116235,3.777643,6.142517,0.22203538,3.4317155,4.997485,-1.9720111,5.468416,1.0231153
353,4.2002835,7.0340185,2.750482,5.3688745,3.1973107,-2.2291768,2.4765463,9.755366,5.157011,5.9256997,5.9277277,-3.7760227,0.07214608,1.864893,6.027128,1.7728217,-6.5507855,-1.9463667,-1.4676782,-0.24738917,0.778508,7.043991,2.665421,-3.232215,1.522329,11.42148,2.9544947,0.72604287,3.143521,-2.767973,3.2049735,-9.083735e-05,3.8585436,6.433172,0.52088946,3.6285074,4.827613,-0.9759671,5.8094816,2.881862
354,4.5870337,6.92982,3.2575972,4.850977,2.1285005,-2.105949,1.9481086,10.555174,6.799925,4.3816414,3.4354753,-4.2886357,0.960182,2.4515545,6.123577,-0.45658502,-6.0838656,-0.79916006,-1.4029917,-0.004037058,1.0765607,7.187618,1.4640777,-3.3017883,0.3241631,11.535855,2.8495193,-0.087142624,3.299159,-1.7451535,3.7171183,1.4544806,4.165462,6.4940658,0.7949992,3.7867007,4.7731028,-0.029671878,5.9483547,4.534473
355,4.9447136,6.5334325,3.4043753,4.1684237,1.2376351,-1.8452344,1.3513179,11.17533,7.598217,1.5829583,1.9577738,-3.9456618,1.2434044,3.2891033,5.8344474,-2.5114489,-4.915456,-0.42895383,-1.1001236,0.27427176,1.4699944,7.267644,0.2036011,-3.0493436,-0.95953846,11.266436,3.0233357,-0.8256108,3.6172726,-0.5384993,4.003984,2.8191364,4.6169367,6.2967105,0.9809609,3.921435,4.8419166,0.86428344,6.0633836,5.9770184
356,5.100551,5.799967,3.2595668,3.4921596,0.63104326,-1.4868748,0.8249429,11.499135,7.012598,-1.5094372,2.2421627,-3.2379546,1.2680988,4.078205,5.101685,-4.101979,-3.314399,-0.4962874,-0.75481474,0.5546416,1.9540758,7.2317414,-0.9872372,-2.3296878,-2.0373132,10.662591,3.4551864,-1.5221758,4.0053015,0.8616067,4.200739,4.0155163,5.108842,5.8058596,1.0644317,4.0632563,5.0494027,1.7333442,6.2681427,7.199973
357,4.815321,4.7965426,3.0277402,2.9662392,0.29625112,-1.0800846,0.4801037,11.561714,5.1830606,-3.6521792,3.6671126,-2.1044555,1.3941774,4.7349644,3.9574656,-5.043175,-1.6146443,-0.55694854,-0.4107321,0.8399055,2.511048,7.0281296,-1.9398696,-1.1321119,-2.5580409,9.9053545,3.9332392,-2.154448,4.3819923,2.4714098,4.415958,4.97787,5.4947023,5.0181165,1.0935942,4.244233,5.415928,2.620074,6.617587,8.123911
358,3.912269,3.785216,2.927731,2.6252131,0.15202124,-0.6618911,0.3672108,11.484632,2.7477224,-4.4872913,4.9353585,-0.39261347,1.6711019,5.227625,2.5028598,-5.3399878,-0.19635572,-0.3465486,-0.04467656,1.1530194,3.12069,6.6252146,-2.5286646,0.34412673,-2.2731109,9.267702,4.163528,-2.6608982,4.639324,4.2840014,4.7256727,5.6147056,5.603766,4.0174894,1.161222,4.4907136,5.9624267,3.5718975,7.09455,8.55542
359,2.491936,3.1251783,3.0530818,2.411666,0.114981025,-0.25252676,0.48907292,11.352097,0.2815453,-4.335496,5.278627,1.6143603,1.9841357,5.4553022,0.91344607,-5.1152987,0.67341876,0.13845007,0.34061018,1.5130244,3.7586334,6.0200443,-2.7464607,1.7706015,-1.1536859,8.939362,3.8750656,-3.0168004,4.6344104,6.2373095,5.1640735,5.7828403,5.3164525,3.0055087,1.348986,4.8345428,6.7092776,4.616544,7.5605817,8.213313
360,1.0260665,2.9789352,3.3805544,2.2325747,0.13062169,0.14016233,0.826222,11.160496,-1.8682555,-3.4775836,4.7682915,3.437514,2.3238945,5.3205423,-0.5878143,-4.509419,0.96467304,0.747872,0.7328883,1.924779,4.390284,5.2294884,-2.6967902,2.8674598,0.62986743,8.862522,2.8481088,-3.2176569,4.215006,8.186119,5.702859,5.2987285,4.674219,2.2449095,1.6765894,5.327594,7.678389,5.691821,7.6876907,6.9169817
361,0.09206182,3.1582084,3.849256,2.0023823,0.17507482,0.51592195,1.3508414,10.841566,-3.465957,-2.0312948,4.0047755,4.7983804,2.7462034,4.7804017,-1.811699,-3.6517308,0.85857904,1.3308625,1.151065,2.387889,4.9651327,4.2746835,-2.5137115,3.5098114,2.787083,8.694482,0.98948234,-3.1484363,3.2879577,9.873821,6.227153,4.032699,3.9344351,1.9266548,2.119605,6.0342493,8.870427,6.50803,6.9970765,4.9273415
362,-0.09813263,3.3920474,4.356508,1.6800258,0.24984446,0.87952876,2.0287964,10.315825,-4.3638043,-0.2218283,3.7006435,5.7125125,3.1419728,3.844428,-2.631773,-2.688432,0.6174115,1.8205386,1.6340744,2.9064271,5.4120975,3.1753595,-2.2836013,3.7126472,4.9554496,7.904452,-1.437005,-2.5408025,2.013512,10.989695,6.5355206,2.0876834,3.4635818,2.0922477,2.6805706,7.013171,10.15267,6.424103,5.2563906,3.0725615
363,0.20732918,3.6214173,4.7817416,1.2733295,0.37366784,1.2414593,2.817701,9.540868,-4.6079435,1.5125064,4.2661915,6.3023643,3.1821318,2.6572301,-2.9796436,-1.789046,0.4513321,2.2274642,2.2103288,3.4831204,5.636176,1.9638203,-2.0163476,3.5746644,6.7553563,6.081136,-3.688285,-1.3130115,0.9907922,11.445473,6.3487687,-0.106026694,3.4807515,2.725272,3.429234,8.290357,11.027365,4.683612,3.1360102,2.1429796
364,0.7192243,3.8992093,5.0452075,0.80994076,0.5673451,1.6219921,3.6672313,8.518708,-4.459337,2.750816,5.625107,6.548638,2.5273297,1.5763811,-2.8902197,-1.0728986,0.4501181,2.5931559,2.8886127,4.0989194,5.5225286,0.714025,-1.6692996,3.2462928,7.920689,3.3336842,-4.9812613,-0.02445813,0.8493466,11.545936,5.342282,-1.9824497,3.8273003,3.8826768,4.512209,9.7402525,10.479905,1.3482157,2.0319188,2.0970342
365,1.288788,4.236037,5.1004763,0.3243779,0.83928365,2.0548704,4.5203533,7.2575974,-4.239273,3.3085074,7.365457,6.2227325,1.1491467,1.0450145,-2.5257757,-0.53241223,0.60674435,2.959489,3.6644828,4.685897,4.9616656,-0.43668652,-1.211507,2.9092722,8.413898,0.28190637,-5.0370083,0.5311766,1.471755,11.590645,3.3482046,-3.1386588,3.975611,5.60919,6.1579823,10.776535,7.4551497,-1.9937711,2.4198997,2.5412483
366,1.855417,4.5766068,4.9208436,-0.13696468,1.1755966,2.583638,5.307033,5.7326016,-4.152112,3.1914985,8.993004,5.1007047,-0.49882025,1.2514299,-2.043177,-0.07668111,0.8876291,3.3640199,4.52004,5.104096,3.9083185,-1.3051393,-0.6915171,2.7267656,8.373539,-2.3766928,-3.9638696,0.2514994,2.1378024,11.550332,0.65564454,-3.3610418,3.416216,7.666752,8.461752,9.9632225,2.2209663,-3.4227605,2.9374652,3.4131248
367,2.5241306,4.8263817,4.492167,-0.51388913,1.5366602,3.2449305,5.924956,3.8954532,-4.202209,2.4524581,10.127196,3.3389752,-1.7468345,1.9150542,-1.4471229,0.358946,1.2718626,3.843346,5.4070888,5.142656,2.4629436,-1.7309529,-0.2341986,2.7697957,7.9663644,-4.1814785,-2.0345936,-0.1982496,2.4304793,11.294185,-1.963775,-2.5006733,2.2818685,9.442293,10.608993,5.583442,-2.5385268,-2.8445687,2.5231864,4.373009
368,3.4268134,4.889274,3.805679,-0.7437105,1.8671876,4.040057,6.2185,1.7568475,-4.183558,1.1632406,10.628864,1.5833769,-2.2372575,2.558049,-0.694892,0.7707216,1.7445129,4.4324956,6.218293,4.57746,0.9206745,-1.6693497,0.066614285,2.9924614,7.3224945,-4.996394,0.2454412,-0.09998389,2.5769157,10.80026,-3.7121472,-0.6623057,1.5466788,10.491517,10.596344,-1.4066125,-3.419082,-2.3443534,1.7983247,5.1229725
369,4.528379,4.6330323,2.9011245,-0.7768247,2.1238,4.910575,5.994281,-0.48777118,-3.7516487,-0.46321848,10.596994,0.5625306,-2.1181715,2.9597533,0.15941356,1.1338491,2.2855463,5.1532555,6.7617116,3.301394,-0.29168704,-1.254246,0.24827598,3.3028994,6.5559287,-4.9904237,2.2623646,0.79423285,2.9594738,10.074174,-4.319378,1.5027499,2.192223,11.094337,7.2161884,-6.759205,-0.45146894,-2.3859158,1.2193551,5.720853
370,5.6301355,3.9040751,1.9334047,-0.5976015,2.3111682,5.7442613,5.112883,-2.4261281,-2.6687117,-1.943247,10.249093,0.5621412,-1.7976023,3.1955147,1.031689,1.4551927,2.878648,5.9865227,6.7675815,1.4722645,-0.80983764,-0.74441814,0.42952415,3.6479397,5.76186,-4.4996486,3.623254,2.331211,3.6797848,9.036538,-4.1394196,3.1607308,4.293066,11.177016,1.2491004,-8.244203,2.3327923,-1.3625556,1.0755957,6.213431
371,6.4161296,2.6434407,1.1823527,-0.25034064,2.4939194,6.418602,3.6099858,-3.6415315,-1.1215293,-2.6751108,9.815978,1.2707696,-1.6087626,3.3819776,1.9006528,1.7692696,3.5176966,6.8346267,5.969369,-0.4558345,-0.5541852,-0.31800458,0.68275434,4.0170994,4.9888606,-3.8456464,4.271245,4.2287545,4.5625496,7.530442,-3.7516575,3.9146981,7.0139794,9.363557,-5.2265005,-6.672315,2.093022,0.15240225,1.3071556,6.678079
372,6.589033,1.0066825,0.9218463,0.1881459,2.7541008,6.838752,1.7117667,-3.9962866,0.32285878,-2.3915813,9.46529,2.0698326,-1.6464018,3.5555046,2.7996063,2.1191807,4.19458,7.4957933,4.270236,-1.9148093,0.17459929,0.072074294,1.0122309,4.404439,4.238145,-3.2355354,4.352662,6.2120504,5.26497,5.4142423,-3.4950345,3.8256545,9.139111,4.6660585,-9.308723,-3.785566,0.35142657,0.9532321,1.814302,7.1877956
373,5.919425,-0.6421144,1.2136236,0.710988,3.1362813,6.9292126,-0.27409327,-3.6271763,1.1949507,-1.3593823,9.252835,2.444149,-1.8189663,3.6896873,3.7716424,2.5539813,4.8741903,7.686162,1.9028647,-2.5138156,0.8637429,0.5546817,1.4127548,4.7871604,3.4819336,-2.7553935,4.0569997,8.022659,5.3405843,2.7739573,-3.3002398,3.110767,9.95837,-1.3977935,-9.459321,-2.3206532,-0.7732359,1.2317952,2.5408852,7.7752457
374,4.3327937,-1.8847145,1.7995121,1.4150467,3.6414235,6.6055207,-2.060817,-2.7457678,1.461399,-0.074710794,9.15429,2.1819637,-1.972428,3.719357,4.8361163,3.1298666,5.461603,7.138899,-0.5757649,-2.208417,1.1912646,1.1288452,1.8939383,5.121465,2.6817656,-2.4014125,3.539993,9.424926,4.433755,0.14778738,-2.9115715,2.0559714,9.778099,-6.0912294,-6.193212,-2.875033,-1.4761283,1.2533914,3.3760443,8.347268
375,2.0021844,-2.420015,2.2392497,2.3537443,4.2307453,5.7732005,-3.4271648,-1.5761169,1.439826,1.1222476,9.103045,1.3396895,-1.9650693,3.578711,5.9702573,3.89283,5.7664757,5.7662144,-2.521022,-1.3044146,1.2680858,1.7027539,2.4699876,5.346187,1.8072786,-2.1120994,2.9181008,10.279889,2.6285164,-1.6522795,-2.2987916,1.021691,9.3593,-7.8236294,-1.004272,-3.301913,-1.7497579,1.0097811,4.173002,8.703864
376,-0.61181045,-2.1267848,2.2737262,3.396181,4.8058043,4.3827763,-4.2471275,-0.41900212,1.5042651,2.1685557,8.986387,0.115212776,-1.6821427,3.27369,7.106891,4.8137684,5.494623,3.8049111,-3.5388756,-0.3296294,1.4047672,2.2414596,3.131046,5.3840137,0.85996616,-1.797644,2.292707,10.621385,0.53358537,-2.1351635,-1.706264,0.2734198,9.127688,-6.633245,3.8417692,-2.3145483,-1.198762,0.796924,4.8003645,8.619756
377,-2.9229217,-1.091449,2.1058724,4.333741,5.1992707,2.5208457,-4.500425,0.38315904,1.8345479,3.1598847,8.64252,-1.2507862,-1.0500231,2.951863,8.158112,5.673347,4.356026,1.8356919,-3.665687,0.29453713,1.7347833,2.7849994,3.8247306,5.143946,-0.10171538,-1.3781023,1.7728926,10.619716,-1.1144819,-1.4317169,-1.2654631,-0.13803102,9.061083,-3.5070117,6.729007,-0.6693449,-0.43303913,0.890933,5.320462,7.931244
378,-4.5255747,0.3035114,2.2429385,5.0963902,5.179374,0.45554435,-4.231033,0.62688977,2.3541765,4.183322,7.8875194,-2.5270057,-0.107930504,2.9010081,9.066711,5.9978037,2.366363,0.57368636,-3.2697666,0.5301654,2.18095,3.3946035,4.4648323,4.5429645,-0.9586767,-0.8342011,1.4761723,10.456691,-1.8932992,-0.07590253,-0.86163145,-0.25362554,9.013142,0.36028263,7.5079947,0.23565371,0.009886731,1.1856799,5.8259115,6.6178956
379,-5.358789,1.441798,3.0011258,5.7308397,4.491929,-1.4058298,-3.5276368,0.39590293,2.8556685,5.2273545,6.5811076,-3.539534,0.9039782,3.408648,9.8135605,5.2165813,0.118773475,0.4067437,-2.734285,0.6003804,2.6521652,4.1097445,4.935399,3.5489254,-1.5664492,-0.2409927,1.4922146,10.238706,-1.8165109,1.3434772,-0.37426114,-0.10734886,8.937714,3.9576027,6.568253,-0.09199085,0.35292783,1.5697248,6.300525,4.795104
380,-5.578427,1.7953842,4.1987987,6.201063,2.9998674,-2.6300628,-2.6028175,0.0051122895,3.19114,6.1736984,4.7091265,-4.2020135,1.5762106,4.515235,10.275736,3.0425513,-1.4398324,1.0078092,-2.16027,0.6961735,3.1312385,4.9204054,5.0817695,2.2314434,-1.8125974,0.26592773,1.8253481,10.005283,-1.1939135,2.4333878,0.18263662,0.25272185,8.910569,6.5053854,4.162128,-0.9503645,0.8095194,2.0837102,6.656365,2.6290662
381,-5.2770176,1.2151972,5.2897067,6.373728,0.88670313,-2.9319239,-1.7930293,-0.25508788,3.3647501,6.8587117,2.4231732,-4.4594703,1.5421019,5.8458266,10.111016,-0.1457021,-1.6346858,1.614902,-1.5043565,0.86910707,3.6411338,5.7585173,4.7275057,0.79532856,-1.6687224,0.59362626,2.3801048,9.781628,-0.40775225,3.073718,0.7400919,0.7693806,9.030188,7.4560814,0.8197369,-1.257298,1.1609128,2.7622128,6.7676396,0.2989081
382,-4.3716884,0.023645261,5.7766986,6.2097764,-1.3182061,-2.311595,-1.3029363,-0.30610627,3.4668856,7.1637897,0.01765897,-4.184803,0.7589707,6.7755184,9.071514,-3.2913766,-0.4957374,1.909644,-0.85707974,1.0953991,4.2034125,6.497461,3.7486494,-0.44348186,-1.2275397,0.77520293,3.030366,9.59726,0.25239173,3.3396373,1.2738765,1.4140353,9.302242,6.611862,-2.381452,-0.5710583,1.3144251,3.4811294,6.5017977,-1.9293642
383,-2.8197184,-1.1043797,5.6200466,5.8306484,-3.0547273,-1.0258962,-1.0046793,-0.19516912,3.5819285,7.059184,-2.1286557,-3.208313,-0.34961042,6.9640326,7.4436026,-5.39684,1.250595,2.2963264,-0.34123152,1.3632842,4.827973,6.956385,2.1818979,-1.1613503,-0.6924452,0.9334131,3.7076585,9.457345,0.6323307,3.3848171,1.8199058,2.193857,9.576728,4.2194705,-4.4268465,0.52466667,1.6496502,4.1364393,5.764653,-3.6916265
384,-0.9243273,-1.5398961,5.231553,5.3481765,-4.064757,0.54498845,-0.5991384,0.04586843,3.7651436,6.5881643,-3.6710215,-1.5557612,-1.0914325,6.681552,5.7518163,-6.297238,2.6977818,3.1553676,-0.0066203806,1.6678038,5.5102386,6.931244,0.28533763,-1.1677494,-0.25679237,1.1606265,4.4164057,9.315012,0.6780809,3.3678527,2.444919,3.1224873,9.545387,0.9094854,-4.9339976,1.0245602,2.3487937,4.737266,4.513144,-4.7218666
385,0.72656685,-1.0972068,5.0176625,4.755734,-4.4158196,2.0215464,0.11241012,0.39641762,4.037693,5.8297815,-4.4654007,0.3843668,-0.944605,6.44668,4.167942,-6.438382,3.328729,4.3719454,0.15084025,1.9850261,6.2161665,6.2670946,-1.528483,-0.5128101,0.06700717,1.4694228,5.1844745,9.074279,0.40062287,3.417214,3.2242267,4.165002,8.805783,-2.4452238,-3.9729018,0.5947038,3.0307221,5.265953,2.8133514,-5.0188084
386,1.6723009,-0.037179235,5.065127,3.982271,-4.328278,3.1240559,1.1366308,0.8109429,4.367181,4.8707,-4.6290817,2.0557415,0.1759362,6.4613013,2.4995892,-6.250752,3.0451314,5.5922985,0.26385793,2.2933939,6.8704357,4.940576,-2.8769076,0.48787984,0.45750728,1.85594,6.0165863,8.606575,-0.13599484,3.600364,4.23185,5.159701,7.035296,-4.9473567,-1.958101,-0.05485389,3.3772595,5.6510067,0.8863408,-4.767429
387,1.8435085,1.2071742,5.2508116,2.977443,-4.015782,3.722644,2.3537657,1.249855,4.670621,3.7926445,-4.416671,3.0769982,1.9719033,6.45824,0.51983833,-5.8402963,1.9419234,6.515212,0.61503243,2.591812,7.356347,3.0951014,-3.5666804,1.3744256,1.0821975,2.3563316,6.8738675,7.763989,-0.8232115,3.8870127,5.509097,5.746824,4.254707,-6.1062164,0.11782434,-0.03521716,3.5642116,5.7716737,-0.990754,-4.1307926
388,1.5079439,2.287905,5.43989,1.7632086,-3.607904,3.8215587,3.613953,1.7198873,4.845422,2.666118,-4.046172,3.3737748,3.9461975,5.951005,-1.6915271,-5.0066304,0.28123733,6.9450264,1.5105044,2.8889441,7.5229473,1.0113429,-3.5887513,1.7957978,1.923651,3.0445044,7.6596193,6.398349,-1.52261,4.1303906,6.975838,5.4085755,1.0050796,-6.0633955,1.1981859,0.7285129,3.8498688,5.4925404,-2.5912797,-3.184785
389,1.0781052,3.075788,5.537511,0.4349453,-3.1361928,3.5160742,4.7942033,2.2630348,4.788997,1.5523423,-3.6184123,3.094387,5.611936,4.6310215,-3.6102128,-3.5844293,-1.3686148,6.8090324,3.0489426,3.1905136,7.2091217,-0.9571567,-3.0237832,1.7158375,2.8177326,4.003885,8.189525,4.4079046,-2.0653253,4.1128216,8.345454,3.7895203,-1.7233312,-5.3159156,1.0747973,1.6641977,4.282219,4.734623,-3.7528222,-2.0336041
390,0.8912905,3.6413774,5.4597178,-0.8728432,-2.5648942,2.9656584,5.8122473,2.9001577,4.3996468,0.5227673,-3.141669,2.481646,6.6991434,2.6655989,-4.649483,-1.8692086,-2.336254,6.2327323,4.969618,3.4730382,6.3035684,-2.4768257,-2.0370147,1.4091915,3.616502,5.2506504,8.146263,1.8519874,-2.2320588,3.6918752,9.239717,1.2188271,-2.94531,-4.455806,0.34732068,2.3078399,4.8007984,3.5308094,-4.398084,-0.9026165
391,1.0574257,4.119381,5.12278,-2.0227962,-1.8583221,2.3818965,6.62836,3.5641985,3.597453,-0.31432772,-2.6059525,1.78191,7.2345004,0.58071584,-4.673981,-0.4541277,-2.4101977,5.481078,6.832058,3.6151514,4.836662,-3.3485198,-0.9279687,1.239059,4.30049,6.6250196,7.1047454,-0.86660403,-1.8362831,2.9977095,9.512716,-1.2697291,-2.3550043,-3.853473,-0.3389674,2.5766435,5.2944803,2.0259695,-4.5440407,-0.064322166
392,1.4693196,4.5908623,4.465035,-2.9012651,-1.0552366,1.989313,7.253977,4.070125,2.3931317,-0.81690335,-2.0444057,1.1864359,7.419835,-1.142445,-3.9415023,0.35848156,-1.9047921,4.793642,8.321497,3.388199,3.0698125,-3.572665,-0.03812586,1.3933215,4.964275,7.759104,4.7874093,-2.9898973,-1.0408899,2.4381618,9.356223,-2.7449837,-0.5028632,-3.3814352,-0.657621,2.6029027,5.649437,0.4354944,-4.249317,0.3247225
393,1.9356824,5.058998,3.4792962,-3.4399052,-0.2938333,1.9406825,7.7452493,4.1656704,0.96198446,-0.8755484,-1.524241,0.7974574,7.451255,-2.2740426,-2.767839,0.7057457,-1.2081119,4.3204594,9.32634,2.6126227,1.4793355,-3.3209515,0.46415618,1.8227557,5.718011,8.16838,1.4632976,-3.8072152,-0.4657673,2.2728474,9.034515,-2.993686,1.6867557,-2.7537546,-0.5393712,2.5941098,5.8036165,-1.0242759,-3.5669196,0.31550583
394,2.323333,5.47664,2.2318957,-3.6199377,0.24860139,2.2399027,8.155246,3.651084,-0.37192845,-0.5160996,-1.073189,0.6333102,7.4348726,-2.7841418,-1.4068629,0.89240974,-0.5143814,4.1327415,9.848932,1.3435085,0.5545556,-2.8397477,0.66014105,2.3858175,6.5772343,7.4255095,-1.9638911,-3.1177917,-0.49359906,2.287395,8.731533,-2.3025112,3.479741,-1.9269633,-0.12836516,2.7185552,5.7426453,-2.2006838,-2.5555248,0.12796253
395,2.6233099,5.776984,0.8510714,-3.4475777,0.46379867,2.744372,8.476127,2.4981685,-1.2663391,0.062450677,-0.6454714,0.6711909,7.401855,-2.7504783,-0.0705422,1.1497961,0.14046359,4.2419615,9.917828,-0.117944844,0.54539734,-2.3088977,0.741376,2.9881928,7.4014554,5.3886943,-4.4396806,-1.4406409,-0.69374335,2.2411487,8.575286,-1.0370438,4.5444517,-1.0849266,0.35477555,3.0143988,5.4666276,-3.0206313,-1.3241111,0.031026231
396,2.9161932,5.8914504,-0.5078758,-2.9297736,0.388199,3.2562482,8.636538,0.9031377,-1.5060538,0.5980904,-0.1856512,0.8843893,7.35121,-2.3115456,1.0760219,1.5625529,0.7770544,4.612919,9.552018,-1.3953058,1.3590212,-1.7320187,0.8577172,3.6089642,7.9264336,2.3693027,-5.4334717,0.1315112,-0.47399414,2.2403338,8.58423,0.4605399,4.8469715,-0.44273055,0.7834713,3.423844,4.983936,-3.4790704,-0.048176285,0.22415641
397,3.2841303,5.7500362,-1.6965053,-2.0913012,0.1979315,3.647181,8.562137,-0.76941884,-1.0642948,0.9622544,0.3062624,1.2499753,7.277723,-1.6367838,1.9463054,2.1080315,1.4268523,5.1702676,8.767268,-2.2389112,2.6366265,-0.9791838,1.0734783,4.2581325,7.8685837,-0.953163,-5.0358114,0.7477397,0.1382174,2.4481401,8.710624,1.8357921,4.4917264,-0.07714133,1.1489434,3.8777168,4.3200917,-3.62903,1.0742316,0.78076416
398,3.7454104,5.277846,-2.597203,-1.0269691,0.12712732,3.9295692,8.228858,-2.1494133,-0.09043423,1.2520243,0.7940266,1.7439003,7.181612,-0.89271736,2.5397968,2.730831,2.1274478,5.803993,7.5925174,-2.6156719,3.9389021,0.056922883,1.3783901,4.914988,7.042172,-3.8069537,-3.5845814,0.4991068,0.75142443,2.9029405,8.921398,2.7555766,3.656021,0.11266876,1.4840573,4.328149,3.5122178,-3.5587997,1.8914783,1.660406
399,4.2396755,4.4129343,-3.1436772,0.071104996,0.35631743,4.2141485,7.650631,-3.0329924,1.1381351,1.6810331,1.2512606,2.332518,7.0664864,-0.21242453,2.9152544,3.3970313,2.9160695,6.369124,6.072173,-2.6443238,4.9331207,1.3633386,1.7242537,5.4853754,5.4608445,-5.643276,-1.614411,0.14469498,1.1910323,3.573424,9.181498,2.967396,2.6038382,0.3017796,1.8168229,4.7357845,2.5987678,-3.3520012,2.3364058,2.751326
400,4.644398,3.1505961,-3.3286889,0.9639696,0.9358371,4.5980105,6.8313727,-3.4367583,2.3067408,2.3960013,1.667853,2.9636314,6.9322276,0.32271504,3.1537743,4.109596,3.806513,6.674123,4.27249,-2.4580617,5.4715343,2.8294265,2.0736864,5.8197536,3.3686354,-6.3674355,0.11658225,0.2839107,1.5601633,4.402442,9.383486,2.3654737,1.6874657,0.5978005,2.1799095,5.055334,1.6167384,-3.0542905,2.4231255,3.907512
401,4.81026,1.5914941,-3.1845655,1.4744284,1.7788968,5.0897965,5.743896,-3.5158734,3.1681643,3.395639,2.0458252,3.5681298,6.770284,0.6880924,3.331725,4.8953147,4.7517257,6.4768972,2.3268962,-2.1229866,5.567384,4.3126426,2.4108832,5.7743187,1.1461446,-6.241871,1.0195198,0.91999614,1.992731,5.335999,9.306389,1.0634389,1.2574376,0.9996566,2.609385,5.233144,0.6052938,-2.6656585,2.2295954,4.9785624
402,4.616301,-0.046230137,-2.7593787,1.5797504,2.7163224,5.6116056,4.354599,-3.432087,3.5896342,4.5736747,2.4170856,4.074936,6.564133,0.9096844,3.5075119,5.778553,5.5965652,5.540671,0.50199586,-1.6747755,5.3542156,5.686233,2.7013936,5.265909,-0.8257017,-5.5768633,1.0197606,1.700008,2.5937293,6.319948,8.654808,-0.5849613,1.4866338,1.5113734,3.1098166,5.2057924,-0.38287142,-2.1600502,1.8848376,5.8476324
403,4.0221214,-1.4855205,-2.1266365,1.424433,3.5864305,6.033848,2.675362,-3.2564204,3.5353603,5.7912693,2.8596249,4.4231377,6.2912736,1.0498338,3.7191076,6.7477617,6.046196,3.7996395,-0.81633687,-1.2155951,5.0307045,6.870406,2.8427708,4.322112,-2.2545416,-4.6005645,0.4651061,2.3106105,3.4590452,7.266461,7.1578026,-2.10344,2.2023528,2.2572618,3.6401892,4.893393,-1.2683355,-1.5262129,1.553125,6.4710917
404,3.0748646,-2.4972634,-1.4124029,1.2329942,4.312423,6.2063923,0.81222314,-2.9426622,3.0542238,6.9143786,3.4818528,4.554654,5.926369,1.1916392,3.9900696,7.717954,5.722049,1.5688379,-1.3107588,-0.89184576,4.7465324,7.837448,2.6766891,3.132401,-3.0058174,-3.5150042,-0.18864553,2.638141,4.6000023,7.97402,4.7005057,-3.096087,2.8872309,3.3645873,4.1187944,4.2031736,-1.9472611,-0.8141471,1.3958288,6.882779
405,1.8717017,-2.9693549,-0.7797472,1.1757355,4.9109554,5.99289,-1.0238855,-2.3837514,2.31639,7.8313293,4.357193,4.39431,5.456368,1.4275593,4.3415847,8.506329,4.371765,-0.45438498,-1.0131658,-0.7006932,4.5413866,8.571995,2.0982301,2.032391,-3.1504157,-2.4981494,-0.63721836,2.7230024,5.888074,8.067612,1.4948606,-3.3310082,2.986892,4.700132,4.434099,3.0879452,-2.3176296,-0.14922245,1.5096834,7.142295
406,0.53245413,-2.8911905,-0.35390496,1.2924993,5.432625,5.3143463,-2.5714476,-1.5420537,1.6332315,8.492423,5.4149375,3.8509924,4.920531,1.8489989,4.8014584,8.849877,2.131786,-1.5607082,-0.37431535,-0.4631431,4.4348636,9.034404,1.1672901,1.3676386,-2.9091017,-1.6302353,-0.79173684,2.6714432,7.1028814,7.1275425,-1.7918986,-2.7362657,2.4093487,5.875518,4.5110188,1.6452127,-2.3253124,0.32860225,1.8784785,7.2706523
407,-0.7937319,-2.3084915,-0.14178027,1.525207,5.899573,4.183333,-3.6251824,-0.56792533,1.3407828,8.959068,6.371291,2.8747253,4.4505124,2.5315514,5.3870096,8.469906,-0.4318664,-1.4634706,0.12299168,-0.080498464,4.4815354,9.180766,0.096921094,1.3269515,-2.4957192,-0.88917595,-0.6897152,2.6037939,8.035412,5.0218644,-4.2533984,-1.5957888,1.6942619,6.6385884,4.3228407,0.119552955,-1.9930882,0.5713306,2.3928032,7.2391996
408,-1.9342674,-1.317549,-0.012831512,1.8104802,6.2876744,2.7059603,-4.113818,0.23654105,1.5823456,9.382023,6.8087,1.5470777,4.224666,3.5298486,6.0350685,7.1583185,-2.6054888,-0.4276923,0.4340228,0.38998768,4.7178965,8.99716,-0.862203,1.8741384,-1.9911685,-0.22399026,-0.3971665,2.6260338,8.560472,2.1090596,-5.3093204,-0.6376222,1.3954915,7.0844626,3.8022451,-1.2118604,-1.4112693,0.6665778,2.9360473,7.0112305
409,-2.7489612,-0.08730694,0.2334965,2.1439066,6.540316,1.0489875,-4.069759,0.61534584,2.2104049,9.880699,6.36495,0.11147906,4.298939,4.882136,6.4940014,4.883447,-3.896156,0.85856074,0.858057,0.902604,5.1320972,8.497004,-1.5405257,2.7974193,-1.3499013,0.38184112,0.029883431,2.8075686,8.62864,-0.94031984,-4.9073553,-0.4280596,1.4345315,7.3921995,2.9024673,-2.1340659,-0.73280215,0.77173346,3.4563289,6.575463
410,-3.1944087,1.1545924,0.7595888,2.5656016,6.5778046,-0.59865016,-3.5413194,0.5382661,2.908229,10.42442,4.9025755,-1.1076217,4.464251,6.5337305,6.2798934,1.940018,-4.1887655,1.6535053,1.5516706,1.4841437,5.669836,7.6984253,-1.9004604,3.8206766,-0.5027566,0.890871,0.54158473,3.1667407,8.22225,-3.4562342,-3.2747607,-0.75732005,1.427669,7.626752,1.7472066,-2.5439782,-0.13984264,1.0015631,3.962395,5.9415164
411,-3.3309627,2.18863,1.622307,3.0973017,6.295013,-2.0447872,-2.5771937,0.22640646,3.4163468,10.832217,2.6098204,-1.808069,4.3607607,8.169013,4.9068003,-0.9155117,-3.6977592,1.6771075,2.3555737,2.2084708,6.2441244,6.6054587,-2.0040863,4.7114787,0.5515354,1.2337261,1.0835236,3.6675735,7.3519807,-5.0088286,-0.8943609,-0.90249753,1.3305473,7.7813272,0.57945555,-2.4591248,0.25433636,1.3688443,4.4713397,5.122887
412,-3.2678452,2.868966,2.773827,3.6927626,5.576865,-3.115832,-1.3125869,0.021744106,3.7040668,10.898521,-0.01063745,-1.7491379,3.8622537,9.291345,2.45006,-2.6802447,-2.9291856,1.2422788,3.060494,3.161904,6.7377625,5.196419,-1.937154,5.3349004,1.727146,1.3574562,1.6008883,4.2328568,6.0873775,-5.5724716,1.480378,-0.35232928,1.3987368,7.8403664,-0.42509738,-1.9699283,0.4671073,1.8189784,4.972231,4.1323814
413,-3.0941267,3.142185,4.0909386,4.223218,4.356656,-3.7062294,-0.029894296,0.18352605,3.9498785,10.512788,-2.33525,-0.84260786,3.3606708,9.657468,-0.28164926,-2.7871213,-2.3891945,0.77557015,3.610601,4.3614426,6.969855,3.4519703,-1.7428206,5.6498003,2.8878055,1.2654297,2.055022,4.7724147,4.553704,-5.4632683,3.182389,0.8943199,1.7718214,7.7634783,-1.2175112,-1.1854872,0.6128828,2.2993698,5.4214916,2.9883008
414,-2.8365788,3.0338092,5.4008603,4.4998026,2.6994348,-3.814666,0.9364392,0.75834674,4.3508773,9.650353,-3.9344141,0.63946027,3.5197926,9.356105,-2.4733489,-1.4319217,-2.0927787,0.46938294,4.037466,5.71165,6.668488,1.4536695,-1.4123535,5.6943502,3.8974776,1.0226959,2.4348278,5.209646,2.8858783,-5.0554795,3.9398992,2.5462782,2.4001746,7.4422755,-1.8029364,-0.22299944,0.8362817,2.796317,5.7487774,1.7247223
415,-2.4591506,2.6408405,6.519625,4.347117,0.8503485,-3.5236528,1.3918908,1.6045232,4.9681563,8.299537,-4.7863765,2.066653,4.6438274,8.369709,-3.8764899,0.73255265,-1.6557457,0.4071132,4.3981876,7.0085526,5.54552,-0.5065331,-0.9729376,5.5865455,4.667395,0.72424936,2.751926,5.490832,1.1968164,-4.556891,3.818452,4.2740183,3.1992571,6.7218823,-2.1961224,0.77504563,1.2597187,3.326846,5.859461,0.40540606
416,-1.9072161,2.1358128,7.322784,3.7041326,-0.82307774,-2.962929,1.388314,2.511894,5.7118473,6.438813,-5.180673,2.819809,6.342295,6.5170207,-4.626494,2.9144883,-0.74097526,0.60585785,4.7829247,7.969619,3.4964607,-1.9435102,-0.6061486,5.47249,5.194059,0.44426423,3.0254204,5.5827584,-0.41264862,-3.9768124,3.0510817,5.7961164,4.08882,5.463994,-2.4214027,1.6413755,1.9474032,3.903178,5.637155,-0.8622927
417,-1.1877048,1.7428021,7.804101,2.660087,-1.9904122,-2.2945795,1.1528398,3.3216238,6.3897996,4.078052,-5.374742,2.5882273,7.8605504,3.944306,-4.8841605,4.3990483,0.7060855,0.9574357,5.250687,8.305793,0.80517745,-2.381215,-0.55091506,5.391597,5.561783,0.21401037,3.2709465,5.473202,-1.8316145,-3.2173939,1.9709786,6.9016633,4.9210334,3.6291268,-2.4840047,2.213518,2.8818116,4.4939547,4.9635224,-1.9297501
418,-0.43215823,1.6498008,8.044412,1.3844686,-2.4864066,-1.682196,0.9150171,3.9799385,6.765001,1.3517889,-5.3105364,1.3803632,8.67873,1.346594,-4.7127237,4.8201566,2.435456,1.3630824,5.7514386,7.8199606,-1.8600786,-1.6327537,-0.7307643,5.275464,5.8795085,0.049823314,3.4996462,5.174698,-2.945166,-2.2076895,0.9845412,7.5189424,5.445213,1.3762747,-2.3234825,2.3912182,3.9510334,5.0038767,3.774216,-2.642549
419,0.14575402,1.8977036,8.110892,0.050037786,-2.3068728,-1.2248299,0.7910499,4.5121565,6.635166,-1.381804,-4.6278505,-0.4571244,8.790532,-0.444758,-4.1592436,4.3444943,4.0813203,1.9070541,6.165115,6.5033846,-3.7957537,-0.042598993,-0.6385784,5.1616173,6.1692677,-0.03273102,3.7193084,4.7222567,-3.6761844,-1.010112,0.46496722,7.777363,5.3934445,-0.9132798,-1.8504261,2.230758,4.9765744,5.2856894,2.140198,-2.8941493
420,0.40738544,2.356808,8.010961,-1.1714178,-1.5468328,-0.90213233,0.7968787,4.9642544,5.9233,-3.5946212,-3.0411584,-2.172623,8.563005,-1.0516441,-3.3680265,3.4922636,5.4352427,2.7599416,6.3292003,4.5396285,-4.7139797,1.5788741,0.16455527,5.21591,6.3221025,-0.050867684,3.9321377,4.165677,-4.025907,0.179722,0.6061381,7.9146676,4.6056585,-2.7844198,-1.0987765,1.9891243,5.817557,5.179459,0.30967587,-2.660874
421,0.41796583,2.8448513,7.7418356,-2.1056492,-0.37882805,-0.5838413,0.9226499,5.3643703,4.7156196,-4.894027,-0.8169828,-2.8800416,8.412636,-0.740506,-2.5655754,2.7140405,6.504212,3.9308298,5.9722157,2.246815,-4.783173,2.4874206,1.5953221,5.518057,6.166364,-0.05982464,4.1368637,3.5621314,-4.071553,1.1395667,1.3734797,8.058787,3.0676694,-3.910349,-0.3380353,1.960981,6.457808,4.5595407,-1.3570971,-2.0227013
422,0.39636782,3.274958,7.3335285,-2.6355178,0.9569885,-0.111953706,1.1726446,5.710202,3.1989644,-5.294547,1.2706995,-2.1587257,8.48023,-0.14683616,-1.9240203,2.1701376,7.3768616,5.152519,4.759653,0.10370999,-4.329343,2.477118,3.1949813,6.0285583,5.55348,-0.104382455,4.3354,2.9666026,-3.923477,1.7312001,2.56489,8.095104,0.9171639,-4.1411724,0.057519544,2.2060113,6.945983,3.3920326,-2.53149,-1.1867267
423,0.5258363,3.675908,6.8270164,-2.7651467,2.2130308,0.6060388,1.5499024,5.959837,1.555217,-5.0991488,2.538928,-0.32443905,8.573877,0.09285988,-1.4481788,1.8234502,8.111241,5.951191,2.6023607,-1.2644784,-3.685683,1.8585031,4.537667,6.66058,4.4180593,-0.17471404,4.52992,2.419811,-3.678501,1.9363439,3.8994045,7.734726,-1.492746,-3.4365256,-0.048945695,2.5097673,7.292839,1.8035829,-3.0316455,-0.4412368
424,0.828382,4.104281,6.2449927,-2.6062303,3.2168767,1.5687633,2.0318267,6.0239773,-0.07831058,-4.577054,2.7988741,1.8754054,8.43121,-0.35309428,-0.96282077,1.6234965,8.707628,5.8702674,-0.020201635,-1.407496,-3.1296904,1.0888785,5.4480906,7.256781,2.8133268,-0.19060524,4.7128654,1.9377162,-3.3964782,1.8275155,5.105048,6.7414613,-3.611445,-1.9314084,-0.33685517,2.679314,7.470814,0.086143896,-2.8409624,0.0109775495
425,1.2177504,4.5819798,5.593128,-2.3062367,3.9068992,2.716602,2.562331,5.7801867,-1.5692276,-3.8238938,2.2989714,3.7475023,7.9287663,-1.3441633,-0.26247036,1.6373583,9.144324,4.742864,-2.2434301,-0.47458294,-2.6768155,0.47232723,5.955629,7.6032777,0.9323339,-0.033569716,4.8751206,1.5041132,-3.1004794,1.5168146,6.0059586,5.1488123,-4.975117,-0.10672913,-0.26905665,2.7933223,7.448335,-1.4324669,-2.059681,0.19678983
426,1.6280581,5.092666,4.868978,-1.9839633,4.3065853,3.9729655,3.0432,5.122721,-2.7541173,-2.8621027,1.5036691,4.97095,7.1096635,-2.4409237,0.6679124,2.0588233,9.400906,2.7475297,-3.4386687,0.8177624,-2.1228275,0.14167883,6.192928,7.531966,-0.9284614,0.35910034,5.0391192,1.0740525,-2.7868984,1.1125621,6.565807,3.2485282,-5.502229,1.3632206,0.41458198,3.050811,7.1818824,-2.5441704,-0.8697553,0.33467448
427,2.0671728,5.5915217,4.0609784,-1.7007189,4.47556,5.2542,3.3237936,4.0427785,-3.4776504,-1.8005972,0.8617011,5.626789,6.098707,-3.2832456,1.5980437,3.0423362,9.361737,0.221062,-3.4831064,1.7337499,-1.3921425,0.09802769,6.3248224,6.9888387,-2.4978623,0.91065645,5.265739,0.59747547,-2.4332542,0.6987816,6.855294,1.3819683,-5.4003186,2.0446248,1.546127,3.5275548,6.5997405,-3.2015967,0.47481927,0.6697929
428,2.5784576,6.0032983,3.1491573,-1.4591018,4.475596,6.4582353,3.2272255,2.701956,-3.6839125,-0.8505641,0.61177087,5.978464,4.9818983,-3.7808764,2.217392,4.4863377,8.714992,-2.4274676,-2.5397646,2.0341978,-0.6294777,0.26477933,6.4669952,6.0142646,-3.6475585,1.4182211,5.59857,0.057703443,-2.0018916,0.34021708,6.9831643,-0.21306504,-4.8758717,1.9335302,2.7594063,4.1744905,5.6269293,-3.4768689,1.6884869,1.338592
429,3.192936,6.2113156,2.1240408,-1.2160155,4.365623,7.464831,2.6410508,1.426776,-3.4642298,-0.17412007,0.74285156,6.2304688,3.767796,-4.015058,2.327379,6.005254,7.1414437,-4.6710854,-0.989364,2.0545678,0.010268553,0.5778366,6.6530666,4.68254,-4.3869076,1.648526,6.008402,-0.48869857,-1.4520429,0.10239619,7.043368,-1.412927,-4.021433,1.3350526,3.7422729,4.8871264,4.2394958,-3.494022,2.5330656,2.3355005
430,3.914596,6.0555835,1.0211517,-0.9106245,4.217781,8.166643,1.6227968,0.5819885,-3.0078735,0.23222825,1.1193645,6.451002,2.4356601,-4.060101,1.9067491,7.160975,4.718811,-6.051429,0.45169118,2.2947116,0.5036896,1.0003184,6.8533907,3.0682962,-4.7614236,1.432969,6.405776,-0.89199543,-0.7766344,0.063758194,7.088073,-2.1714463,-2.8895552,0.66441625,4.3692517,5.515369,2.508704,-3.3393605,2.8774621,3.5485837
431,4.7072153,5.3619475,-0.04952683,-0.5153466,4.1279726,8.51088,0.40909243,0.39287955,-2.485661,0.48713142,1.6210955,6.612928,0.99706644,-3.8869185,1.0773598,7.754034,2.0074,-6.453479,1.0559347,2.8651419,0.9191386,1.4933109,6.9932184,1.2677103,-4.7486167,0.72696537,6.6923423,-0.9445571,-0.049711533,0.29033506,7.1167665,-2.5050938,-1.5856286,0.26830924,4.7156425,5.884584,0.61141,-3.001829,2.722879,4.8029737
432,5.454275,4.0217447,-0.9022713,-0.09012676,4.186693,8.51113,-0.70571405,0.8516791,-1.9500922,0.7101924,2.190446,6.6448874,-0.46514097,-3.3768163,0.06070261,7.9010515,-0.32760125,-6.005649,0.6635836,3.4524584,1.3951972,2.0232728,6.96839,-0.5525824,-4.2324324,-0.33446097,6.7950344,-0.48425505,0.5745871,0.7728436,7.088157,-2.4899342,-0.27486628,0.31697434,4.959959,5.849818,-1.2074369,-2.4080474,2.2290282,5.90884
433,5.928274,2.114785,-1.3190333,0.23356177,4.4132056,8.227957,-1.5119314,1.7570401,-1.3371416,0.9670341,2.8082337,6.464509,-1.7947699,-2.4243438,-0.84192735,7.8793244,-1.871871,-4.8749285,-0.25761557,3.7514045,2.089063,2.5827975,6.6643786,-2.1450775,-3.1081965,-1.3976566,6.694582,0.48207545,0.94874585,1.3952014,6.965322,-2.2375667,0.88338727,0.8109768,5.2423406,5.3235965,-2.7048373,-1.5423911,1.7077112,6.746947
434,5.8435926,-0.017602831,-1.1511402,0.39267027,4.7348614,7.751668,-1.9378614,2.8275793,-0.5569313,1.2694243,3.452949,6.007717,-2.8145874,-1.0736963,-1.2873716,7.916623,-2.5378377,-3.291695,-1.0591913,3.7357173,3.0326128,3.1662557,5.9807563,-3.2622826,-1.4772282,-1.9882971,6.466805,1.7366704,1.0343946,2.0018563,6.761247,-1.8528976,1.7976556,1.6585076,5.5754895,4.2723045,-3.7083566,-0.5605713,1.4947916,7.3420973
435,4.990315,-1.8787677,-0.467293,0.52840525,5.0766435,7.1752086,-2.0247362,3.81753,0.4224029,1.5945487,4.072998,5.2589855,-3.4168596,0.42230996,-1.0019455,8.051718,-2.4966369,-1.5861956,-1.3555295,3.5768518,4.1140366,3.7110767,4.8728356,-3.7915988,0.27543512,-1.7812569,6.2599025,2.9528985,0.90543413,2.5002666,6.53419,-1.4092554,2.4572458,2.7381854,5.8316083,2.7323492,-4.1487045,0.23211512,1.7407962,7.8056097
436,3.356744,-3.056954,0.3752435,0.8846858,5.44646,6.535797,-1.882258,4.5858445,1.5597826,1.911464,4.5863795,4.267667,-3.6185236,1.7072597,0.06467953,8.132402,-2.0916462,-0.063016094,-1.12776,3.451912,5.19107,4.062085,3.4020896,-3.8073661,1.6803552,-0.80071384,6.1850243,3.8447914,0.66501033,2.8849425,6.3473854,-0.95138526,2.9084904,3.9181547,5.7810884,0.86196786,-4.034463,0.57040054,2.3105285,8.181498
437,1.1885941,-3.3718529,0.91982096,1.5342183,5.8864255,5.790257,-1.6403215,5.0983863,2.7808964,2.1969929,4.90398,3.1361783,-3.524854,2.5152228,1.6795155,7.9558306,-1.7071376,1.1508058,-0.53527176,3.4603841,6.1557474,4.008065,1.7662984,-3.481723,2.4699123,0.65496796,6.262507,4.234208,0.39158157,3.1915169,6.242962,-0.50542814,3.2221909,5.0543413,5.181594,-1.0188153,-3.4260812,0.4391446,2.9035554,8.392008
438,-1.053276,-2.8336246,0.98168784,2.2973413,6.3943477,4.86834,-1.3982612,5.3851624,4.019209,2.4281216,4.9564586,1.9923679,-3.245632,2.782839,3.4458802,7.4157653,-1.5799592,2.1049423,0.29607654,3.649133,6.9138274,3.382125,0.28211394,-2.9813268,2.6727073,2.235415,6.4564404,4.0472536,0.14420171,3.4519954,6.239677,-0.083655104,3.4664884,5.994706,3.9154294,-2.4898946,-2.4920375,0.099882044,3.3034554,8.3350315
439,-2.8779612,-1.5876428,0.82310873,2.9672196,6.911082,3.7412338,-1.1916813,5.49483,5.2235594,2.5639997,4.7159696,0.96729565,-2.849122,2.6243865,5.0074263,6.5386515,-1.7073872,2.8832288,1.3417002,4.042355,7.338943,2.1736796,-0.69792414,-2.4472208,2.5075755,3.698299,6.6891913,3.2969766,-0.017011536,3.6798778,6.337446,0.31357914,3.6887083,6.5997076,2.1032753,-3.214687,-1.5468973,-0.1308405,3.5165715,7.9852533
440,-3.9935162,0.050659016,0.9282888,3.534574,7.319912,2.4356415,-0.98857886,5.4751997,6.3397245,2.5412378,4.218418,0.17594512,-2.3746374,2.2413492,6.1811094,5.43886,-1.9417676,3.4886196,2.6294715,4.6292453,7.242791,0.5941568,-0.92628306,-1.9805044,2.216429,4.9430246,6.8231115,2.0787244,-0.022101786,3.8841193,6.5188127,0.6931557,3.9064233,6.773419,0.088328846,-3.0908697,-0.8863542,-0.12755531,3.671169,7.397001
441,-4.403436,1.6402744,1.6243774,4.1388745,7.441106,1.0108432,-0.7155534,5.386484,7.2946215,2.2945786,3.5799062,-0.31105524,-1.860343,1.8330709,6.9618545,4.250219,-2.1418352,3.8523269,4.1584773,5.3128643,6.3998775,-0.95660233,-0.41040522,-1.5713124,1.9635723,5.9608684,6.6763825,0.5788913,0.18515259,4.1028137,6.749629,1.0559549,4.1068363,6.4927874,-1.7139422,-2.2477818,-0.5526639,0.04766982,3.862941,6.6547103
442,-4.3230433,2.8098395,2.9245877,4.865703,7.030965,-0.43320104,-0.31886682,5.3276987,8.004453,1.7917362,2.9823585,-0.49167612,-1.3465282,1.5382928,7.44257,3.069631,-2.2358797,3.9090812,5.8341665,5.8452134,4.67836,-2.0434883,0.51794195,-1.0934052,1.842567,6.77593,6.0863338,-0.9413926,0.5815572,4.424566,6.986415,1.3728787,4.2545466,5.8233185,-2.9963632,-0.9733238,-0.3326937,0.3130289,4.1208763,5.831817
443,-4.0178547,3.4001043,4.625166,5.6188006,5.8233523,-1.7120619,0.14132944,5.4225287,8.401629,1.055338,2.6176324,-0.42221594,-0.860341,1.4213297,7.727078,1.9422697,-2.1959963,3.6561441,7.448816,5.836385,2.2627602,-2.4043257,1.3565156,-0.45290133,1.907405,7.4109364,4.9718065,-2.2173576,1.0058473,4.9427366,7.19048,1.5658098,4.31195,4.91036,-3.664882,0.37596962,0.025581367,0.6483807,4.4376974,4.966809
444,-3.6839714,3.4352899,6.4340715,6.0880246,3.7025988,-2.5501363,0.43854886,5.7138443,8.461473,0.16776708,2.616351,-0.16847493,-0.41100338,1.492182,7.8829236,0.8840592,-1.9960756,3.176745,8.7452135,4.958084,-0.23752436,-2.0939405,1.8025541,0.29968354,2.1815906,7.8597393,3.3595898,-3.052156,1.1966634,5.6422887,7.3422127,1.5293324,4.2734513,3.9396992,-3.817679,1.5033238,0.63628393,1.0603853,4.7829556,4.058457
445,-3.4053767,3.0227237,8.034,5.8447423,0.98167294,-2.681502,0.34278128,6.054877,8.232693,-0.7207344,2.993763,0.24366926,-0.0025121768,1.7314978,7.9331126,-0.08725814,-1.600627,2.6351478,9.557307,3.24568,-2.0583339,-1.4787834,1.943455,1.0619273,2.6695182,8.060998,1.3865299,-3.3093607,0.95497,6.334517,7.4548664,1.2052946,4.1915097,3.0773716,-3.6377652,2.269036,1.4693007,1.5509936,5.0969176,3.082741
446,-3.160812,2.2922556,9.159581,4.66618,-1.5504644,-2.0807607,-0.048565246,6.2304177,7.845389,-1.4177959,3.6369472,0.8304317,0.35149083,2.101653,7.868592,-0.9350872,-0.99000573,2.2420857,9.898234,1.1343994,-2.7418265,-0.99629235,2.0087352,1.8061644,3.3519373,7.888591,-0.6938461,-2.8732617,0.342961,6.7625165,7.5696845,0.6524955,4.1597075,2.4206562,-3.2926276,2.682571,2.4358742,2.1217308,5.2879543,2.0232525
447,-2.858104,1.3915237,9.722287,2.8421302,-3.1302166,-1.1231953,-0.3291772,6.2212477,7.4212985,-1.7908009,4.36049,1.5982466,0.62503237,2.5477633,7.6705995,-1.6098474,-0.19934668,2.1954396,9.881938,-0.841187,-2.2766643,-0.79936093,2.0963948,2.5718627,4.166605,7.181382,-2.5291476,-1.7333835,-0.24696545,6.8357067,7.695979,0.032335088,4.258673,1.9910493,-2.8935666,2.8292255,3.4563932,2.769057,5.2375383,0.9066042
448,-2.3979526,0.49722236,9.852724,1.0033915,-3.5607464,-0.3116459,-0.24452725,6.185325,6.9892077,-1.8427659,5.000929,2.4971297,0.7931024,3.004638,7.3355494,-2.0735097,0.6665009,2.6131234,9.569848,-2.3248975,-0.9397407,-0.6682193,2.2158976,3.3966992,4.9886155,5.8257723,-3.7939897,-0.18179362,-0.30797583,6.7493944,7.7421265,-0.49086335,4.5116816,1.7624416,-2.5023496,2.8058195,4.4791307,3.4553032,4.8167,-0.16807666
449,-1.7598404,-0.19963636,9.782067,-0.3425253,-3.1306756,0.15355703,0.13336328,6.2488217,6.523567,-1.6770791,5.4755707,3.4322639,0.8492134,3.415937,6.8892965,-2.324667,1.4661514,3.480112,8.913092,-3.215502,0.83622676,-0.25280917,2.402432,4.275298,5.609549,3.8556252,-4.360699,1.198113,0.39507315,6.800652,7.533803,-0.8486847,4.8803325,1.6933014,-2.1521845,2.6908188,5.4699373,4.0767946,3.9325578,-1.0323458
450,-1.0487952,-0.5528126,9.684007,-1.0265555,-2.2470913,0.3919462,0.6416549,6.4445696,5.9979053,-1.4176219,5.780147,4.3111334,0.8098453,3.7519884,6.380664,-2.4030046,2.0838675,4.6421766,7.826945,-3.621157,2.5697901,0.6609696,2.6960118,5.146207,5.7510586,1.5136613,-4.3031187,1.8908937,1.6592336,7.1279025,6.8862658,-1.0730962,5.2940164,1.7460216,-1.8635565,2.5377116,6.396732,4.4610257,2.6077383,-1.5096824
451,-0.4263059,-0.5302135,9.612962,-1.1372826,-1.2461681,0.5922978,1.19916,6.752169,5.3868423,-1.1569695,5.951879,5.0767136,0.70456266,4.012049,5.861582,-2.3703444,2.4722774,5.866566,6.293171,-3.7430484,3.8707945,2.0736153,3.0985956,5.872244,5.1650205,-0.75481856,-3.7678998,1.7963667,3.0301766,7.6735287,5.6714783,-1.2149856,5.6783338,1.8910824,-1.6512723,2.3771632,7.2216935,4.418721,1.0405629,-1.5133388
452,0.030940264,-0.2123956,9.550097,-0.8741406,-0.3511353,0.8587602,1.8010614,7.1254816,4.653862,-0.93964857,6.033747,5.7103643,0.56448525,4.2134905,5.370508,-2.2859647,2.6497693,6.9358783,4.393859,-3.7344615,4.5142937,3.8352194,3.5994732,6.230184,3.8111105,-2.4257743,-2.95518,1.240285,4.122342,8.262282,3.8899503,-1.2667154,5.9634976,2.0956614,-1.5242205,2.2210164,7.9048467,3.8416145,-0.4342537,-1.1138396
453,0.38168722,0.29402843,9.473352,-0.44979092,0.3322113,1.2094184,2.4694912,7.4959846,3.753073,-0.7627516,6.057818,6.216812,0.41717663,4.378827,4.926927,-2.192509,2.6695824,7.714336,2.2895377,-3.6151693,4.4269834,5.712526,4.191339,5.951822,1.9853879,-3.1582541,-2.14775,0.6618286,4.815928,8.657728,1.7181029,-1.1478192,6.1005425,2.3039696,-1.4793036,2.0672438,8.415846,2.784108,-1.4896575,-0.5209874
454,0.7286813,0.9298314,9.37828,-0.04711729,0.8001838,1.6290514,3.2264786,7.7651396,2.64775,-0.58341795,6.047962,6.60616,0.28598467,4.526965,4.533823,-2.1141822,2.5896344,8.162721,0.19760442,-3.269167,3.6974883,7.419124,4.811052,4.828402,0.24362662,-3.008317,-1.5569736,0.29108712,5.2056866,8.652845,-0.5254861,-0.7745594,6.1105123,2.43223,-1.4957378,1.9066112,8.746444,1.4620557,-1.9443207,0.027496034
455,1.1207575,1.682672,9.258031,0.1953611,1.1181246,2.1086488,4.080916,7.794987,1.3412032,-0.33723146,6.036441,6.88058,0.18756801,4.6692905,4.182971,-2.060845,2.456091,8.319811,-1.6207559,-2.5236287,2.6500986,8.686596,5.2506256,2.8842118,-0.86012584,-2.383645,-1.1652982,0.13750824,5.436961,8.163087,-2.5057662,-0.1728188,6.113178,2.3962393,-1.5407515,1.7291111,8.916158,0.1704276,-1.7946885,0.40554866
456,1.551304,2.552653,9.07985,0.19152544,1.3821547,2.6612923,5.012436,7.4082313,-0.08994539,0.018416276,6.0828557,7.029477,0.12305087,4.8098826,3.861132,-2.0328095,2.2986865,8.272909,-2.9050915,-1.3139318,1.8353304,9.429645,5.16278,0.5320719,-1.0432849,-1.7433487,-0.8339561,0.15139936,5.618129,7.2256007,-4.01814,0.47046247,6.2520423,2.1510262,-1.5820345,1.5272037,8.96767,-0.8184089,-1.1690123,0.65443015
457,2.0088122,3.5256333,8.771807,-0.084425315,1.6821966,3.3264635,5.9462557,6.4152865,-1.4800966,0.43254548,6.2661233,7.0366883,0.067177385,4.9499135,3.5576103,-2.0249531,2.1321418,8.126745,-3.4902174,0.16964197,1.7804426,9.811123,4.220365,-1.5304531,-0.44275358,-1.2584804,-0.47702342,0.30288434,5.810014,5.928011,-5.044078,0.87571204,6.562816,1.7196463,-1.586635,1.2990016,8.953377,-1.3261896,-0.27576876,0.91286254
458,2.5062542,4.5588098,8.221075,-0.5931025,2.0632825,4.165237,6.7197285,4.685448,-2.5904324,0.7088542,6.6144824,6.904577,-0.025252271,5.0943027,3.2716353,-2.0308478,1.9600419,7.9745793,-3.3838058,1.5550299,2.6668334,9.966778,2.2967021,-2.6808727,0.42702958,-0.80140615,-0.08653269,0.5823127,6.029416,4.3473444,-5.671077,0.79808545,6.928507,1.221888,-1.5163671,1.058052,8.918567,-1.2990439,0.6465974,1.2948534
459,3.07929,5.5714116,7.2898684,-1.2348099,2.485689,5.2258143,7.0524464,2.270236,-3.140927,0.586571,7.008517,6.6962943,-0.17955136,5.2536135,3.0129611,-2.0468514,1.7793227,7.878835,-2.741795,2.5525062,4.2486596,9.660904,-0.39606062,-2.6063118,1.0011457,-0.26585406,0.30699918,0.9803886,6.2480392,2.5434048,-5.9469557,0.11944275,7.1506076,0.88199747,-1.3577198,0.8426459,8.890072,-0.8024791,1.3945813,1.819225
460,3.7729878,6.432395,5.857115,-1.8652742,2.8065605,6.460079,6.5802846,-0.44995895,-2.8841186,0.012830533,7.211834,6.552572,-0.35847434,5.4366984,2.790182,-2.0739706,1.5837146,7.866788,-1.7615576,3.1258287,6.0206738,8.373215,-3.1926382,-1.3889558,1.1727902,0.27543667,0.68299073,1.4755754,6.3929253,0.60793996,-5.7766128,-1.0956401,7.041364,0.94875604,-1.1726514,0.6988278,8.877961,0.012088951,1.8541963,2.4289012
461,4.618897,6.9415054,3.8918064,-2.30852,2.8306649,7.6497955,5.0726185,-2.7699187,-1.8487706,-0.63137543,7.108218,6.5894213,-0.47616294,5.642239,2.5940251,-2.1153903,1.3650221,7.9378724,-0.5848834,3.4337313,7.45739,5.823101,-5.2180004,0.2919252,1.3971374,0.73719794,1.0530285,2.042368,6.3612137,-1.2713646,-4.9514327,-2.5413845,6.5000987,1.5248383,-1.0834764,0.6370375,8.886646,0.96250594,2.0105393,3.053577
462,5.597046,6.82566,1.5568248,-2.3726258,2.457148,8.495811,2.7634544,-4.042134,-0.569352,-0.815451,6.854964,6.758235,-0.46319482,5.8553147,2.3919842,-2.170193,1.1131347,8.073337,0.7346722,3.659217,8.181284,2.3611066,-5.9817705,1.3358974,2.019759,1.1165609,1.4222008,2.6522822,6.0552177,-2.8133204,-3.3560755,-3.698367,5.6199155,2.4478383,-1.1615492,0.62163335,8.921294,1.8932173,1.9158036,3.6488717
463,6.5951433,5.8150897,-0.71806425,-1.9491642,1.8379686,8.868721,0.33095795,-4.1107826,0.29023558,-0.4306938,6.6871586,6.904672,-0.31732827,6.048542,2.1423948,-2.22625,0.81767786,8.240804,2.203344,3.8696184,7.998665,-1.1870744,-5.4794993,1.1380215,2.7758274,1.4854174,1.7776229,3.2610414,5.431327,-3.7701893,-1.2122624,-4.0818877,4.723639,3.3997996,-1.3610339,0.6139541,8.983956,2.7032495,1.6471585,4.1921744
464,7.4019365,3.8398688,-2.3481786,-1.210719,1.3294879,8.899459,-1.5922467,-3.2350214,0.5686526,0.2181041,6.7155557,6.9257345,-0.0999122,6.194051,1.819762,-2.257501,0.4741265,8.392843,3.8177793,3.9450936,6.909404,-3.9353383,-3.9314625,0.16357587,3.2470236,1.9960657,2.1231134,3.801509,4.530316,-4.0889325,0.9581084,-3.5344534,4.1435666,4.1401596,-1.6045691,0.5968841,9.0696745,3.3400433,1.277613,4.6629066
465,7.7778726,1.2160214,-2.9029524,-0.59016263,1.1646227,8.775523,-2.7444558,-1.7856334,0.5967601,0.86443216,6.9461274,6.797595,0.10280844,6.2801237,1.4340333,-2.229862,0.09392177,8.466977,5.476239,3.5950377,5.211061,-5.364385,-1.8770664,-0.5914435,3.413806,2.7098281,2.486503,4.1898284,3.458238,-3.922843,2.6672342,-2.2385592,3.9659548,4.563747,-1.8721344,0.5571054,9.167703,3.785406,0.86240727,5.0374537
466,7.586812,-1.4225858,-2.3193467,-0.3407989,1.2551163,8.587705,-3.133298,-0.13480332,0.7702322,1.4720228,7.3394094,6.507337,0.21830669,6.3187685,1.0318836,-2.1143484,-0.28758973,8.400878,6.930483,2.5499883,3.553003,-5.5872993,-0.04489799,-0.57081634,3.509895,3.5302494,2.8819163,4.3428173,2.3400843,-3.4922392,3.7098315,-0.5175116,4.062579,4.6077647,-2.1752794,0.46684065,9.260818,4.049329,0.43667758,5.302659
467,6.883689,-3.4637427,-0.8937651,-0.23188137,1.4384959,8.378654,-2.877513,1.3764983,1.2789842,2.1254504,7.8304477,5.9993024,0.21558006,6.340803,0.67984134,-1.9011643,-0.6152633,8.167874,7.877676,0.8942104,2.6776135,-5.0990577,1.2128923,0.12406305,3.6851459,4.3332815,3.2663689,4.196976,1.2942103,-2.962618,4.144003,1.3287908,4.257973,4.213275,-2.4974642,0.28081185,9.319704,4.1706104,0.021777295,5.470284
468,5.872329,-4.6408763,0.8333614,0.17349213,1.7283355,8.170087,-2.1788018,2.5241954,2.0980282,2.906039,8.315571,5.1760273,0.124661624,6.3784976,0.43777394,-1.6072158,-0.83377934,7.806384,8.17252,-0.83816737,2.9338613,-4.2392554,2.0213404,1.1907997,3.9905279,5.028975,3.5324466,3.7382782,0.43267956,-2.4219851,4.1557527,3.0854726,4.3958592,3.3660362,-2.7689314,-0.051970717,9.297283,4.2195163,-0.36509544,5.5764794
469,4.778717,-5.069702,2.3099377,1.1019108,2.215319,7.9388475,-1.30079,3.258925,3.1156073,3.8583033,8.619268,3.9479911,0.04292425,6.4413204,0.3326629,-1.2714678,-0.9109204,7.404879,7.93462,-2.048703,4.03709,-2.9895144,2.6059031,2.4132106,4.446929,5.533295,3.5394301,3.0441225,-0.14934127,-1.9112109,3.9504082,4.6222005,4.322249,2.155268,-2.8750541,-0.5536166,9.13278,4.2915015,-0.70459396,5.66804
470,3.7539446,-5.0389504,3.2027335,2.4888911,2.9198341,7.610177,-0.4921049,3.670925,4.253926,4.974289,8.4636965,2.321713,0.1036265,6.509929,0.34085098,-0.93775624,-0.84698904,7.0521894,7.4280624,-2.504522,5.349707,-1.2596889,3.0439851,3.6381366,5.0373917,5.731751,3.1832123,2.2985573,-0.4120851,-1.4457388,3.6951225,5.8709,3.8923073,0.8083561,-2.7031057,-1.1646717,8.776758,4.476815,-0.9718653,5.788048
471,2.853855,-4.804138,3.4362717,4.12096,3.8037014,7.056343,0.083564825,3.9078827,5.5008745,6.127155,7.486101,0.50540423,0.37727955,6.5732837,0.39327398,-0.632582,-0.6654166,6.8022847,6.8818555,-2.349725,6.3680596,0.8200646,3.3051903,4.719821,5.683388,5.4857774,2.4893713,1.7297283,-0.40050033,-1.0182269,3.4998927,6.8023806,3.0351954,-0.34866405,-2.2296607,-1.7255849,8.232198,4.8126216,-1.1307424,5.9664264
472,2.0631871,-4.509553,3.0924892,5.753598,4.8050637,6.1106153,0.37710133,4.1047277,6.862866,6.967353,5.408488,-1.0484025,0.73399115,6.665374,0.42447853,-0.35518318,-0.39419523,6.6738033,6.416637,-1.8575093,6.94202,2.9582896,3.3940706,5.5471764,6.2401094,4.703121,1.6577715,1.4818274,-0.21347527,-0.607219,3.4254813,7.4091935,1.8187481,-1.0200711,-1.5765212,-2.0549817,7.572411,5.2641397,-1.1306204,6.2101393
473,1.3277923,-4.1947927,2.3163714,7.1486397,5.804884,4.627438,0.46382537,4.3413,8.277266,6.898888,2.4153826,-1.8041497,0.87299067,6.8100095,0.4473063,-0.09482755,-0.052429557,6.6661224,6.062887,-1.2497874,7.1709614,4.9114666,3.381021,6.072048,6.524378,3.4409852,0.9834509,1.5320231,0.06453831,-0.19493681,3.4992301,7.6943283,0.43946692,-1.0671529,-0.93771905,-2.0724385,6.9043093,5.765726,-0.9203685,6.4910693
474,0.5876435,-3.8208845,1.2819493,8.091974,6.5958395,2.606653,0.52540714,4.6463366,9.524143,5.3532166,-0.5677,-1.5703317,0.70664644,6.9564357,0.5543887,0.13879906,0.34829962,6.772138,5.8003855,-0.6555983,7.2229414,6.5736628,3.3257039,6.2845273,6.3947754,1.9502058,0.6845673,1.7492769,0.3900001,0.22640799,3.7241673,7.6640024,-0.8607093,-0.5330336,-0.42733476,-1.8262604,6.316012,6.276636,-0.4763578,6.7392435
475,-0.18407808,-3.3001194,0.19549802,8.457779,6.956454,0.30646613,0.749465,5.069388,10.228466,2.358014,-2.293702,-0.8666067,0.55684996,7.064006,0.7873144,0.31403118,0.7920635,6.9828744,5.5878367,-0.13399896,7.234231,7.933662,3.2095962,6.1879506,5.850529,0.578148,0.77997535,2.0317721,0.7375688,0.66087407,4.082145,7.326658,-1.8877488,0.41054395,-0.009890025,-1.4135779,5.8622203,6.794309,0.17296778,6.8477507
476,-0.9434404,-2.549053,-0.7116735,8.301105,6.7951517,-1.838509,1.1565365,5.723307,10.006449,-1.2145742,-2.0933273,-0.43411428,0.63736695,7.1532288,1.066195,0.4137411,1.2556107,7.28759,5.380585,0.2966439,7.287132,8.99733,2.9304996,5.821688,5.06109,-0.4162233,1.1212296,2.3647883,1.0862925,1.1130527,4.536192,6.6980615,-2.5512574,1.5278528,0.43756288,-0.9090389,5.5772915,7.3304133,0.9316567,6.69427
477,-1.5708742,-1.5684046,-1.2319607,7.8655376,6.181082,-3.500883,1.5263803,6.639667,8.643279,-4.189584,-0.28621697,-0.21983124,0.8563905,7.2495346,1.2982413,0.45271167,1.7186174,7.6724124,5.1386814,0.63945115,7.4193425,9.734787,2.3610358,5.3135157,4.28032,-0.97208244,1.5286516,2.7698362,1.4264002,1.5855112,5.03254,5.806192,-2.867875,2.5825024,1.0228528,-0.35675588,5.4825907,7.8822713,1.630995,6.1921277
478,-1.9264106,-0.48880973,-1.2525672,7.449406,5.217819,-4.6344414,1.5498476,7.600289,6.259424,-5.9007607,1.972092,0.46410623,1.2182271,7.3507137,1.4239802,0.4624503,2.1707683,8.118163,4.8286157,0.90850043,7.63687,10.070457,1.4514703,4.886111,3.7092671,-1.1872884,1.8951364,3.2519805,1.7637044,2.0748584,5.5016727,4.6920857,-2.9184482,3.3957257,1.7836888,0.21829478,5.58231,8.411001,2.0516412,5.370283
479,-1.9347944,0.49389067,-0.7921803,7.2361383,3.93592,-5.3590527,1.0313087,8.266855,3.3913102,-6.4498835,3.3830345,1.8934968,1.7945788,7.399621,1.3774941,0.48501468,2.6144345,8.597736,4.4226294,1.1232326,7.9237204,9.9170475,0.3093025,4.7578435,3.4281871,-1.2130202,2.1939647,3.798999,2.1152275,2.5689993,5.8603997,3.4114175,-2.7879255,3.87653,2.6928215,0.81931263,5.8607,8.822064,1.9962602,4.4296713
480,-1.6198599,1.2508464,0.02973388,7.22134,2.3124225,-5.7270994,-0.06169446,8.458799,0.78288585,-6.227663,3.3768375,3.6533072,2.6192756,7.259969,1.1039779,0.57366824,3.0702732,9.072813,3.8961258,1.3058559,8.250656,9.232505,-0.8330226,4.9966536,3.4343927,-1.1842972,2.4369047,4.400811,2.500872,3.0426695,6.018752,2.0429604,-2.52555,4.0194674,3.691743,1.4958416,6.284144,8.953714,1.4026214,3.6942153
481,-1.0486562,1.779443,1.059934,7.2444286,0.38445154,-5.579483,-1.6193187,8.227769,-0.9373592,-5.4803085,2.284721,5.1390944,3.784807,6.7314315,0.58127886,0.7777295,3.5851336,9.489216,3.2218866,1.4809974,8.585172,8.0555315,-1.7549613,5.4686303,3.693682,-1.2006316,2.639858,5.060339,2.9342167,3.449277,5.8969064,0.6995653,-2.1452954,3.8911479,4.7245765,2.3423367,6.791162,8.593058,0.42717406,3.438898
482,-0.24852395,2.147812,2.1528635,7.0655117,-1.6188617,-4.605155,-3.3213835,7.758647,-1.4705055,-4.411484,0.89268523,6.0037932,5.2660913,5.5941243,-0.13770723,1.0988251,4.2299747,9.769548,2.3630195,1.6757617,8.901051,6.4892273,-2.359253,5.931838,4.1372957,-1.3211292,2.80857,5.792635,3.41163,3.7120087,5.4563212,-0.47563368,-1.6595045,3.615738,5.7612104,3.459563,7.244866,7.538389,-0.58995104,3.6958883
483,0.78509927,2.4196002,3.168554,6.477556,-3.269758,-2.6659126,-4.567578,7.3036575,-0.9563173,-3.3574781,-0.16639785,6.252283,6.723755,3.745124,-0.82546973,1.4299853,5.0549994,9.805845,1.2789136,1.9144353,9.183641,4.6533623,-2.661447,6.176278,4.6532636,-1.5535226,2.93575,6.6146154,3.897214,3.7243881,4.740007,-1.3433623,-1.1144757,3.3448696,6.8070574,4.869357,7.345342,5.7236114,-1.2808415,4.204418
484,1.9870614,2.6376727,3.9707947,5.437059,-4.1913104,-0.15790482,-4.706492,7.1120954,0.10634927,-2.6404774,-0.7295492,6.0933747,7.7150154,1.3922023,-1.1104199,1.6003617,5.9983563,9.469783,-0.030600658,2.1969094,9.427783,2.6564429,-2.6994083,6.1013265,5.117758,-1.8492527,3.0021148,7.5262,4.3052754,3.3780549,3.898399,-1.8228577,-0.5878926,3.2059991,7.8955994,6.381824,6.593264,3.414721,-1.4269564,4.6059103
485,3.2037919,2.8429565,4.45541,4.0982814,-4.3515925,2.1334817,-3.497933,7.2330985,1.095587,-2.3716435,-0.94266427,5.7512646,8.033128,-0.9544494,-0.71991444,1.6197587,6.8882914,8.6483135,-1.4665992,2.4580991,9.628324,0.6207179,-2.4582922,5.730679,5.4355874,-2.12607,2.98093,8.488553,4.4955325,2.6303983,3.1629999,-1.9271446,-0.14233862,3.262282,9.054286,7.4662466,4.545427,1.3520555,-1.095638,4.7575965
486,4.322224,3.0519295,4.570279,2.7014375,-4.0187726,3.6207395,-1.2683198,7.452055,1.4503582,-2.412624,-0.99507487,5.3698163,7.7757397,-2.7690084,0.29026228,1.8293362,7.6198316,7.2407684,-2.8519745,2.5376441,9.773689,-1.2518553,-1.8712096,5.218963,5.5523696,-2.3175955,2.8495882,9.416069,4.3109508,1.5850147,2.7469566,-1.741019,0.21415895,3.5193155,10.234311,7.31506,1.4529136,0.4291237,-0.5985863,4.795514
487,5.3194857,3.206451,4.3102283,1.4562314,-3.485359,4.209449,1.3679318,7.4589972,0.86122185,-2.4158027,-1.0256852,5.0097804,7.1938524,-3.808307,1.5316476,2.6434813,8.191347,5.0958986,-3.9897666,2.1882079,9.857885,-2.632921,-0.9158599,4.83967,5.43932,-2.4250605,2.6006074,10.201113,3.6708555,0.50114256,2.718414,-1.3529955,0.51669294,3.9605937,11.2306185,5.3294754,-1.4522412,0.7988302,-0.0459591,4.8833556
488,6.1477137,3.1733077,3.7375646,0.510093,-2.9191477,4.1373906,3.8412557,6.9552226,-0.52043366,-1.9958154,-1.0921453,4.6860576,6.530471,-4.1628213,2.5329022,4.158869,8.4158945,2.0970297,-4.569327,1.1446394,9.88335,-3.1064174,0.25144723,4.8606544,5.0618544,-2.5294085,2.2324255,10.764488,2.6655366,-0.32489103,2.9596896,-0.8117721,0.8064771,4.564914,11.678473,1.7699182,-2.8249621,1.495743,0.76916456,5.1114883
489,6.6899214,2.7978847,3.0257297,-0.06076304,-2.3820653,3.7268455,5.788729,5.7415004,-2.1063302,-1.0279751,-1.08712,4.4292145,5.926289,-4.09341,3.0265548,6.045093,7.744311,-1.4130441,-4.069098,-0.5714571,9.814206,-2.3315842,1.2928954,5.3034835,4.3592734,-2.7223408,1.7201295,11.089363,1.5638576,-0.721991,3.273746,-0.14954926,1.1156136,5.293022,11.194758,-2.1904042,-2.1836953,1.6287868,1.749297,5.5524173
490,6.817135,2.0012224,2.441004,-0.27288797,-1.8831419,3.2440226,7.0850325,3.8778229,-3.246678,0.17840937,-0.7834,4.315026,5.387042,-3.86133,3.020617,7.7531147,5.6858125,-4.3494644,-2.2792554,-2.151056,9.596554,-0.37038347,1.9124237,5.8511558,3.3080976,-2.9854698,1.0077937,11.206686,0.72052157,-0.7139468,3.536499,0.5874125,1.4770591,6.068487,9.607404,-5.2139745,-0.043821994,1.6258787,2.6024506,6.2288566
491,6.373389,0.8925988,2.2186522,-0.21757916,-1.4107072,2.8563094,7.789642,1.6920602,-3.6233397,1.1103767,-0.089837134,4.3907943,4.8193483,-3.648829,2.667972,8.872541,2.510595,-5.68781,-0.13118488,-2.4754777,9.2762375,2.0945067,2.0705256,6.131931,2.0339117,-3.1573415,0.065188654,11.147685,0.4442637,-0.48244566,3.7419229,1.3580506,1.9293538,6.770512,7.0754833,-6.7442985,2.2438369,2.4747946,3.3817735,6.995419
492,5.202692,-0.18786637,2.399365,0.016712984,-0.9545895,2.6435525,8.040481,-0.41338086,-3.253536,1.4923574,0.83011615,4.618565,4.1077566,-3.5360994,2.1100574,9.35107,-0.81479234,-5.365664,1.0639738,-1.5500616,8.951054,4.1965833,1.8930947,6.0478745,0.79231167,-3.0563583,-1.0223117,10.905501,0.87132555,-0.27947345,3.9291573,2.1639855,2.5004127,7.2277665,3.956544,-7.1458383,3.270196,4.2872157,4.316238,7.5024962
493,3.3366637,-0.8191864,2.778713,0.38567197,-0.51817465,2.6242135,7.963745,-2.1269088,-2.2849512,1.4621854,1.7329137,4.9166527,3.178096,-3.5045807,1.412322,9.407364,-3.3396358,-3.8364542,1.1369414,-0.3163767,8.742626,5.513063,1.488435,5.759827,-0.17318662,-2.6143563,-2.0348165,10.44345,1.8844365,-0.3105159,4.111095,3.058498,3.180412,7.209645,0.6461223,-6.8707023,2.468418,6.2292547,5.652075,7.2666554
494,1.1710609,-0.808715,3.102277,0.8372565,-0.11091497,2.7760172,7.6437373,-3.2779367,-0.92368627,1.4052527,2.5010357,5.187908,2.025798,-3.4551642,0.58591926,9.315075,-4.5015845,-1.608473,0.9216395,0.65813166,8.756528,6.0653954,0.91724503,5.49686,-0.73046803,-1.9035766,-2.7211366,9.758056,3.152004,-0.6277174,4.2778783,4.1166487,3.8832629,6.460603,-2.3562386,-5.883492,0.31349665,7.226105,7.5056868,5.8061304
495,-0.48383993,-0.41515908,3.3198729,1.2969316,0.2686423,3.05472,7.1364803,-3.844329,0.54764706,1.67828,3.1673732,5.3028913,0.72276014,-3.2361789,-0.3479436,9.243993,-4.146172,0.6571351,1.1529936,1.4622941,8.98239,5.950633,0.25287598,5.4222,-0.8563035,-1.0844811,-2.9412282,8.937053,4.3033376,-1.1176729,4.4176946,5.3754835,4.3909616,4.8541427,-4.425895,-4.078126,-1.8973678,6.6975513,9.385989,3.077055
496,-0.8147317,-0.08178231,3.5230436,1.7382908,0.6318349,3.4112835,6.488566,-3.9375417,1.8294473,2.4312959,3.7933736,5.0961437,-0.5766668,-2.7016654,-1.2774063,9.195188,-2.4824612,2.3018193,1.8833276,2.3297815,9.308719,5.1740203,-0.37259936,5.567832,-0.5896416,-0.33539143,-2.7249095,8.132256,5.1063485,-1.608262,4.5022364,6.7674913,4.345166,2.6316934,-5.2037783,-1.9713233,-3.0152555,5.1301885,10.514669,0.029644953
497,0.2002784,0.23133695,3.7475796,2.1769156,0.9887338,3.7980502,5.74133,-3.741927,2.719608,3.6008358,4.35284,4.4079776,-1.6480587,-1.819181,-1.9658226,9.051318,-0.013167985,3.014763,2.7271328,3.3619013,9.536893,3.725675,-0.7864407,5.8254533,-0.013438153,0.19938356,-2.221738,7.472375,5.5060616,-1.9929807,4.4845977,8.095243,3.419967,0.46679348,-4.951713,-0.33605513,-2.9904284,3.499152,10.813178,-2.020506
498,1.777594,0.91715974,3.9881716,2.5799258,1.3448191,4.1692104,4.9259973,-3.4321198,3.1618342,4.998593,4.699818,3.1803505,-2.2728076,-0.7610364,-2.1639194,8.729897,2.602772,2.8926733,3.3718123,4.56171,9.385869,1.7088662,-0.83876437,6.029832,0.72382015,0.4458714,-1.607718,7.011317,5.5508165,-2.2650344,4.333181,9.109245,1.6538132,-0.83555335,-4.300834,0.6231723,-2.390247,2.314706,10.725341,-2.5160563
499,3.0718608,2.0206838,4.197378,2.8584216,1.7008581,4.485194,4.061943,-3.1192403,3.2062504,6.3950095,4.620462,1.5641911,-2.3568673,0.17335439,-1.8118135,8.297953,4.7881455,2.2476292,3.7840304,5.856536,8.532367,-0.5816762,-0.49679297,6.1122613,1.4193535,0.42466468,-1.0111377,6.7416506,5.3130417,-2.4715195,4.051117,9.668349,-0.3980547,-0.80426174,-3.7150648,1.1934526,-1.6181347,1.63837,10.5742035,-1.7217653
500,3.707406,3.1955242,4.31279,2.954246,2.0574324,4.718319,3.1618216,-2.8416665,2.9479284,7.579303,3.9660306,-0.0712012,-1.9950773,0.7934588,-1.0771055,7.9237823,6.246028,1.3976781,4.0708227,7.0878873,6.717377,-2.6829817,0.029696137,6.172281,1.9094728,0.22904722,-0.48945194,6.6304126,4.850232,-2.6594186,3.657251,9.836611,-1.9530687,0.43074954,-3.1675682,1.6840997,-0.8040816,1.4112116,10.462798,-0.24290577
501,3.7378242,4.121775,4.3426466,2.893244,2.4133096,4.8514385,2.2407036,-2.5823953,2.4907444,8.417615,2.801254,-1.2982916,-1.4277575,1.1408315,-0.17751788,7.754356,6.9402995,0.5439433,4.3057656,8.034589,3.9327555,-4.0986996,0.25688007,6.3149905,2.1764905,-0.04430637,-0.05402106,6.6396184,4.1984267,-2.848887,3.156697,9.821563,-2.4716525,2.2206228,-2.3404753,2.220642,0.028044388,1.5712467,10.410821,1.3306992
502,3.3685539,4.723364,4.3583484,2.747686,2.757841,4.8718023,1.3263834,-2.2943752,1.9384369,8.892677,1.4218712,-1.8563558,-0.90386003,1.3696885,0.76993126,7.8487,6.931753,-0.24328129,4.493513,8.486367,0.57749826,-4.4041343,-0.2461945,6.418509,2.378639,-0.34506616,0.29714447,6.7305403,3.3831284,-3.0268066,2.5293264,9.826411,-1.8650681,3.7769957,-1.1317172,2.7221901,0.8448133,2.054639,10.429497,2.5626495
503,2.8032963,5.1042194,4.433073,2.5739846,3.0710137,4.7706523,0.46505007,-1.9276897,1.3965904,9.087183,0.20088781,-1.7457176,-0.53202045,1.587531,1.7497152,8.170135,6.2526956,-0.954569,4.6087985,8.359143,-2.5845017,-3.3066225,-1.2704833,6.260253,2.728374,-0.6705777,0.5679082,6.865205,2.4364252,-3.1463025,1.7454478,9.933737,-0.36819214,4.5806046,0.15563038,3.0486696,1.6009899,2.798214,10.5103,3.1754296
504,2.2398715,5.4093943,4.600044,2.38729,3.3310068,4.551187,-0.28483754,-1.4557251,0.97147965,9.119357,-0.5950041,-1.1590663,-0.2539922,1.829705,2.784828,8.587917,4.8910923,-1.5457885,4.6198397,7.77246,-4.7669363,-0.95411104,-1.8608177,5.93304,3.2231488,-1.0330745,0.7665351,7.011141,1.4127235,-3.1287453,0.8077523,10.068274,1.6593695,4.4690666,1.1025078,3.2064545,2.3096464,3.7601352,10.576466,3.0214667
505,1.8871406,5.7428904,4.832674,2.169278,3.5240898,4.237287,-0.8706431,-0.8915253,0.7586066,9.081716,-0.88926977,-0.36084515,0.04802103,2.1094522,3.8891423,8.867262,2.8728616,-1.8778243,4.489007,6.989,-5.6353216,1.8087082,-1.1262004,5.7919364,3.5670521,-1.4269605,0.90042144,7.1460857,0.39934775,-2.8776608,-0.19524975,10.044357,3.8052588,3.4768467,1.5501018,3.3529012,3.0604444,4.9147015,10.428544,2.0880902
506,1.9024644,6.179303,5.0363407,1.8852872,3.6550407,3.8739479,-1.2657274,-0.28434628,0.8227061,9.018643,-0.77648306,0.4163823,0.44268447,2.448838,5.0412636,8.675394,0.3997744,-1.7542713,4.211525,6.243417,-5.423406,3.959931,0.975744,5.875131,3.3656893,-1.8084059,0.95473045,7.2589746,-0.48046255,-2.320085,-1.0689718,9.703559,5.616245,1.7810546,1.708639,3.647731,3.9684196,6.1967554,9.714794,0.5542442
507,2.2218943,6.8095417,5.0683155,1.497654,3.7530212,3.517392,-1.4787773,0.30251783,1.1810045,8.938176,-0.45105857,1.0382993,0.9307166,2.882519,6.1633334,7.6625695,-2.074952,-1.1074979,3.9156435,5.6211247,-4.615974,5.0446615,3.7579885,5.763307,2.363729,-2.0338233,0.88233656,7.3466134,-1.079637,-1.471891,-1.5797067,9.07716,6.717483,-0.2247473,1.9315715,4.1930943,5.120935,7.3899584,8.005083,-1.1596352
508,2.4293418,7.655847,4.81785,0.9876136,3.8623471,3.2214684,-1.5473981,0.81782633,1.8027658,8.830912,-0.12510563,1.483141,1.4896268,3.450151,7.0963054,5.6358447,-3.9855385,-0.24333411,3.8453028,5.086591,-3.6493561,5.2458425,6.3877378,4.9476347,0.7598431,-1.90649,0.66352594,7.408947,-1.2684094,-0.47721633,-1.5865257,8.398694,6.976844,-2.0471966,2.3544781,5.1112785,6.530652,7.967355,5.0871925,-2.4558017
509,2.0547142,8.491752,4.339961,0.4005144,4.0135612,3.026131,-1.5219512,1.2365429,2.6256855,8.675343,0.036640618,1.8099818,2.1166925,4.1759276,7.580852,2.7377381,-4.916281,0.21100564,4.0696607,4.6043515,-2.7984102,4.9836855,8.310114,3.2142124,-0.71938753,-1.4264575,0.41101736,7.4512677,-1.008148,0.4408677,-1.1212358,7.91815,6.4810243,-3.397994,2.7549744,6.520778,8.030803,7.0481486,1.4881929,-2.8128994
510,1.231229,9.010137,3.858628,-0.16130233,4.201028,2.9490175,-1.4496231,1.5579854,3.5766256,8.43064,-0.049813163,2.1070898,2.8427265,5.0299735,7.281449,-0.48355865,-4.6859937,-0.14557958,4.306378,4.24789,-2.145164,4.595955,9.35456,0.8846418,-1.300491,-0.8788876,0.30469394,7.484958,-0.40136603,1.101368,-0.34611043,7.728051,5.363689,-4.299111,2.7279963,8.29632,9.042981,3.9397688,-1.286961,-2.300345
511,0.50980663,9.196528,3.504751,-0.62671345,4.399626,2.9855683,-1.3664116,1.7953254,4.584678,8.0321665,-0.3847505,2.4412336,3.723413,5.8735003,5.9178896,-3.1946537,-3.3911045,-0.9836532,4.2653065,4.1536193,-1.6277834,4.2705665,9.637621,-1.3375076,-0.7108807,-0.47297415,0.40076548,7.5207944,0.36106607,1.448338,0.5517788,7.7504597,3.7132986,-4.8809743,1.9486983,9.8774,8.641852,-0.62963647,-1.7491225,-1.7345625
512,0.092364915,9.204665,3.236005,-0.9799671,4.5873733,3.1174173,-1.297217,1.9654399,5.5847163,7.401741,-0.90360796,2.8165863,4.808232,6.4101076,3.5043738,-4.68571,-1.6394953,-1.5407432,4.019825,4.3251076,-1.1543394,4.0908804,9.400607,-2.835637,0.7493899,-0.05235967,0.6673174,7.5703616,1.0970576,1.5340102,1.4335115,7.812625,1.6305863,-5.1020684,0.3709333,10.551486,6.6264734,-4.4892135,-0.07843777,-1.3852779
513,0.050225075,9.153328,2.9545393,-1.2239798,4.7471523,3.318707,-1.2580595,2.082819,6.5167,6.4718776,-1.5083675,3.153586,6.073931,6.210674,0.5195861,-4.8031282,-0.32728937,-1.465381,3.8064463,4.6254077,-0.6715521,4.0715065,8.879434,-3.4010422,2.4832692,0.6700684,1.1013055,7.638869,1.6680402,1.4565886,2.2223146,7.723392,-0.63604754,-4.6451154,-1.648843,10.131131,4.1734285,-6.3626485,2.0439017,-0.6301595
514,0.43500528,9.122291,2.5279121,-1.3559823,4.8622875,3.557921,-1.2568945,2.1573553,7.325968,5.2133956,-2.0949423,3.307624,7.3519483,4.917369,-2.1902194,-3.9470499,0.16421026,-1.0126567,3.7173748,4.942647,-0.16245882,4.1842403,8.246664,-3.2060134,3.9576766,1.7842594,1.6898264,7.698253,1.9767776,1.3164985,2.8909488,7.346366,-2.6367013,-3.1820521,-3.3810053,9.140997,2.4438002,-6.754857,3.3688257,0.7298708
515,1.2194594,9.085001,1.8330393,-1.3529053,4.916874,3.7972753,-1.2929671,2.1950257,7.9668474,3.6577368,-2.5550382,3.1381485,8.362257,2.6096005,-3.7924702,-2.827439,0.16795303,-0.5090826,3.7458193,5.248212,0.37427133,4.3828735,7.604771,-2.5788703,4.9345837,3.1708865,2.377093,7.663067,1.9787929,1.2014221,3.4472797,6.660998,-3.917795,-0.8616612,-4.0322094,8.350552,1.5078728,-6.5168056,3.715823,2.4014976
516,2.4157002,8.851728,0.79111487,-1.1639192,4.908751,3.9908292,-1.3566555,2.2001336,8.40953,1.9141098,-2.7553093,2.6022615,8.907872,-0.033845842,-3.9037247,-2.0817683,0.11774634,-0.0525163,3.8832726,5.5548377,0.9291837,4.617566,6.9997654,-1.804844,5.451587,4.6633124,3.091661,7.3989296,1.6994756,1.1819711,3.9205704,5.7572756,-4.3404226,1.6053017,-3.1973166,8.185479,0.7964883,-6.071214,3.2841353,4.0756936
517,4.0332937,8.058046,-0.58559877,-0.74244905,4.87604,4.085254,-1.4335848,2.1769917,8.648561,0.17780003,-2.5407064,1.8222114,9.036536,-2.1030493,-2.7085798,-1.7931803,0.16983794,0.37879968,4.129569,5.8775177,1.4786646,4.8394256,6.442484,-1.0491222,5.6721096,6.144468,3.7313101,6.7654195,1.2454466,1.2978312,4.345671,4.7564707,-4.133975,3.4746013,-1.0469618,8.399858,-0.30116963,-5.4583445,2.243507,5.4912024
518,5.893735,6.2618566,-2.0754437,-0.17197524,4.9111,4.033713,-1.5155078,2.12876,8.709389,-1.2933352,-1.8104246,1.089827,8.959192,-3.0195456,-0.7947349,-1.5595819,0.3547836,0.8239767,4.488363,6.219819,1.9816005,5.0030646,5.9326615,-0.36767542,5.767891,7.5342984,4.112294,5.6951494,0.79839873,1.5376296,4.745615,3.7367997,-3.650577,4.440127,1.8119216,8.255312,-2.0850286,-4.4087467,0.8026934,6.35356
519,7.5006485,3.3221838,-3.1585407,0.19663511,5.0795026,3.8349786,-1.6075858,2.0541062,8.647712,-2.2550855,-0.6351825,0.7789011,8.838858,-2.7806318,1.122716,-1.0591211,0.6680898,1.3227854,4.9669952,6.5649743,2.3768425,5.0735087,5.4811935,0.2540995,5.874805,8.733279,3.9738975,4.308434,0.5591231,1.8486961,5.115378,2.7223895,-3.1368954,4.6168265,4.5986624,6.9904666,-4.1626964,-2.632354,-0.5066241,6.484417
520,8.264137,-0.19300796,-3.1947236,-0.0045135194,5.2717314,3.5817828,-1.7133678,1.9483389,8.536911,-2.576646,0.71178454,1.1563364,8.691938,-1.8352405,2.5411952,-0.32669958,1.0328751,1.8959901,5.5744605,6.8639264,2.585676,5.0410566,5.124621,0.8651976,6.088292,9.581471,3.1065526,2.9761872,0.6370746,2.195604,5.41631,1.713877,-2.6767535,4.2917576,6.665523,4.3901563,-5.619432,-0.52329504,-0.94083863,6.1796255
521,7.9250035,-3.2694876,-1.8958515,-0.5172067,5.3273497,3.409068,-1.822476,1.8120248,8.445475,-2.2881815,1.8959218,2.2068174,8.447736,-0.78794885,3.3485522,0.44202256,1.3697084,2.5391817,6.313914,7.0234737,2.528794,4.9395084,4.9257812,1.5227246,6.459874,9.861286,1.556161,2.1822674,0.9924882,2.596819,5.5881763,0.71569735,-2.241067,3.7466888,7.757134,1.0498244,-5.893377,0.8698466,-0.34308583,5.991651
522,6.600527,-5.1897163,0.25222453,-0.48224562,5.338769,3.2958467,-1.9315289,1.6495659,8.417869,-1.5353415,2.7192886,3.6509118,8.034914,-0.097732745,3.72354,1.1437786,1.6677457,3.2462003,7.1658425,6.896821,2.1663344,4.8491344,4.9612575,2.275742,6.9723973,9.350572,-0.29303932,2.200807,1.5628921,3.0736513,5.5597105,-0.2487547,-1.762918,3.2011988,8.0166235,-2.0982957,-5.016511,1.0305574,0.6531352,6.132352
523,4.604369,-5.9361653,2.1758204,0.6305562,5.457549,3.0047085,-2.041299,1.449138,8.469522,-0.4831415,3.1842103,5.1325955,7.398192,0.08217501,3.9227417,1.8109618,1.9638401,4.021711,8.058166,6.292353,1.5546848,4.860346,5.3066792,3.153288,7.491434,7.9181156,-1.9059578,2.8451662,2.427513,3.5920503,5.241081,-1.1229807,-1.2031295,2.8116963,7.751255,-4.372201,-3.2186747,0.49644917,1.412452,6.471851
524,2.296366,-5.924476,3.0166256,2.5089629,5.5672517,2.2712753,-2.0996876,1.175497,8.587289,0.7591928,3.407423,6.374264,6.4904256,-0.12836939,4.120429,2.5309958,2.304991,4.8703136,8.827322,5.035784,0.88415706,5.0031967,6.02331,4.1384993,7.7164044,5.640959,-2.902139,3.5392005,3.6927052,4.051027,4.5259976,-1.8132663,-0.5959819,2.6718616,7.214384,-5.524662,-0.90061396,0.20109674,1.8617674,6.7975807
525,-0.040231127,-5.455966,2.605773,4.3727126,5.473745,1.0535175,-1.9803538,0.8088513,8.727488,2.1542935,3.5062013,7.2068024,5.306754,-0.47822893,4.350741,3.380768,2.741232,5.7718678,9.192962,3.1045785,0.44006535,5.218579,7.1192336,5.099115,7.202143,2.914495,-3.1812315,3.7253563,5.21646,4.2974296,3.3631008,-2.2105846,-0.05323663,2.795636,6.5418086,-5.695054,1.3355974,0.6845397,2.2778728,6.925651
526,-2.1743708,-4.5221624,1.3625419,5.5769796,5.179685,-0.38935566,-1.5689758,0.42006147,8.830174,3.689394,3.5323143,7.5386815,3.9373877,-0.7319674,4.5488305,4.3991666,3.3340714,6.6428137,8.795975,0.7715415,0.44927043,5.469485,8.474666,5.666071,5.5955467,0.47290677,-2.8802083,3.2914574,6.6246166,4.205156,1.8751247,-2.2457345,0.30477986,3.1083572,5.8023663,-5.246148,2.984192,1.9165713,2.8295004,6.672816
527,-3.82532,-3.0662465,0.036856215,5.992406,4.8206306,-1.7055866,-0.8556795,0.1972402,8.868256,5.289647,3.448341,7.3474994,2.5765774,-0.76211756,4.6515846,5.584609,4.1442146,7.2772446,7.354104,-1.4078133,0.8457198,5.8919983,9.806557,5.1997943,3.1480505,-0.9187287,-2.3354144,2.5706697,7.6409025,3.74514,0.36140612,-1.9432774,0.45516685,3.4916542,5.0576262,-4.549835,3.8786635,3.5848207,3.4451966,5.840916
528,-4.7354164,-1.354857,-0.6804717,5.965207,4.438903,-2.6804059,0.05171553,0.36087543,8.901859,6.7531624,3.1296685,6.7255497,1.4639506,-0.569593,4.675438,6.9138746,5.1506996,7.285909,4.924885,-2.8599749,1.1707972,6.6340675,10.707775,3.1789613,0.9914821,-1.1218742,-1.8460597,1.9160664,8.25436,2.9723673,-0.85887223,-1.4215666,0.49897495,3.861002,4.363444,-3.8525038,4.1315384,5.358606,3.892779,4.348313
529,-4.8737903,0.066921994,-0.5685139,5.9027605,3.9420023,-3.270064,0.9566325,1.0387324,9.076343,7.7540946,2.4202645,5.9387207,0.785727,-0.24038477,4.70922,8.351908,6.081909,6.1686387,2.141114,-3.3196352,0.94689304,7.458152,10.738239,-0.029807478,0.40326658,-0.76983935,-1.4189606,1.465633,8.580524,2.006144,-1.5918522,-0.84320265,0.57544404,4.1961994,3.739963,-3.265935,3.953589,6.9722357,3.8757787,2.4047651
530,-4.4706717,0.84289443,0.11505254,5.962557,3.2238548,-3.5295928,1.634135,2.2016368,9.532074,7.8913603,1.2798656,5.376444,0.6052412,0.13379027,4.850482,9.807475,6.2859783,3.77669,0.08945406,-2.9984095,0.24464583,7.8931465,9.751198,-3.0762475,1.6253458,-0.30508262,-0.97410345,1.2457783,8.72885,0.99917674,-1.8000317,-0.34212756,0.76603246,4.510716,3.1644206,-2.8156273,3.5345588,8.236794,3.1996734,0.51762897
531,-3.8546638,1.046139,0.9874086,6.105441,2.2494268,-3.5342588,1.9142319,3.6727443,10.25315,6.768892,-0.053537592,5.297981,0.8923926,0.5072719,5.1590843,11.045575,4.992804,0.94807506,-0.509163,-2.4272232,-0.4640926,7.8310456,8.140975,-4.84287,3.6917584,0.5503008,-0.54895294,1.2553802,8.770086,0.08459372,-1.5516273,0.0337297,1.0745313,4.814185,2.5921957,-2.4814901,3.0059102,9.066486,1.962196,-0.7525778
532,-3.2670891,0.96854645,1.8127224,6.238773,1.0662061,-3.3206935,1.7479376,5.1633096,10.93468,4.203121,-1.075818,5.5482893,1.5865532,0.871833,5.642067,11.664498,2.0869467,-0.79297173,-0.096820526,-1.9058892,-0.8977845,7.516814,6.463615,-5.3161864,5.420202,1.9906687,-0.33942616,1.4308817,8.73919,-0.64534765,-0.96047175,0.32723922,1.4681997,5.098157,1.9819738,-2.2177618,2.4473546,9.4957485,0.56074774,-1.10981
533,-2.7584214,0.85542643,2.5251524,6.269747,-0.21363649,-2.8638234,1.2414714,6.3474703,11.035781,0.5821455,-1.2752609,5.687147,2.5377512,1.2511644,6.2458596,11.255459,-1.4426453,-0.54246116,0.38210124,-1.4247967,-1.0471551,7.184188,5.0216384,-5.0680585,6.2810698,3.6763155,-0.5458389,1.6367158,8.665282,-1.117779,-0.1599265,0.6324064,1.9204725,5.3347106,1.3115869,-1.9626886,1.9093063,9.644056,-0.5277808,-0.6481061
534,-2.2489386,0.83023417,3.1463985,6.118822,-1.4356505,-2.1152654,0.64868146,7.0342894,10.143392,-3.063356,-0.51574326,5.6115546,3.476017,1.7172446,6.8683987,9.6727,-4.2154045,1.2851012,0.8027625,-1.0055877,-0.98749983,6.9408765,3.8605943,-4.5779724,6.363185,5.1330986,-1.1385376,1.7833747,8.599109,-1.2792464,0.70430475,1.0398681,2.422962,5.4753737,0.5859056,-1.6487176,1.4381741,9.64585,-0.99348056,0.25908405
535,-1.684596,0.91966754,3.7171848,5.7331243,-2.442109,-1.0935556,0.28887728,7.3170314,8.296285,-5.7495465,0.67677075,5.7809014,4.2251496,2.3044949,7.364495,7.1394725,-5.5995097,3.3773808,1.6507796,-0.7616081,-0.7886554,6.8067517,2.9155931,-4.074536,5.961626,6.1212087,-1.8961984,1.873684,8.596156,-1.1274761,1.4964501,1.5938429,2.9713454,5.451342,-0.1589927,-1.2203987,1.0965871,9.596381,-0.79783297,1.1711333
536,-1.1036855,1.096305,4.258971,5.0978913,-3.1293018,0.0525352,0.41156998,7.4611654,5.792605,-7.2592225,1.3289275,6.4875917,4.8604636,2.887458,7.5247993,4.1079726,-5.885414,4.5451794,2.9605567,-0.86753285,-0.53034884,6.75859,2.1119876,-3.620702,5.3287888,6.6526227,-2.5864165,1.9301586,8.689896,-0.7144424,2.1212912,2.280933,3.5448103,5.183003,-0.85705894,-0.6616874,0.96807975,9.541021,-0.13740763,1.7683235
537,-0.57341903,1.3272674,4.7650905,4.2371244,-3.4845893,1.0832739,1.0977124,7.606247,2.8332534,-7.8600345,0.68605596,7.265508,5.6808667,3.253191,7.138737,1.1092769,-5.5621514,4.4203286,4.253888,-1.3167238,-0.2756206,6.7636743,1.4077194,-3.2040234,4.624828,6.8563156,-3.071611,1.9475356,8.886229,-0.115482554,2.5361338,3.046672,4.0928717,4.604353,-1.4251739,-0.02108709,1.1345204,9.496459,0.66053855,1.9387281
538,-0.11197737,1.602669,5.2108755,3.1998045,-3.5665848,1.780192,2.2347867,7.585888,-0.42030394,-7.5211577,-1.2751545,7.1434183,7.0472364,3.2828243,6.1347413,-1.3389537,-4.874513,3.3436465,5.14485,-1.8017894,-0.026878988,6.8042912,0.78812104,-2.7887294,3.945185,6.8682685,-3.3177915,1.9055213,9.168167,0.59898436,2.7393055,3.8178325,4.534503,3.6985886,-1.7870227,0.59153944,1.6303308,9.469426,1.2559791,1.7614832
539,0.31401214,1.9350733,5.5616508,2.042611,-3.44353,2.0379686,3.54899,7.028703,-3.4841514,-5.7754745,-3.5944986,5.405383,8.852901,3.1308634,4.640889,-2.9034772,-3.9482336,1.936464,5.6108274,-1.9891434,0.23044579,6.8743696,0.24999398,-2.3407006,3.3524318,6.785099,-3.3597507,1.7933495,9.503356,1.3719469,2.7491808,4.518417,4.774868,2.5292597,-1.8954157,1.0541387,2.4057446,9.448634,1.3998237,1.439701
540,0.7449985,2.3445098,5.771689,0.8254512,-3.1411033,1.8915949,4.7133036,5.719076,-5.5820675,-2.658088,-4.8481746,2.582133,10.264758,3.2491078,2.8133767,-3.5840976,-2.9704103,0.7136446,5.8282056,-1.7595814,0.49904922,6.962724,-0.20101166,-1.8381436,2.8951406,6.658958,-3.2647712,1.6175336,9.853685,2.1538777,2.5866876,5.0829883,4.7421374,1.2435467,-1.7434473,1.305875,3.3366077,9.381994,1.0060896,1.2190259
541,1.2174139,2.8379633,5.780684,-0.3771839,-2.6384697,1.4937823,5.51882,3.8734572,-6.3655653,0.711567,-4.575151,0.14567663,10.666359,3.729911,0.66090643,-3.5369387,-2.1723444,-0.11087834,5.9484167,-1.1746284,0.78390837,7.0466833,-0.552974,-1.2771813,2.6141915,6.507391,-3.1101093,1.3944246,10.183592,2.8933804,2.2668703,5.4731693,4.4297147,0.030965414,-1.3681701,1.3906918,4.2833776,9.172672,0.17454371,1.2980853
542,1.8029565,3.3934145,5.514715,-1.4647483,-1.9170808,1.0655051,5.9654818,1.9350145,-6.2025814,3.205761,-3.3983412,-1.1451728,10.308718,3.9955075,-1.6029265,-2.836827,-1.6903701,-0.57304066,6.0274653,-0.34492943,1.0948843,7.0958323,-0.7961022,-0.6737309,2.5391345,6.32319,-2.972208,1.1375848,10.463717,3.533286,1.8014791,5.693726,3.9125037,-0.9494494,-0.84765834,1.4334766,5.157342,8.707673,-0.8583156,1.7446262
543,2.6232052,3.94994,4.894582,-2.3204918,-1.0309182,0.8299964,6.180468,0.19714665,-5.625149,4.5223937,-1.9691366,-1.5032239,9.757168,3.6049502,-3.4484353,-1.630905,-1.4181728,-0.7827077,6.065721,0.6410469,1.4386406,7.0757465,-0.9305403,-0.059260804,2.679755,6.0793386,-2.920383,0.8468719,10.6693735,4.018361,1.2115202,5.7955856,3.3180714,-1.6268451,-0.281771,1.5686316,5.9411316,7.895781,-1.8362287,2.4517608
544,3.77457,4.384524,3.860877,-2.842487,-0.13926652,0.9346307,6.268342,-1.2850538,-4.921531,4.879155,-0.59408724,-1.3381618,9.357819,2.6114466,-4.5051055,-0.29402402,-1.1034307,-0.79135823,6.0639906,1.7186123,1.8130289,6.9497843,-0.9691961,0.5291724,3.0192702,5.7305036,-3.0089774,0.5020475,10.774944,4.316457,0.54136145,5.856175,2.7722075,-2.0224187,0.24015673,1.879844,6.6504526,6.682927,-2.59871,3.1681073
545,5.207617,4.495987,2.4411206,-2.9736962,0.5487535,1.3837351,6.228504,-2.5654173,-4.1493964,4.6011267,0.6209598,-0.87484837,9.18148,1.2645936,-4.756766,0.7540489,-0.60484594,-0.6095513,6.0491815,2.8292227,2.1994362,6.682496,-0.9334022,1.0601759,3.5132596,5.215712,-3.2643583,0.061961964,10.745351,4.4463706,-0.1397618,5.9446554,2.3583603,-2.2100654,0.6627344,2.3852117,7.2732844,5.0462494,-3.1022015,3.5954292
546,6.6742964,4.087672,0.84465426,-2.7293153,0.90488243,2.038081,5.9871864,-3.6710367,-3.2772512,3.995671,1.6499898,-0.16686268,9.133283,-0.21913421,-4.3434157,1.2929431,0.031316563,-0.2615862,6.0649767,3.9164891,2.5505228,6.2488785,-0.84100825,1.515325,4.0941854,4.4680524,-3.6651244,-0.52834636,10.524992,4.4963474,-0.75442266,6.0960135,2.108409,-2.2737749,0.9663604,3.0532331,7.728302,3.004591,-3.3307705,3.504773
547,7.832659,3.168885,-0.54976445,-2.22593,0.9789164,2.7144392,5.4901047,-4.556068,-2.3035142,3.348674,2.511091,0.78867716,9.02502,-1.6784724,-3.3794458,1.3764384,0.677474,0.22483507,6.1546636,4.9218054,2.7828183,5.652754,-0.6923455,1.8912927,4.678822,3.4373498,-4.1174474,-1.3156004,10.026382,4.614923,-1.2359074,6.3122735,2.0119472,-2.2851386,1.1549927,3.8225615,7.8635497,0.67702264,-3.1859624,2.8498662
548,8.482344,2.0419385,-1.4185269,-1.6480484,0.94201595,3.3041368,4.7501187,-5.152473,-1.3164666,2.8979056,3.2563264,1.9529804,8.617325,-2.9600434,-1.9645125,1.2737453,1.2431717,0.83775395,6.3575745,5.7675643,2.787621,4.951953,-0.4650888,2.20069,5.1774707,2.127951,-4.437764,-2.2910645,9.131347,4.963017,-1.520315,6.58287,2.0244036,-2.2975025,1.2417881,4.6159015,7.5083385,-1.6483374,-2.5005698,1.8805935
549,8.710263,1.0430425,-1.7019422,-1.132779,0.9402506,3.791845,3.8223803,-5.4406257,-0.47614437,2.7696235,3.960033,3.19557,7.687059,-3.9136426,-0.30999315,1.3363489,1.7179515,1.5682918,6.7062488,6.3391585,2.469869,4.273074,-0.1250277,2.4736445,5.5059047,0.63932407,-4.3753643,-3.3268335,7.737622,5.6323733,-1.4974463,6.8945637,2.0608728,-2.3431456,1.2379484,5.3528337,6.5733895,-3.5664763,-1.2588235,1.1372534
550,8.735243,0.2275328,-1.5229845,-0.7152544,1.0330334,4.197592,2.7672522,-5.457813,0.060542554,2.9425914,4.703532,4.293383,6.1238537,-4.450163,1.2051393,1.8124297,2.1349716,2.391496,7.204498,6.4805,1.812906,3.7838368,0.35679856,2.752356,5.597729,-0.8254793,-3.7153497,-4.162583,5.872782,6.5692286,-0.959546,7.1993613,1.9712049,-2.4195151,1.144933,5.9655375,5.133918,-4.7856727,0.18230994,1.1470399
551,8.622956,-0.5794931,-0.98245424,-0.3687257,1.2245948,4.5317283,1.6379243,-5.2519245,0.21233912,3.27648,5.5479217,4.962207,4.0073595,-4.5729547,2.1689003,2.703794,2.5382354,3.2642686,7.787842,6.0208535,0.9382087,3.6058173,1.0018207,3.068848,5.410819,-2.0198884,-2.4368198,-4.529167,3.7920325,7.5705442,0.3378323,7.327756,1.528294,-2.4543548,0.9520578,6.412567,3.4105604,-5.300201,1.2440337,2.0016053
552,8.265714,-1.4842898,-0.111800835,-0.022702517,1.5034168,4.782385,0.4875313,-4.8371367,0.0065864706,3.5789707,6.4854345,4.9170756,1.6385193,-4.3296986,2.3627226,3.786548,3.025664,4.143936,8.284502,4.8535414,0.1022308,3.7134776,1.8306209,3.4134438,4.927614,-2.7645085,-0.7808243,-4.3395495,1.8962371,8.3716755,2.423072,6.8947606,0.54266626,-2.279793,0.6565477,6.686612,1.6697823,-5.2795434,1.5447047,3.2786798
553,7.624607,-2.3545182,1.0129151,0.45188615,1.8613096,4.9144206,-0.6178957,-4.1895504,-0.42456236,3.6821826,7.4009666,3.9975214,-0.4857072,-3.7924113,1.8924415,4.7798305,3.779858,5.001702,8.398873,3.0549173,-0.40171435,3.9321854,2.8340833,3.716892,4.1594167,-3.0233798,0.8792486,-3.7314095,0.5002529,8.772845,4.834631,5.3768215,-0.811946,-1.7477928,0.3313543,6.822852,0.13616458,-4.857421,1.118121,4.3890347
554,6.8552346,-2.9536278,2.1933725,1.1994298,2.2857735,4.8674097,-1.5926509,-3.288011,-0.88005364,3.5209796,8.114461,2.3409858,-1.8302,-3.11877,1.1143557,5.508913,4.9728184,5.7721148,7.754044,0.9727405,-0.40300247,4.1007786,3.9208834,3.8627236,3.1641665,-2.8862474,2.2464097,-2.928196,-0.3080537,8.752136,6.711847,2.5883343,-1.8043753,-1.0243115,0.15340415,6.8912506,-1.0576501,-4.077439,0.31260556,4.9851556
555,6.168203,-3.166528,3.1959467,2.2775464,2.7275887,4.562774,-2.3391786,-2.1759117,-1.1599287,3.1768606,8.505761,0.41571304,-2.0958803,-2.5140107,0.38545957,5.9333844,6.610565,6.2169814,6.0658956,-0.8209222,-0.009123812,4.2471495,4.9421506,3.721499,2.0678852,-2.4948487,3.2054906,-2.1011143,-0.62412,8.4791155,7.360215,-0.79976296,-1.6637436,-0.51800567,0.21956766,6.9387417,-1.8683004,-2.9736342,-0.4443993,5.094222
556,5.656233,-3.045357,3.8829722,3.61023,3.078682,3.9420717,-2.7747247,-0.9925164,-1.142117,2.829079,8.589511,-1.2172605,-1.3673266,-2.0473118,-0.111022994,6.0851736,8.445081,5.838342,3.500001,-1.7870414,0.4012188,4.503893,5.787033,3.1849265,1.06067,-1.9843597,3.798589,-1.3331078,-0.60540974,8.181389,6.7118874,-3.6434817,-0.35522065,-0.22516346,0.45259625,6.962113,-2.2838862,-1.6516882,-0.83933187,4.9657555
557,5.2783456,-2.7227273,4.2457433,5.031757,3.1873581,3.0331018,-2.8676736,0.071590416,-0.81574273,2.641409,8.459482,-2.1989145,-0.0161787,-1.6067175,-0.3242781,6.0462084,10.008653,4.1563053,0.9548675,-1.8147969,0.5420349,4.8677416,6.404129,2.2199676,0.35527757,-1.4600359,4.144756,-0.64263123,-0.3824085,7.9985476,5.171433,-5.294373,1.3733295,0.32281983,0.82040703,6.940424,-2.3209174,-0.29510456,-0.74798363,4.85189
558,4.9332833,-2.3331897,4.3564153,6.358208,2.912126,1.9979084,-2.6586442,0.8750089,-0.25358942,2.6909678,8.199035,-2.472608,1.5027931,-1.0599011,-0.26548678,5.9594507,10.823645,1.3469276,-0.3503494,-1.367967,0.52576447,5.2348347,6.740148,0.93606716,0.12130477,-0.97488445,4.364925,-0.01387355,-0.03232971,7.947627,3.1965652,-5.862489,2.6216269,1.3828778,1.3569726,6.831299,-2.0685756,0.9089785,-0.20843187,4.8834944
559,4.51247,-1.9727027,4.306296,7.441179,2.204596,1.1063339,-2.2495968,1.397289,0.4472866,2.97818,7.850234,-2.205209,2.8339615,-0.37907517,0.000996736,5.9764905,10.6760235,-1.601327,0.15361574,-0.9132558,0.5769494,5.577797,6.721236,-0.42855707,0.41379374,-0.4887414,4.540657,0.5762924,0.4078723,7.961891,1.0952976,-5.72086,2.9070613,2.7544796,2.0665545,6.558848,-1.6735004,1.8512579,0.66059035,5.064346
560,3.919645,-1.6814014,4.166717,8.198088,1.1765097,0.6246164,-1.757646,1.7208536,1.2154484,3.4666893,7.4234233,-1.6529716,3.8115985,0.37763578,0.38859862,6.1669374,9.678056,-3.6619308,1.9751073,-0.29458198,0.7883447,5.9290295,6.299215,-1.6158195,1.1239035,0.13570724,4.707894,1.1305349,0.91733277,7.9326477,-0.93120605,-5.0620217,2.2731445,4.0353537,2.9687593,6.027702,-1.2916169,2.5221584,1.7366939,5.3193035
561,3.0867474,-1.4413211,3.9812438,8.622038,0.083195865,0.6843064,-1.245053,1.954748,2.0208364,4.105997,6.90468,-1.0509231,4.439412,1.1456125,0.83992815,6.4955277,8.112682,-4.534638,4.0336056,0.8850332,1.1686585,6.2946844,5.4731503,-2.4616363,1.9942899,1.0457076,4.862001,1.6116674,1.4687749,7.74307,-2.6795964,-3.866969,1.1672088,4.9049544,4.07132,5.150909,-1.0400566,2.9758968,2.9306374,5.5296664
562,2.0040493,-1.1895715,3.7826,8.769388,-0.78760964,1.221251,-0.681479,2.1785471,2.8603935,4.8315,6.253651,-0.55223876,4.8102217,1.9045812,1.3411964,6.864038,6.250564,-4.5834618,5.451651,2.6476467,1.6319232,6.5886865,4.2958345,-2.9277055,2.716645,2.2752128,4.966195,1.948293,2.0167694,7.312791,-3.9234412,-2.1583529,0.25165132,5.3067465,5.236808,3.8967261,-0.9338498,3.2692316,4.177529,5.5432363
563,0.7613988,-0.85767853,3.6191072,8.727557,-1.2484454,2.0202105,0.0086990595,2.434167,3.7342837,5.551975,5.407652,-0.21029249,5.031667,2.6793284,1.8996975,7.146745,4.2583923,-4.2916274,5.9248238,4.6860585,2.0956461,6.644951,2.8944504,-3.048991,3.0635548,3.6967514,4.982056,2.06994,2.5073063,6.6460094,-4.5238113,-0.22259113,0.077426046,5.4687314,6.1705976,2.334197,-0.8565494,3.4275072,5.396505,5.193679
564,-0.43484908,-0.4381232,3.564208,8.579479,-1.280045,2.832401,0.8609101,2.7421281,4.627454,6.1339874,4.309773,0.013385295,5.1861105,3.511557,2.5113964,7.196397,2.2262623,-3.9100292,5.538439,6.667098,2.58349,6.30113,1.4543833,-2.8762927,2.9792578,5.0887847,4.9085493,1.9502033,2.903566,5.83788,-4.538549,1.4881696,0.799735,5.692396,6.5577474,0.6275175,-0.6355765,3.4863791,6.465354,4.3614354
565,-1.3173336,-0.026022842,3.679165,8.386532,-1.0044823,3.4893012,1.8432072,3.1236863,5.4980536,6.3974957,2.9653256,0.21751037,5.326955,4.4259152,3.1264145,6.850716,0.26584256,-3.4428375,4.528785,8.3511,3.1586747,5.432191,0.17358837,-2.4678435,2.5841062,6.259569,4.7820334,1.6213979,3.2034495,5.0217485,-4.177128,2.6529396,2.215837,6.1037254,6.141744,-0.9908484,-0.18826343,3.5630238,7.253424,3.0460644
566,-1.6624476,0.24388051,3.9503803,8.19557,-0.594451,3.9428778,2.9016304,3.6131995,6.2644067,6.143979,1.5010767,0.4957182,5.5058975,5.402821,3.6114697,5.9869576,-1.4141461,-2.8043349,3.2320888,9.585576,3.7727628,3.9689634,-0.7562799,-1.921973,2.0956738,7.1327147,4.629813,1.1522119,3.4345098,4.306145,-3.6614382,3.2162807,3.9918048,6.565859,4.7540627,-2.2388403,0.35297364,3.822754,7.670558,1.3793283
567,-1.363812,0.34641674,4.291822,8.048005,-0.18382236,4.2300706,4.0105243,4.242053,6.780735,5.2357955,0.17124955,0.8511844,5.797591,6.366252,3.7333295,4.645965,-2.5544436,-2.0061975,2.0553243,10.327796,4.1712813,2.0125356,-1.1604425,-1.3851969,1.7065995,7.74458,4.4298854,0.6188338,3.6353004,3.7487857,-3.1401286,3.3048377,5.80576,6.7060404,2.4598825,-2.836694,0.669474,4.301227,7.668931,-0.4086833
568,-0.47819814,0.45956114,4.642847,7.960288,0.16143481,4.4161706,5.179968,4.989232,6.813685,3.7193167,-0.73156184,1.1683519,6.2620516,7.183421,3.2274015,3.1478355,-3.0201316,-1.2078586,1.3070791,10.675377,4.0085897,-0.049723256,-0.9668795,-0.9599514,1.4994951,8.179146,4.1225986,0.092824794,3.8355973,3.3640773,-2.685459,3.0998228,7.384295,6.0677986,-0.2390552,-2.6259437,0.5570385,4.8064003,7.2602363,-2.0178046
569,0.7416602,0.8803228,5.04574,7.8820915,0.40974078,4.561656,6.427761,5.7054906,6.081734,1.928426,-1.0343624,1.3279599,6.8648243,7.666588,1.9896657,2.0277164,-2.925976,-0.5547996,1.0535822,10.7959385,3.118979,-1.6750426,-0.33924186,-0.59753335,1.4738724,8.506351,3.6528418,-0.36054054,4.04291,3.139271,-2.3225853,2.7608912,8.536431,4.4416795,-2.4941127,-1.7709731,0.22881375,5.1389055,6.555899,-3.17514
570,1.9213254,1.8173279,5.59489,7.6722274,0.52505475,4.7133994,7.736365,6.0473266,4.448146,0.435185,-0.8222029,1.3718216,7.4908466,7.6040015,0.2651133,1.7353994,-2.5213645,-0.043009795,1.2010092,10.803066,1.6414819,-2.475455,0.35591745,-0.17159732,1.626715,8.760139,2.9912143,-0.6839533,4.24179,3.0446377,-2.0546937,2.3975282,9.203089,2.114421,-3.6253726,-0.81395346,0.09167394,5.3272815,5.690063,-3.7948246
571,2.732652,3.2633958,6.322998,7.1047425,0.47587708,4.8973775,9.0056095,5.5344396,2.2225547,-0.26419553,-0.39913183,1.4647315,8.057746,6.8521056,-1.4240578,2.316085,-1.9263734,0.41020605,1.6502342,10.702485,-0.09202321,-2.3512957,0.8131148,0.3548467,1.9720848,8.937452,2.1302214,-0.8287377,4.407147,3.0366273,-1.8754733,2.0672235,9.456428,-0.2828531,-3.485746,-0.2530648,0.26101083,5.500148,4.725662,-3.9950008
572,3.0035841,5.0206566,7.1302423,5.912397,0.29155278,5.103824,10.027112,3.8531573,0.22034517,-0.15826103,0.0061926437,1.7042161,8.541993,5.4252563,-2.620455,3.363269,-1.061246,0.8421684,2.3298037,10.414126,-1.7164773,-1.4102728,1.0235214,0.9166537,2.5163178,8.99461,1.0846382,-0.75397134,4.526115,3.0591023,-1.7727506,1.7877526,9.4378,-2.1366587,-2.3255808,-0.08605834,0.57529235,5.708549,3.6815124,-3.961014
573,2.7180893,6.775828,7.7587814,3.9211988,0.11922081,5.2940784,10.534083,1.2503296,-0.6979777,0.2699851,0.4043235,2.0976698,8.906028,3.486248,-3.1721601,4.296904,0.1361909,1.2172997,3.142011,9.836123,-2.9369133,0.08988459,1.2553079,1.4561497,3.2370713,8.844052,-0.09546461,-0.43417057,4.620446,3.0471284,-1.7298127,1.5530568,9.291556,-3.0794044,-0.5884321,0.06946547,0.9279639,5.9337497,2.572554,-3.8205473
574,1.9749484,8.177194,7.8517914,1.2810569,0.18483327,5.474488,10.336849,-1.4639183,-0.20732504,0.6322718,0.84033,2.6442373,9.058226,1.2626699,-3.145506,4.7190323,1.5371337,1.5093673,3.948903,8.929818,-3.609387,1.7520173,1.8216473,1.9726187,4.0645604,8.364769,-1.3109723,0.11119337,4.7560215,2.9341717,-1.7286193,1.3449157,9.128925,-3.0421565,1.1983547,0.5275823,1.3450851,6.126658,1.4101769,-3.5950534
575,0.96782553,8.965995,7.1818566,-1.4482367,0.5664032,5.7755017,9.422366,-3.4788332,1.3164049,1.0963755,1.2892532,3.328541,8.860731,-0.99762905,-2.6265965,4.5844245,2.8974004,1.7888314,4.634795,7.7531734,-3.7849445,3.1568043,2.8529208,2.48674,4.865722,7.442685,-2.4190662,0.7724387,5.0178647,2.661863,-1.7518369,1.1389954,9.016719,-2.1920228,2.597289,1.2951925,1.8504342,6.207343,0.22060521,-3.2100987
576,-0.026620314,9.135752,5.8591747,-3.644179,0.9792672,6.3224277,7.9137526,-4.5466785,3.0634809,2.048635,1.7234572,4.071509,8.168488,-3.017195,-1.6934932,4.1725063,4.036168,2.1853695,5.140485,6.3990207,-3.6460178,4.0396867,4.2600007,3.0189357,5.446961,6.043217,-3.2690578,1.3366219,5.4432044,2.1980505,-1.7748344,0.9099961,8.977805,-0.80506,3.4057593,2.1643581,2.4098165,6.07239,-0.9137964,-2.5588112
577,-0.7055701,8.946047,4.192189,-5.050653,0.95931834,6.9721913,6.0334616,-4.931002,4.2805886,3.5672014,2.1162972,4.7101903,6.9171524,-4.5291424,-0.55987614,3.9134667,4.9313846,2.7539387,5.413877,4.93249,-3.371831,4.341039,5.8517184,3.5872002,5.583016,4.280652,-3.7484732,1.5659678,5.962392,1.5746665,-1.7507318,0.6440196,8.996129,0.84472084,3.6300097,2.913647,2.9696515,5.640963,-1.8556365,-1.6102542
578,-0.84353006,8.726762,2.3891606,-5.721013,0.25668833,7.36561,4.151867,-4.962986,4.604683,5.3870544,2.488589,5.046272,5.2138014,-5.396881,0.3707742,4.0911884,5.6861897,3.386554,5.3618665,3.4200473,-3.0492098,4.133669,7.4345527,4.1607623,5.065805,2.4430466,-3.812449,1.3462613,6.4301176,0.9237511,-1.6186014,0.36053985,9.028592,2.526518,3.3643234,3.4277952,3.488133,4.9022546,-2.4828358,-0.4862975
579,-0.3742186,8.641627,0.502546,-5.6782737,-1.0259597,7.246593,2.7091303,-4.814019,4.0744553,7.14603,2.952434,4.9151034,3.3193562,-5.6660447,0.71784455,4.6260633,6.443609,3.8497045,4.886865,2.0046499,-2.6792288,3.5611832,8.832874,4.591541,3.8046176,0.94418263,-3.5134194,0.78135073,6.737509,0.4408569,-1.3529094,0.12304645,9.0319605,4.040349,2.7126744,3.7152157,3.9457018,3.9189386,-2.762854,0.5826972
580,0.5994105,8.593621,-1.3956746,-4.7662263,-2.5020857,6.637023,1.9707046,-4.5668545,2.9809139,8.565861,3.6036727,4.182542,1.5595388,-5.471622,0.39063483,5.15652,7.314127,3.8982158,3.9959908,0.904951,-2.2470043,2.8205974,9.901966,4.6262474,1.9835993,0.15803614,-3.0132675,0.12395398,6.8792005,0.2689994,-1.0040984,0.0072345925,8.996107,5.2056513,1.7848742,3.8705866,4.345951,2.785853,-2.752988,1.3881481
581,1.8534182,8.321345,-3.050065,-2.856638,-3.5925682,5.8392215,1.8579189,-4.310703,1.6689162,9.490081,4.348784,2.767014,0.2905102,-4.965186,-0.3621852,5.3127346,8.2900715,3.3951063,2.8892512,0.28927284,-1.7747796,2.1222105,10.5798645,4.063934,0.098756425,0.17917423,-2.482158,-0.40110624,6.911076,0.4194821,-0.6727452,0.046014912,8.95205,5.883413,0.71534693,4.0085173,4.7030067,1.583356,-2.5360668,1.8376945
582,3.1256642,7.6197186,-4.10525,-0.23933841,-3.7237647,5.303236,2.0334342,-4.1382966,0.37874153,9.852627,4.904891,0.80938846,-0.1556739,-4.3333673,-1.1290258,4.942919,9.20824,2.4215338,1.9147298,0.14263892,-1.3029922,1.6165931,10.914099,2.9352279,-1.2988503,0.73760223,-1.9663873,-0.6935684,6.8861203,0.79638773,-0.44662243,0.21066192,8.944129,6.00965,-0.34589395,4.192813,5.022456,0.36388057,-2.160204,1.9654076
583,4.2150245,6.508615,-4.4187484,2.3435507,-2.635926,5.264495,2.1110344,-4.105663,-0.7939208,9.662461,5.050061,-1.2312396,0.3425676,-3.7297606,-1.5809076,4.169193,9.875346,1.3037676,1.3675637,0.29452613,-0.8503734,1.363881,11.009767,1.4968325,-1.9212044,1.408058,-1.42918,-0.7501052,6.8419333,1.2641724,-0.3628198,0.43855867,8.995925,5.603541,-1.2694504,4.4035344,5.290417,-0.8255639,-1.6252179,1.899059
584,5.044722,5.177684,-4.188128,4.2051415,-0.52631867,5.4893837,1.7422636,-4.1597886,-1.8534184,8.988997,4.8513513,-2.8284488,1.5670327,-3.1288085,-1.5881733,3.287211,10.232555,0.44117844,1.2986711,0.5772306,-0.4177169,1.3621181,10.954353,0.06965745,-1.7876916,1.9087857,-0.8697093,-0.6123969,6.80898,1.6984113,-0.40997648,0.6684872,9.098085,4.749065,-1.9734658,4.5608726,5.4789376,-1.913233,-0.9152791,1.8244475
585,5.6390133,3.792483,-3.7311826,5.114767,2.0806081,5.4610734,0.72675645,-4.0553885,-2.8245647,7.927593,4.596127,-3.7175086,3.0943446,-2.3603406,-1.206683,2.6096911,10.356948,0.047401424,1.5307124,0.9119652,-0.005196863,1.5821686,10.784778,-1.0955373,-1.077695,2.21434,-0.3376857,-0.330719,6.80906,2.0077095,-0.54948527,0.85740787,9.218039,3.5723042,-2.4182901,4.579581,5.565945,-2.7987065,-0.054377507,1.9454619
586,6.0310125,2.3874872,-3.2524893,5.2151227,4.5703564,4.712822,-0.7180923,-3.471487,-3.6460285,6.605713,4.5422378,-3.9080021,4.5393953,-1.2991204,-0.63762444,2.319331,10.355486,0.059456453,1.8336511,1.2718675,0.3899727,1.9850844,10.498933,-1.8658872,-0.020702956,2.4627895,0.11609417,0.05311766,6.851236,2.1345718,-0.7335262,0.9813535,9.317987,2.2276735,-2.5820863,4.417214,5.5533695,-3.3868585,0.85738057,2.422627
587,6.170106,0.9117817,-2.7887692,4.778035,6.455699,3.1207519,-1.9416939,-2.3845582,-4.128317,5.223293,4.7574177,-3.4968338,5.675991,0.002346931,-0.13213113,2.396197,10.299958,0.25877696,2.0680816,1.6415696,0.7821839,2.530332,10.08266,-2.2303011,1.1486263,2.8022563,0.4621661,0.5028223,6.930824,2.0501573,-0.9122691,1.0318652,9.3706045,0.88951206,-2.4468515,4.101096,5.4648986,-3.635118,1.6674901,3.299758
588,5.899823,-0.64062274,-2.2704132,4.082936,7.540588,1.0605875,-2.3613343,-1.1996369,-4.130483,3.9918146,5.1568522,-2.5696461,6.4325113,1.3104895,0.14498597,2.6816895,10.2283745,0.44401494,2.210007,2.0176792,1.1978863,3.1804087,9.526063,-2.2787385,2.2345338,3.2954247,0.68539715,0.9806454,7.030227,1.7533036,-1.0340749,1.0149668,9.367347,-0.26304594,-2.0117443,3.731651,5.326382,-3.5767283,2.246735,4.4662943
589,5.043127,-2.1173356,-1.6477283,3.398474,7.9385266,-0.8455559,-1.8861248,-0.31728077,-3.7435417,3.0054123,5.6375995,-1.2115628,6.8428755,2.3164628,0.18260477,3.014391,10.162999,0.51800084,2.3011196,2.4128323,1.6689715,3.899181,8.820143,-2.1531444,3.121931,3.9156897,0.7808836,1.4490064,7.1228375,1.2739487,-1.0461936,0.95456505,9.317461,-1.0766338,-1.3239913,3.4537032,5.1481924,-3.307581,2.5537498,5.698003
590,3.555806,-3.2262325,-1.0226626,2.9368582,7.907762,-2.1644342,-0.79742867,0.22379532,-3.1792545,2.249295,6.141405,0.48046908,6.9602838,2.768987,0.08800284,3.3091028,10.114073,0.47674957,2.3938954,2.849856,2.22608,4.6421022,7.9431663,-1.9860665,3.7781668,4.596362,0.7582093,1.8786364,7.1808825,0.67434365,-0.9021085,0.8984525,9.23889,-1.4645653,-0.49409476,3.3938203,4.9193296,-2.950739,2.635352,6.760845
591,1.6271858,-3.6878576,-0.6228717,2.7460506,7.6732063,-2.7925842,0.5424307,0.6118367,-2.5939977,1.6909633,6.6395783,2.3865943,6.7491574,2.5600638,0.015940616,3.553394,10.074484,0.3610122,2.5228665,3.3564935,2.8935792,5.338833,6.8545966,-1.8540552,4.2160316,5.2754498,0.6429567,2.2548985,7.1844015,0.04089326,-0.5765202,0.9207985,9.14645,-1.4383185,0.33367494,3.595731,4.6105814,-2.6168644,2.5740955,7.507909
592,-0.36333027,-3.3623402,-0.56836706,2.6935766,7.3869452,-2.8206673,1.8406416,1.0062882,-2.0691698,1.310842,7.1160955,4.3226986,6.031599,1.7856768,0.1041858,3.7870438,10.016915,0.2135611,2.6997228,3.9643152,3.6813946,5.8699713,5.5133266,-1.7573978,4.45413,5.9100513,0.47477067,2.5782135,7.126974,-0.53527576,-0.08134906,1.1122099,9.044032,-1.109269,1.042375,4.004006,4.1858215,-2.373194,2.435802,7.9119787
593,-1.9912071,-2.2890968,-0.69066644,2.64195,7.1556287,-2.3870256,2.9182568,1.4395297,-1.6532423,1.0850835,7.5658545,5.9976993,4.5793676,0.7963662,0.3922423,4.093174,9.898178,0.047491614,2.9213376,4.7084413,4.565108,6.047044,3.9313223,-1.627661,4.506637,6.4692783,0.3064716,2.8596349,7.015041,-0.98274016,0.5292329,1.5536798,8.922276,-0.6567938,1.586585,4.507767,3.6190052,-2.229927,2.250903,8.039282
594,-2.9374306,-0.7097077,-0.6429048,2.6115935,7.0264277,-1.6323035,3.7047753,1.8439288,-1.3704824,0.97393286,7.989745,7.039629,2.3711877,0.12238921,0.7716596,4.5511236,9.670572,-0.16674063,3.1803632,5.624221,5.4454927,5.626032,2.253571,-1.3748384,4.411553,6.927101,0.198508,3.1133595,6.8610067,-1.267449,1.172957,2.2845383,8.755597,-0.27680904,1.9903052,5.0030494,2.9065423,-2.1471293,2.0243263,8.002022
595,-3.08109,0.9756255,-0.17799835,2.721812,6.980062,-0.70963943,4.2018294,2.1219978,-1.2094021,0.9299189,8.381191,7.135786,-0.1917587,0.17575903,1.1399664,5.1577067,9.287455,-0.4737468,3.4642336,6.732448,6.092636,4.4097075,0.8026413,-0.9779848,4.264706,7.269866,0.1970445,3.348572,6.67491,-1.394719,1.767525,3.283028,8.493079,-0.12970525,2.313465,5.4289813,2.0685189,-2.0551248,1.7551365,7.9125443
596,-2.497682,2.3789425,0.6973809,3.0345247,6.964064,0.2183609,4.4424953,2.2114694,-1.1248311,0.9133861,8.71794,6.2150583,-2.4448867,0.9060229,1.6529506,5.8625565,8.671747,-0.8939317,3.7362857,8.000098,6.1273513,2.46213,-0.024346108,-0.5348417,4.1889286,7.5104723,0.30479178,3.5653791,6.4613805,-1.3966719,2.2563837,4.4691124,8.048327,-0.29938748,2.6148293,5.7693057,1.1432081,-1.8760179,1.456425,7.848551
597,-1.384162,3.2924266,1.7876028,3.517977,6.917295,1.0061684,4.468785,2.1176305,-1.0582215,0.90352875,8.970615,4.501027,-3.914626,1.7630237,2.6004403,6.6561055,7.6456203,-1.4241287,3.9135034,9.288799,5.157045,0.2895837,-0.045331728,-0.1323313,4.251422,7.6818237,0.4786802,3.7574706,6.2235746,-1.3143706,2.6194224,5.7230444,7.3042517,-0.76800555,2.9205418,6.036016,0.18337858,-1.5401604,1.1738296,7.8391633
598,0.020126233,3.7136328,2.8666887,4.112433,6.776052,1.548531,4.3332725,1.9063739,-0.96184725,0.90191895,9.119448,2.37913,-4.522576,2.0960007,3.9712234,7.484593,5.9331484,-2.0163698,3.8535354,10.356967,3.1216679,-1.3136479,0.45104656,0.3127139,4.463801,7.8005667,0.65495014,3.9182131,5.9689364,-1.1836703,2.868202,6.908441,6.148221,-1.4128917,3.1970427,6.2506704,-0.7400916,-1.0018938,0.9978549,7.8775325
599,1.4740752,3.758843,3.7924,4.771004,6.4762273,1.7941474,4.110195,1.6702223,-0.81350154,0.92807126,9.161442,0.2375126,-4.3604293,1.6409822,5.3272605,8.132877,3.3705444,-2.4767482,3.3839917,10.9807625,0.5893046,-1.7593096,0.91365165,0.90527993,4.843469,7.836438,0.7632537,4.047483,5.71323,-1.0287778,3.0335383,7.8948083,4.5350213,-2.0328772,3.344426,6.429353,-1.529636,-0.26182666,1.0572737,7.952242
600,2.745555,3.5693135,4.5313935,5.448658,5.954271,1.7588767,3.8912013,1.488688,-0.6163513,1.008204,9.104009,-1.5838351,-3.4712822,0.69668055,6.16522,8.298122,0.24293552,-2.4219332,2.4741518,11.130194,-1.4431227,-1.0302259,1.1406243,1.5852492,5.4068418,7.722225,0.73305523,4.1584473,5.482976,-0.86342156,3.1529946,8.578801,2.548198,-2.3958719,3.2452044,6.574278,-2.062725,0.6095436,1.4804586,8.073907
601,3.6168942,3.2635677,5.1259174,6.0807147,5.154899,1.5325905,3.7568336,1.4045637,-0.387937,1.1627362,8.956886,-2.8025782,-1.9422331,-0.086572066,6.3989754,7.8047447,-2.686557,-1.5229868,1.5227504,10.99222,-2.240887,0.3463834,1.4152728,2.2734308,6.125936,7.3705463,0.5188237,4.2775655,5.313919,-0.6965118,3.2612312,8.901954,0.41947812,-2.2921674,2.8771951,6.67578,-2.226202,1.4749364,2.33093,8.268963
602,3.8996706,2.9354277,5.647969,6.574617,4.054452,1.2625517,3.7438347,1.4233434,-0.14786184,1.3989663,8.733368,-3.266098,-0.08999363,-0.15950081,6.39886,6.688841,-4.719373,0.040834974,1.3030299,10.759263,-1.8892581,1.6785454,1.9812111,2.9986603,6.903947,6.668139,0.13978332,4.4287257,5.242962,-0.53699905,3.3831203,8.861158,-1.5211984,-1.6068436,2.4227948,6.7230225,-1.985529,2.1882923,3.5589895,8.533618
603,3.4694908,2.6786852,6.167824,6.8118653,2.692881,1.1070374,3.84117,1.5233978,0.0895769,1.7109642,8.457845,-3.0320385,1.6208228,0.6145638,6.507421,5.0346384,-5.723258,1.5048498,2.2742732,10.428201,-1.1576116,2.5979087,2.7979054,3.830686,7.5725527,5.494878,-0.29303813,4.604134,5.29371,-0.3929186,3.5302153,8.50853,-2.9670537,-0.4197502,2.2439802,6.7086415,-1.445651,2.6807284,5.019255,8.771539
604,2.3308144,2.5981565,6.7450757,6.6528172,1.1912265,1.1720012,4.0254703,1.664295,0.31757966,2.0845845,8.167115,-2.3337643,2.8646572,2.0123496,6.6664414,2.8676205,-5.972909,2.0628343,4.0297685,9.877602,-0.8189107,3.1775901,3.7975566,4.811954,7.8767095,3.805335,-0.5924564,4.751994,5.4572334,-0.26336172,3.7021408,7.9363875,-3.7751894,0.96304864,2.6654334,6.605121,-0.83857477,2.992723,6.5437884,8.75314
605,0.68837476,2.7462246,7.431023,5.95046,-0.26582628,1.4516804,4.3028316,1.7966346,0.53477246,2.504139,7.9006877,-1.4461504,3.6010196,3.6602094,6.4772997,0.3095335,-5.659588,1.4198825,5.600395,9.137537,-1.0649405,3.635955,5.046698,5.891683,7.4469247,1.7582076,-0.5778776,4.827083,5.678976,-0.13153301,3.8916757,7.246779,-4.019499,2.1565752,3.7359066,6.3312235,-0.42191273,3.216285,7.9959598,8.144188
606,-1.0554212,2.9825,8.233328,4.6048164,-1.4701893,1.7991474,4.7034717,1.8816941,0.74025214,2.9573011,7.688591,-0.5732102,3.9842868,5.1825714,5.4923124,-2.179538,-4.7331834,-0.0350645,6.220712,8.489782,-1.548982,4.033883,6.63598,6.8103065,5.879646,-0.18169048,-0.2417564,4.8797426,5.8799953,0.022621728,4.088466,6.51904,-3.9087837,2.9130256,5.207132,5.770622,-0.347532,3.4056118,9.25964,6.6427937
607,-2.4124281,2.9327173,9.022676,2.7068386,-2.2118554,1.976642,5.218728,1.9203867,0.93097174,3.4362876,7.546021,0.18057662,4.200108,6.272449,3.5679607,-3.8836672,-3.2938592,-1.4505606,5.8436637,8.183249,-1.8614057,4.28779,8.480885,6.9886346,3.109734,-1.3512784,0.13056193,5.0204906,6.0190873,0.19245261,4.2796836,5.796317,-3.6564915,3.195541,6.7174897,4.84385,-0.5861665,3.5310502,10.202149,4.193006
608,-2.9162142,2.2808638,9.551108,0.7041998,-2.3129785,1.8376077,5.7559347,1.9732457,1.1046137,3.9354675,7.474906,0.7809655,4.3639503,6.736952,1.059211,-4.3478518,-1.877861,-2.1919641,4.966188,8.176862,-1.8116266,4.3574157,10.224026,5.7076225,-0.07169925,-1.3667463,0.25605446,5.2446723,6.130316,0.34748387,4.452169,5.0944924,-3.4045408,3.0978868,7.9805603,3.5763788,-0.95410144,3.510915,10.690927,1.1589073
609,-2.2263522,1.2655206,9.706705,-0.7542999,-1.7689372,1.5230632,6.203832,2.1233706,1.2620842,4.4473352,7.4666343,1.2217942,4.5023127,6.532661,-1.3829618,-3.6762152,-0.9765776,-2.275741,4.0476713,8.308134,-1.3931772,4.3271294,11.385472,2.8192916,-2.2071383,-0.67758167,0.30384097,5.4745746,6.2583585,0.4688523,4.595817,4.41596,-3.2158804,2.740687,8.864781,2.126805,-1.2114325,3.3047729,10.690279,-1.6965864
610,-0.44149244,0.76150614,9.6403,-1.3868617,-0.83450687,1.3602886,6.538073,2.3854623,1.4073853,4.961482,7.5016823,1.4952854,4.585245,5.7721505,-3.2154686,-2.3144186,-0.5579167,-2.0183632,3.2764683,8.490107,-0.6551054,4.3430653,11.654914,-0.7550373,-2.306129,-0.18287008,0.5276352,5.728844,6.373203,0.5450863,4.705757,3.759298,-3.098474,2.2186456,9.380257,0.75873476,-1.1726761,2.9913282,10.3276825,-3.5603013
611,1.7002108,1.5444701,9.44482,-1.5618017,0.18549113,1.5588529,6.8074083,2.6759858,1.5488675,5.469379,7.545459,1.5817636,4.5779815,4.6824937,-4.2394705,-0.76888156,-0.27881378,-1.624235,2.7034678,8.706031,0.37065226,4.495769,11.0117035,-3.6329017,-0.517937,0.016113067,0.8605496,6.057895,6.4134035,0.55291516,4.78606,3.128397,-3.0313778,1.5928274,9.620719,-0.24131048,-0.79265857,2.7522914,9.807477,-4.085647
612,3.3526907,3.508134,8.84251,-1.8904263,1.1739858,2.164167,7.05089,2.8655365,1.6993226,5.969957,7.5431595,1.4583049,4.486087,3.518717,-4.568243,0.56581354,0.119188674,-1.16927,2.353067,8.963377,1.6510823,4.732842,9.633629,-5.0161643,2.0843718,0.6356085,1.2740806,6.467479,6.3248596,0.46838444,4.853043,2.537252,-2.983806,0.9020066,9.695208,-0.66336,-0.19203644,2.7632353,9.268109,-3.5630288
613,4.239399,5.840635,7.393339,-2.6147,2.1021287,3.208697,7.2498994,2.8125813,1.875829,6.4719534,7.418748,1.1212349,4.371178,2.4764497,-4.446745,1.500177,0.6932633,-0.7013806,2.2312605,9.282016,3.0884147,4.83493,7.7953634,-5.0624857,4.233304,2.0540435,1.8088715,6.90579,6.0304823,0.2922809,4.9326444,2.0063393,-2.9269557,0.17717928,9.673807,-0.43857202,0.40753967,3.0730515,8.754401,-2.5781565
614,4.5992084,7.740623,4.909712,-3.4199185,2.7173805,4.683146,7.312962,2.3754046,2.101221,6.9957523,7.0810704,0.60859424,4.3261757,1.6546181,-4.0946994,2.0295842,1.3836527,-0.2549829,2.316908,9.690422,4.4593496,4.4803395,5.8422446,-4.383344,5.309862,3.9754703,2.4302304,7.2381535,5.4571905,0.07729138,5.0464144,1.5522918,-2.8395152,-0.5470209,9.564106,0.35745305,0.80400974,3.5753415,8.282066,-1.5918918
615,4.7543473,8.775576,1.6668699,-3.755765,2.5781028,6.292181,7.138435,1.4972701,2.3895028,7.5718503,6.436852,0.0044714557,4.4236474,1.0749618,-3.649285,2.2461777,2.110293,0.1712242,2.577909,10.205293,5.394406,3.4351308,4.2045956,-3.4409053,5.453104,5.950318,3.1500323,7.275378,4.5888376,-0.07085638,5.191613,1.1757463,-2.7074583,-1.227099,9.322798,1.5479661,0.90307903,4.096696,7.8854,-0.7922847
616,4.8872437,8.837685,-1.6493167,-3.1576612,1.6464552,7.4824758,6.7609863,0.32262567,2.700013,8.218784,5.4159346,-0.5783825,4.6697836,0.7242096,-3.1782303,2.264178,2.8181303,0.61541665,2.9953666,10.790459,5.4529247,1.8219601,3.2918699,-2.411518,5.1323023,7.7314587,3.9827557,6.811205,3.4984393,-0.040439546,5.339638,0.8551296,-2.519537,-1.8129823,8.893015,2.9154139,0.7308324,4.512469,7.617891,-0.17374094
617,5.0416656,8.03674,-4.2374268,-1.5179819,0.70586085,8.006161,6.2818646,-0.8845586,2.923715,8.901438,4.018517,-1.0207207,4.993672,0.5796871,-2.7134786,2.183444,3.4850934,1.1382893,3.5745382,11.308282,4.333204,0.20661484,3.180471,-1.2882761,4.79613,9.251277,4.732757,5.665894,2.3964148,0.21874467,5.4624405,0.5531722,-2.2613575,-2.255847,8.247781,4.2608066,0.4016363,4.7947216,7.5277057,0.3352157
618,5.1776433,6.63248,-5.651613,0.5961297,0.7856381,8.20248,5.546168,-1.9474478,2.9358904,9.524879,2.3694963,-1.2147229,5.2849436,0.6041663,-2.2764237,2.0765457,4.1156316,1.8114964,4.333704,11.489867,2.1209002,-0.7192302,3.467981,-0.01289408,4.7459254,10.47436,4.9165697,3.8835306,1.6204278,0.6597463,5.554176,0.23793343,-1.9133438,-2.5168767,7.417516,5.4507604,0.076255195,4.982664,7.6319604,0.790084
619,5.2160425,4.9415426,-6.0466623,2.2219932,2.176112,8.407205,4.1321115,-2.7755578,2.6092565,9.988305,0.7449469,-1.0915297,5.468325,0.7301037,-1.8839623,1.9854703,4.732008,2.711971,5.2600617,10.955424,-0.63768995,-0.58175445,3.6937137,1.368473,5.150998,11.278034,3.9903822,1.9855002,1.4065561,1.207888,5.609996,-0.09775663,-1.4575534,-2.573364,6.4886518,6.4363093,-0.08423831,5.128177,7.9031525,1.198687
620,5.081268,3.2367861,-5.877796,2.7567804,4.2843432,8.428022,1.749553,-3.1523275,1.8196379,10.234974,-0.4569146,-0.6666686,5.562737,0.86692023,-1.5415266,1.9258448,5.3669295,3.907763,6.2146697,9.325944,-3.1470246,0.43395776,3.8968523,2.7405527,6.055624,11.355436,1.8179255,0.83556384,1.6216173,1.8533099,5.593831,-0.44290754,-0.88893473,-2.421245,5.5776467,7.2365174,0.037431255,5.2650557,8.26774,1.517212
621,4.751358,1.7137794,-5.4820538,2.2261927,6.201932,7.789655,-1.2529341,-2.6867163,0.6603556,10.268117,-0.85703564,-0.07683185,5.6526837,0.937931,-1.2402816,1.8982881,6.056526,5.405004,6.7943277,6.470576,-4.764657,1.5377965,4.485846,4.1369543,7.270616,10.188942,-0.98793405,0.98470944,2.005419,2.5686672,5.4483237,-0.77913064,-0.22255342,-2.0721211,4.7980795,7.9034166,0.48996836,5.407911,8.611535,1.6651825
622,4.299204,0.5018012,-4.9708796,1.0418903,7.300731,6.3545823,-3.8846471,-1.268203,-0.24586824,10.170611,-0.39320898,0.46788296,5.782614,0.91730094,-0.9636557,1.9016218,6.829305,7.0264435,6.287787,2.864961,-5.271865,1.7655197,5.518675,5.800846,8.221695,7.3319182,-3.2971547,2.0131552,2.6825008,3.2597861,5.1082015,-1.0698823,0.5007776,-1.544677,4.2379656,8.493213,1.2531648,5.5545373,8.791582,1.5676986
623,3.8808389,-0.34275082,-4.343301,-0.30641887,7.524778,4.5720506,-5.403913,0.5014102,-0.09926113,10.058644,0.48239535,0.82710516,5.9164987,0.8361722,-0.6951084,1.9425337,7.685918,8.269751,4.0735517,-0.20896909,-4.8716164,0.8708856,6.4432464,7.917219,7.908738,3.0635414,-4.247093,2.6695282,3.8308568,3.861803,4.478066,-1.2642438,1.2119198,-0.8583427,3.9536445,9.054481,2.2457519,5.669382,8.66254,1.2239991
624,3.644108,-0.84385407,-3.5983837,-1.4556277,7.2150326,3.0052528,-5.891428,1.7704864,1.2246727,9.945443,1.0657296,1.0146697,6.015987,0.75154734,-0.42486927,2.0387847,8.57365,8.383317,0.5152099,-1.2954756,-4.153765,-0.44418636,6.6461964,10.056469,5.3447695,-1.0581983,-3.8689942,2.214003,5.051686,4.3841205,3.484817,-1.3202537,1.8265071,-0.03398773,3.9782493,9.62588,3.3186922,5.6543436,8.132555,0.7590507
625,3.6199903,-1.0725914,-2.769634,-2.2316756,6.746778,1.8873719,-5.797554,2.1441724,3.1153493,9.742004,0.8868098,1.1613288,6.095694,0.6996251,-0.15268302,2.2144587,9.376031,6.866355,-2.8517056,-0.15226494,-3.56197,-1.3970162,6.014384,11.266568,0.9467146,-2.8356385,-3.1529891,1.1906797,5.8729296,4.864417,2.170232,-1.2207712,2.2795618,0.90489376,4.3400235,10.225906,4.223896,5.3522296,7.251538,0.39079386
626,3.7105496,-1.104634,-1.9156712,-2.605038,6.351525,1.168951,-5.456434,1.7395738,4.8318744,9.354494,-0.0439829,1.4149389,6.2029557,0.6684749,0.11814072,2.4902596,9.93434,3.9525318,-4.6963286,1.8919567,-2.884848,-1.6782472,4.977996,11.226635,-3.0656946,-1.4698987,-2.8145735,0.2969594,6.2553883,5.2281294,0.6769091,-0.9531784,2.561629,1.9377277,5.0796447,10.811832,4.5862193,4.655521,6.27065,0.30733684
627,3.78292,-1.009313,-1.100212,-2.621456,6.1201663,0.7127416,-5.018893,0.8924777,5.921163,8.749353,-1.3442101,1.8250903,6.3973594,0.609818,0.38903412,2.875955,10.086663,0.43080854,-4.881435,3.289872,-1.9146694,-1.4290094,4.097018,10.503264,-4.887599,1.7376739,-2.2521377,-0.12121348,6.3552103,5.328442,-0.79376495,-0.5071989,2.7384655,3.0589218,6.242399,11.1822605,3.9733815,3.7201629,5.541673,0.5552725
628,3.748598,-0.84779054,-0.3708117,-2.3515077,6.055553,0.39512932,-4.5335464,-0.06842193,6.288021,7.995081,-2.5629077,2.2968795,6.7325106,0.47901443,0.66778827,3.3676257,9.702864,-2.8681211,-3.8600526,3.5599453,-0.87834203,-0.9931544,3.6051137,9.706337,-4.4922943,4.820185,-0.9755442,0.015299511,6.4046063,5.0355954,-2.0440304,0.07360079,2.9457057,4.299069,7.8051386,10.834296,2.1866686,3.043672,5.2685094,1.0337178
629,3.5705323,-0.6577666,0.25087756,-1.8630121,6.116828,0.1286718,-4.004617,-0.91671044,6.0795717,7.2299314,-3.430611,2.665426,7.2112846,0.27432272,0.9638709,3.94557,8.719059,-5.350902,-2.0905857,3.2486749,-0.070676774,-0.5558945,3.4472482,9.121199,-2.7959526,6.720157,0.57295305,0.3882508,6.5265017,4.3184605,-2.9530003,0.6519728,3.3350232,5.7443285,9.492642,8.953281,-0.30137044,3.0458646,5.453149,1.550714
630,3.2483318,-0.44181684,0.7632656,-1.2121174,6.2460794,-0.14067854,-3.4163587,-1.5378585,5.5295763,6.572163,-3.9026995,2.814367,7.7696075,0.052928407,1.281706,4.5696206,7.166409,-6.7934437,-0.15773731,3.154072,0.44013822,-0.13507913,3.5218124,8.832871,-0.65463084,7.447284,1.7309889,0.72308385,6.666924,3.2691927,-3.4850266,1.0337036,3.9835112,7.4969115,10.502645,4.9467607,-2.2759528,3.3438268,6.074448,1.9214365
631,2.8018267,-0.187347,1.1772102,-0.44620734,6.38093,-0.43753746,-2.745893,-1.8984742,4.854196,6.068188,-4.062635,2.7255485,8.321523,-0.08445558,1.6136637,5.1734715,5.160907,-7.366098,1.2233031,3.6259112,0.71873987,0.26973835,3.768244,8.853564,1.4098393,7.343055,2.204317,1.0057157,6.7566,2.0364535,-3.6547844,1.0666151,4.8180475,9.4740715,9.451157,-0.40675586,-2.5612493,3.0322049,6.9018703,2.1467748
632,2.250769,0.09921815,1.517175,0.39265993,6.4602795,-0.75922775,-1.9763602,-2.007871,4.2149196,5.7026143,-4.026303,2.4487588,8.810072,-0.03192747,1.9370092,5.6636057,2.8624098,-7.3890395,1.551456,4.4348216,0.8728155,0.64371616,4.15912,9.167487,3.0750656,6.6112485,2.1018836,1.3195794,6.770676,0.757531,-3.48096,0.7329382,5.6009436,11.098014,5.32136,-4.598518,-1.4414281,2.3047879,7.5157247,2.389195
633,1.6173165,0.4052962,1.8216637,1.269048,6.427769,-1.0812823,-1.1109445,-1.8880377,3.7176704,5.429386,-3.8991444,2.0500453,9.217943,0.2851559,2.2162864,5.931908,0.46911088,-6.997871,0.7604292,5.1042376,1.1253349,0.9836982,4.683791,9.718453,4.046808,5.3466854,1.769372,1.712599,6.6966352,-0.4538487,-2.9605138,0.18379392,6.050014,11.460853,-0.77634895,-5.385531,-0.94322324,1.9086206,7.9025216,2.6077886
634,0.9537065,0.7321364,2.1370366,2.1538687,6.233834,-1.3691608,-0.18203391,-1.5563821,3.420159,5.1928205,-3.7673538,1.5782464,9.547321,0.89280534,2.401891,5.8900557,-1.7413312,-6.0582185,-0.7730079,5.2562947,1.7489002,1.3112555,5.3294106,10.360421,4.0216136,3.7865517,1.5835998,2.1829443,6.507605,-1.4920592,-2.0993786,-0.3147637,6.09419,10.258789,-5.8920403,-2.6307938,-1.5417856,1.4760867,8.2302065,2.7028255
635,0.31023765,1.0736134,2.5118022,3.020143,5.836363,-1.5919899,0.7499114,-1.0210432,3.3373673,4.9329453,-3.6977737,1.0535878,9.793974,1.7643194,2.4198685,5.523584,-3.4255462,-4.4190784,-2.3290563,4.8089066,2.8148293,1.7110803,6.070475,10.802578,2.850512,2.4489348,1.7267387,2.727632,6.155651,-2.2679036,-0.97548294,-0.50564265,5.9557924,8.139838,-8.174645,1.6900519,-1.2354311,1.1278166,8.481031,2.700895
636,-0.2468161,1.4099259,2.9889283,3.83518,5.2003036,-1.7305485,1.6078347,-0.2868178,3.4448555,4.581558,-3.733688,0.4693337,9.927378,2.818108,2.1725242,4.9404783,-4.3243794,-2.2556455,-3.1939926,4.022702,4.1104064,2.3723845,6.878985,10.610294,0.7999164,1.9085275,2.1460178,3.3398015,5.5850515,-2.7432928,0.23875469,-0.23781504,5.9042253,5.8491755,-8.238511,4.959237,0.84582776,1.3595496,8.625854,2.4663336
637,-0.59915787,1.7057436,3.5895808,4.548335,4.300632,-1.7737949,2.3149028,0.6315669,3.6810455,4.05995,-3.8819466,-0.19894503,9.879184,3.924723,1.584063,4.3668346,-4.4161587,-0.056253966,-3.0977154,3.2910283,5.3821435,3.5026703,7.6718707,9.3210945,-1.4204941,2.3141108,2.8346932,3.9411874,4.7522407,-2.9404235,1.3264378,0.51196307,6.015907,3.6339045,-7.514999,6.046004,3.8457012,2.0031168,8.574323,1.8500285
638,-0.62545073,1.9325784,4.293017,5.0794063,3.1382787,-1.7069439,2.8127933,1.6933622,3.9489455,3.2926931,-4.09215,-0.97451663,9.544676,4.9470496,0.6902561,4.060167,-3.8662968,1.7468095,-2.2479863,2.8453238,6.547988,5.157154,8.107918,6.6899996,-3.0316849,3.1011467,3.9537394,4.37454,3.623888,-2.9076107,2.1040044,1.6480242,6.138551,1.4121188,-6.7911777,5.1722913,6.737839,2.9831934,8.055994,0.8854675
639,-0.2928562,2.127961,5.0392423,5.3155084,1.7719157,-1.5051718,3.0836973,2.8210802,4.120772,2.2495658,-4.2402263,-1.8459716,8.808147,5.8123717,-0.30057573,4.17205,-2.8409293,3.0020292,-1.0277615,2.7193646,7.6633263,7.0741143,7.409508,3.0902834,-3.6064832,3.3670888,5.420249,4.455362,2.2111135,-2.6808767,2.4793606,2.9679968,5.982559,-0.8684797,-6.075491,2.9274254,8.833885,4.5123334,6.6640205,-0.28175557
640,0.22895211,2.408674,5.765248,5.122748,0.34490895,-1.1516649,3.1750295,3.9086993,4.0556073,1.0058537,-4.149311,-2.7259815,7.6006875,6.5533504,-1.0532547,4.6477933,-1.4243279,3.7524824,0.2319428,2.888471,8.800622,8.500348,4.7705803,-0.12602426,-3.2742064,2.7888038,6.740621,4.117365,0.6810416,-2.2888758,2.4883957,4.214066,5.2818794,-2.9793909,-4.971269,0.11569965,9.599212,6.4677916,3.9876463,-1.3233018
641,0.56936353,2.8427455,6.430069,4.384026,-0.9261562,-0.6842281,3.2024648,4.8544064,3.6383035,-0.230963,-3.6814554,-3.4430575,5.973469,7.253612,-1.2305512,5.249638,0.28120303,4.080613,1.3177058,3.352943,9.933838,8.28813,0.6205208,-1.283956,-2.7211528,1.8647933,7.5773664,3.4775536,-0.6806548,-1.7873958,2.287753,5.1846623,3.97945,-4.471239,-3.2593856,-2.1573436,8.894827,8.044577,0.2875225,-1.5787852
642,0.68781286,3.335221,6.977603,3.0814261,-1.8082962,-0.22912027,3.2944343,5.5932274,2.827871,-1.1876659,-2.8609583,-3.8181562,4.124851,7.941849,-0.6074309,5.6964116,2.0196486,4.0610948,2.1523917,4.124753,10.810831,5.6912866,-2.97745,-0.24382147,-2.3062358,1.096676,7.998327,2.681862,-1.6621349,-1.2584485,2.070158,5.817967,2.2809033,-5.068192,-1.3172843,-3.1113734,7.423058,8.546603,-3.150231,-0.5268029
643,1.2330871,3.8519838,7.258223,1.3647033,-2.118414,0.056678586,3.4993885,6.096483,1.6883271,-1.6563425,-1.8955582,-3.788227,2.3250992,8.543228,0.85520667,5.796222,3.405423,3.8124409,2.7973773,5.163916,10.8933735,1.2757535,-4.273335,1.1778293,-1.6769913,0.68533695,8.179288,1.8249563,-2.1932433,-0.7848634,1.9671966,6.1590796,0.49869245,-4.8760653,0.22680716,-2.857463,6.124069,8.121757,-5.1864514,1.4571539
644,2.7406986,4.4809527,6.986375,-0.46882668,-1.7773286,0.13527875,3.762873,6.3518486,0.38403392,-1.5771047,-1.0341843,-3.4433758,0.7931167,8.91571,2.973249,5.45454,4.125772,3.5396295,3.3927205,6.309843,9.556951,-3.2713382,-3.2358832,1.5695531,-0.88272303,0.6213436,8.252543,0.96076703,-2.2936642,-0.42254233,2.0160828,6.27293,-1.1200327,-4.161855,1.0798551,-1.9759498,5.3771996,7.247581,-5.770465,3.3471541
645,5.0216737,5.1073847,5.820324,-2.0116003,-0.9095978,0.17868902,4.02557,6.352989,-0.8695885,-1.0232704,-0.39888516,-2.9408348,-0.3612077,8.926091,5.355934,4.6088324,4.152698,3.4812462,4.063158,7.2367,6.5766068,-6.3239465,-1.1015549,1.4447093,-0.23811619,0.8031092,8.275904,0.14296623,-2.0186374,-0.17598194,2.1882765,6.2007647,-2.430437,-3.1298099,1.3639457,-0.94632393,5.1108375,6.210873,-5.517297,4.3769603
646,7.465424,5.3300943,3.6658974,-2.860496,0.07015092,0.43369827,4.309789,6.088366,-1.8884102,-0.14638746,0.053277254,-2.4088697,-1.1172338,8.5300865,7.511836,3.2654817,3.7937982,3.793198,4.862248,7.468505,2.4896216,-7.355994,0.36215556,1.6900147,0.2531306,1.1593064,8.249107,-0.5700361,-1.4379863,0.008711382,2.4400346,5.966153,-3.3605618,-1.9143834,1.3916976,0.0060908417,5.1523585,5.0963917,-5.0359216,4.4031124
647,9.466281,4.7247257,1.0289068,-2.8777256,0.6940695,0.95765185,4.666671,5.535787,-2.5805755,0.8651989,0.4475841,-1.9243693,-1.5103108,7.8141794,9.055693,1.6396077,3.4979062,4.4974833,5.711938,6.515538,-1.5557948,-6.7475085,0.20821127,2.1526308,0.72429454,1.6403329,8.143142,-1.1288857,-0.63651675,0.22455293,2.7470498,5.587579,-3.8988996,-0.65081245,1.4660789,0.8457435,5.3526244,3.890305,-4.6532044,3.633579
648,10.663664,3.3190167,-1.158718,-2.3380432,0.8736179,1.5989251,5.095843,4.685951,-2.9473934,1.8193353,0.88982993,-1.5374696,-1.6121308,6.954929,9.886995,0.13954005,3.52725,5.5508943,6.2929087,4.1917124,-4.300544,-5.1669745,-0.96123296,2.323428,1.332883,2.2350543,7.9125056,-1.5105093,0.28256246,0.56949943,3.1046283,5.076146,-4.0953937,0.50469106,1.7757804,1.6239461,5.575118,2.5523903,-4.415091,2.3229113
649,11.050347,1.7678024,-2.2979043,-1.6948911,0.85945415,2.2225442,5.5404844,3.565965,-3.0423446,2.5604942,1.4123765,-1.2857635,-1.5116944,6.1257215,10.165097,-0.8827947,3.8209977,6.8652,6.0405703,1.004027,-5.073408,-3.5489178,-2.0170135,2.1525452,2.1114447,2.9721303,7.489825,-1.7398999,1.2081717,1.1156611,3.501356,4.4267507,-4.044599,1.409802,2.3754888,2.3990667,5.6637716,1.0817888,-4.164891,0.6935328
650,10.869471,0.83426887,-2.5398154,-1.1784784,0.86298335,2.803036,5.909677,2.238357,-2.9196541,3.0042074,1.9769611,-1.1823472,-1.2906624,5.435325,10.133331,-1.3241246,4.1693783,8.189103,4.45266,-1.8668127,-4.251734,-2.5632055,-2.5176787,1.814011,2.952121,3.8557105,6.7881546,-1.8822116,2.04111,1.8943291,3.8893616,3.6177661,-3.846531,1.973394,3.2190564,3.193365,5.4339933,-0.41470745,-3.6527424,-0.99739695
651,10.398426,0.7896436,-2.446618,-0.7498094,0.9506409,3.3627968,6.100972,0.79662716,-2.6030827,3.150797,2.5112963,-1.2011278,-1.0055885,4.9291835,9.982582,-1.2861731,4.444903,9.112029,1.6318893,-3.2521253,-2.9567027,-2.0654802,-2.588964,1.4045967,3.740279,4.8209925,5.72215,-1.9962876,2.700239,2.8911872,4.1694603,2.6289992,-3.5655723,2.1657832,4.2006445,3.969387,4.71139,-1.70291,-2.7150035,-2.3967276
652,9.849623,1.3363823,-2.4744096,-0.322739,1.1362432,3.9229898,6.017953,-0.6350712,-2.0958524,3.0829577,2.9504852,-1.2835573,-0.6879223,4.6185403,9.820863,-0.93159944,4.65295,9.308292,-1.5375162,-2.7195897,-2.127529,-1.6513958,-2.4085994,0.99751675,4.4020333,5.7338324,4.247961,-2.08296,3.112537,4.035161,4.2020936,1.4825594,-3.2113972,2.0163589,5.1811614,4.618006,3.423344,-2.5169423,-1.4619143,-3.144266
653,9.372823,1.938752,-2.744493,0.13132058,1.440816,4.490223,5.582028,-1.9138122,-1.4265869,2.9460185,3.262003,-1.3676989,-0.35635266,4.5016785,9.698284,-0.3994425,4.837415,8.736281,-3.9663389,-0.6730309,-1.7351896,-1.1387117,-2.0901797,0.6703173,4.912679,6.4167757,2.4173048,-2.062412,3.2215455,5.186414,3.859236,0.29206443,-2.7599833,1.6198242,6.017609,4.9826093,1.6910887,-2.7216523,-0.25139004,-3.0997818
654,9.046414,2.1768935,-3.124469,0.578103,1.8979533,5.0496516,4.7418084,-2.9079971,-0.6977463,2.896468,3.44513,-1.4189004,-0.027576227,4.5700064,9.635532,0.19868487,4.9960885,7.6068826,-5.1061726,1.93514,-1.1222626,-0.51704335,-1.6822819,0.479227,5.2957044,6.703007,0.41316852,-1.8049567,3.0480337,6.165665,3.1118274,-0.73419803,-2.2103426,1.1345264,6.617355,4.9316397,-0.1762709,-2.3793516,0.6026017,-2.4371653
655,8.876365,1.8846645,-3.4106152,0.91925,2.516995,5.551618,3.4863296,-3.5245686,-0.08714406,3.0248718,3.5148118,-1.4385102,0.28105116,4.8076725,9.637219,0.7523702,5.075138,6.2284083,-5.1340504,4.126065,0.079280324,0.015117059,-1.2240202,0.44292858,5.604716,6.4945436,-1.4822584,-1.2232941,2.7628372,6.8436346,2.0740283,-1.3813467,-1.6236848,0.73277515,6.983668,4.4294324,-1.8171324,-1.6849924,1.0633898,-1.4674817
656,8.8142185,1.1000704,-3.4376702,1.037166,3.2335994,5.9040036,1.8753341,-3.705319,0.22422846,3.3027446,3.4956565,-1.446484,0.55341715,5.191947,9.690039,1.1385608,5.021083,4.873958,-4.5546074,5.4329586,1.6484807,0.15368462,-0.7773342,0.5386416,5.8896203,5.789826,-2.9991155,-0.387057,2.6537433,7.2032294,0.9246332,-1.5377921,-1.0898453,0.5229411,7.1935744,3.5441382,-2.979016,-0.8821564,1.3147722,-0.41543302
657,8.763502,-0.028155865,-3.0896163,0.8915954,3.9111311,6.0002155,0.0804467,-3.406936,0.17012079,3.609442,3.4324276,-1.4572423,0.7769865,5.6944327,9.752064,1.2368234,4.8426104,3.7290156,-3.7775733,5.9437003,3.1262884,-0.2078805,-0.34819192,0.7386271,6.17028,4.667082,-3.9985871,0.44725457,2.9432585,7.280303,-0.20929758,-1.2123909,-0.6558722,0.5221392,7.3278737,2.4025285,-3.5791922,-0.20045799,1.5579594,0.6448497
658,8.581514,-1.2947538,-2.290664,0.59908634,4.4265876,5.779302,-1.6214098,-2.6212249,-0.11560851,3.8354244,3.3826065,-1.4717983,0.9449143,6.281085,9.743858,0.9723149,4.639001,2.8929818,-3.0037649,5.9797907,4.193017,-0.9078244,0.13579279,1.057229,6.433563,3.2376893,-4.4910355,0.9602873,3.6073074,7.0742044,-1.2594247,-0.48559222,-0.2874961,0.6973847,7.424768,1.1443431,-3.6511467,0.20939592,1.8816042,1.7265692
659,8.102234,-2.4703844,-1.0581685,0.42725766,4.774722,5.2512174,-2.9540973,-1.4468347,-0.33794165,3.9743297,3.37278,-1.4878742,1.0564106,6.9116936,9.555791,0.36665952,4.5658236,2.3964622,-2.2976472,5.83571,4.765748,-1.6819687,0.72464204,1.5605237,6.6316624,1.6055934,-4.536327,0.953911,4.3790975,6.584375,-2.1447625,0.50841403,0.12165425,1.0191759,7.47553,-0.09886632,-3.2618754,0.32632032,2.2620535,2.8480191
660,7.1899943,-3.3639472,0.41135445,0.67947954,5.058483,4.4434667,-3.7761166,-0.1275097,-0.2097981,4.1070538,3.3645253,-1.509991,1.1130204,7.54078,9.0817585,-0.44439694,4.7436976,2.2321959,-1.6695698,5.6932707,4.9104714,-2.3279035,1.3688821,2.3211572,6.661534,-0.12903318,-4.13362,0.45783836,4.939844,5.917004,-2.7613785,1.5798992,0.70135164,1.4805696,7.433257,-1.2097955,-2.476921,0.2636017,2.6348748,3.9808512
661,5.798358,-3.896483,1.7540904,1.5233649,5.3374224,3.3382351,-4.107321,1.0162231,0.38321313,4.301083,3.2668543,-1.546066,1.1128099,8.1207695,8.269325,-1.2614824,5.1696033,2.3902178,-1.1188806,5.63209,4.7357206,-2.7659953,1.9440085,3.3404233,6.3515754,-1.8178666,-3.226808,-0.26708916,5.137095,5.2696066,-3.0529737,2.5327632,1.537469,2.077066,7.2168875,-2.092396,-1.3849097,0.22065805,2.9695158,5.0367417
662,3.9882019,-4.096866,2.5945427,2.8703039,5.4980493,1.9010087,-4.0382123,1.716803,1.3430898,4.548759,2.9758344,-1.5912548,1.0479347,8.6075535,7.1537805,-1.9169286,5.7058983,2.861206,-0.6494988,5.662796,4.336457,-3.0145724,2.3267858,4.5015135,5.5203753,-3.2328494,-1.8605313,-0.8182376,5.0678525,4.779602,-3.0534382,3.2397163,2.6353817,2.7728522,6.7199974,-2.687177,-0.137809,0.3987731,3.3015025,5.8863654
663,1.9047804,-4.000711,2.7235272,4.383168,5.314203,0.2084728,-3.6397672,1.870899,2.4332786,4.795276,2.4218428,-1.6121409,0.9105776,8.968241,5.849363,-2.3386934,6.159034,3.6065526,-0.26677752,5.756119,3.78229,-3.130976,2.4518101,5.6053033,4.114567,-4.145797,-0.33712634,-0.8468514,4.9659023,4.427856,-2.8586943,3.664009,3.9319932,3.4738925,5.840429,-2.9852698,1.0501013,0.92035925,3.7044792,6.380997
664,-0.23076771,-3.5677567,2.1996052,5.640895,4.6618733,-1.4616252,-2.9709487,1.5948777,3.4098516,4.98883,1.6102817,-1.5468736,0.70932513,9.190211,4.5043874,-2.5398495,6.378958,4.5425014,0.040615696,5.866741,3.12445,-3.1619105,2.3210247,6.4710517,2.3035002,-4.459442,0.87828124,-0.2686265,4.994706,4.0884976,-2.5787785,3.8285596,5.3226266,4.013812,4.5361843,-3.0184023,1.9612252,1.7920117,4.2278776,6.3546004
665,-2.110611,-2.749359,1.3598763,6.4023113,3.657174,-2.7573168,-2.144823,1.1697037,4.1470904,5.08659,0.6284856,-1.3240038,0.49120736,9.2882,3.2479656,-2.5672727,6.308217,5.563823,0.31725287,5.948736,2.402615,-3.1215382,1.9824728,7.0226145,0.42018646,-4.2155075,1.4724411,0.7030053,5.1631246,3.62654,-2.29854,3.7794228,6.6771603,4.1731195,2.898685,-2.8265312,2.4566169,2.9149218,4.84173,5.6405773
666,-3.3990765,-1.6824818,0.67130715,6.7409954,2.5307274,-3.4899476,-1.3285323,0.8675398,4.66754,5.0360913,-0.3857777,-0.8947553,0.35495898,9.302384,2.1489272,-2.4609618,5.9731445,6.581736,0.63444704,5.9533863,1.6477724,-2.9931102,1.5054387,7.299077,-1.1844225,-3.5006402,1.4842181,1.7372376,5.4063706,2.9622407,-2.0531642,3.5653698,7.8543696,3.7653675,1.2002751,-2.4496338,2.538541,4.1232934,5.4054327,4.1593304
667,-3.8826468,-0.7378369,0.42554197,6.8823957,1.4219965,-3.6805303,-0.6709315,0.8109157,5.0658536,4.781235,-1.2910025,-0.27194333,0.43598464,9.27923,1.196998,-2.2377944,5.4511833,7.5420184,1.0561557,5.8132253,0.88885975,-2.7431781,0.9670656,7.402737,-2.2493696,-2.4193187,1.2337408,2.6096306,5.6565247,2.0916288,-1.8243194,3.2361188,8.734859,2.7744846,-0.16649166,-1.9638424,2.3535373,5.246475,5.6786027,2.0550866
668,-3.571237,-0.23228063,0.5637004,6.966632,0.37116653,-3.4305623,-0.24541894,0.97365355,5.4220314,4.287264,-1.9838614,0.44782314,0.8541348,9.233982,0.31484216,-1.8869898,4.8461084,8.415266,1.5900222,5.4361944,0.16923916,-2.344281,0.45132527,7.435166,-2.6484053,-1.1428401,1.0934185,3.292789,5.8327475,1.0711874,-1.5525553,2.8550286,9.266565,1.4290322,-0.87446237,-1.4843291,2.1028616,6.175234,5.4095006,-0.25227943
669,-2.6905334,-0.13018036,0.8477598,7.0172243,-0.57302135,-2.8330655,-0.029574167,1.2638117,5.767057,3.5559247,-2.4204128,1.1080313,1.6445382,9.113219,-0.59404576,-1.3720076,4.2864847,9.176041,2.1425905,4.739288,-0.43545142,-1.8049874,0.049533565,7.4575634,-2.3984196,0.09217454,1.279607,3.8801003,5.825227,-0.006578439,-1.1669433,2.515268,9.483049,0.105614774,-0.8300452,-1.0775993,1.9282033,6.87809,4.4778523,-2.215346
670,-1.6258855,-0.13535935,1.1354901,7.023833,-1.3236543,-1.9736894,0.08234417,1.604197,6.089151,2.6242828,-2.6045942,1.557856,2.715984,8.794643,-1.5737333,-0.6566235,3.941435,9.792847,2.5036151,3.732124,-0.82342225,-1.1902531,-0.15498857,7.4858627,-1.6406507,1.0749149,1.7930943,4.4540153,5.511522,-1.0274334,-0.6352089,2.3399897,9.468662,-0.87582225,-0.18527146,-0.69402933,1.8917288,7.362944,2.9777963,-3.4244504
671,-0.77181655,-0.017434757,1.434022,6.976726,-1.8090732,-0.95526034,0.23003446,1.9713413,6.3500113,1.5544006,-2.5529237,1.7193936,3.8737583,8.147857,-2.5664504,0.22529435,4.014065,10.226917,2.3913841,2.6093628,-0.91814935,-0.5973214,-0.11973001,7.5128546,-0.59182084,1.7099712,2.502126,5.0158057,4.794182,-1.868403,-0.014544366,2.4457757,9.298305,-1.3965772,0.7781151,-0.22392112,2.0231059,7.6340947,1.1672634,-3.7516074
672,-0.31648496,0.24468838,1.7920213,6.8658485,-2.0163925,0.100647874,0.52727216,2.3860202,6.494036,0.4239861,-2.2653959,1.6225184,4.9061303,7.123365,-3.4461763,1.0962485,4.6533494,10.399984,1.5797299,1.7564573,-0.73576385,-0.0887704,0.13990304,7.5371757,0.5237919,2.0260868,3.257931,5.4885845,3.6485968,-2.421188,0.54408294,2.8720186,9.005896,-1.5386561,1.7909175,0.40985575,2.3370662,7.6657305,-0.64700025,-3.277569
673,-0.15399928,0.5710748,2.2332513,6.682999,-1.9922104,1.078849,1.0305244,2.8767583,6.4489546,-0.6762234,-1.7305961,1.4007567,5.6851077,5.7845793,-4.118082,1.662155,5.795008,10.13469,0.08656332,1.5939913,-0.3688537,0.34111622,0.575371,7.5762124,1.5295392,2.119399,3.9570885,5.753623,2.1618621,-2.612801,0.872444,3.5285487,8.605867,-1.4756387,2.6861959,1.230918,2.8182847,7.3936586,-2.1916873,-2.1772223
674,0.002184854,0.9159694,2.7549534,6.4241643,-1.8192902,1.9010036,1.7448173,3.4452639,6.127371,-1.6453593,-0.9687857,1.2522249,6.207495,4.241096,-4.564595,1.6612734,7.0821753,9.2251835,-1.6973006,2.286621,0.16904126,0.7201775,1.1388423,7.656307,2.3129609,2.090082,4.5467033,5.6994677,0.5350195,-2.4129877,0.9061683,4.232175,8.135636,-1.349881,3.4045277,2.23818,3.4044013,6.735046,-3.2765527,-0.7097072
675,0.40980682,1.2862653,3.335751,6.084462,-1.5867177,2.5382235,2.6458097,4.04378,5.4420147,-2.3877776,-0.082414135,1.3691852,6.5395856,2.5620956,-4.776042,1.0072021,8.02101,7.7250395,-3.182309,3.5151973,1.0356082,1.0333968,1.7815214,7.7948046,2.8130345,2.0087306,5.0080814,5.2726135,-0.96961254,-1.8509839,0.7533048,4.8263826,7.6596565,-1.2219027,3.947449,3.417349,3.9679334,5.634709,-3.836206,0.77215594
676,1.1484337,1.6950607,3.932919,5.6522307,-1.3633524,3.0004828,3.6937072,4.5598454,4.341514,-2.8357885,0.73899245,1.8513767,6.707735,0.7776224,-4.647277,-0.16607727,8.282525,6.093006,-4.01752,4.6570764,2.344345,1.207634,2.4291914,7.990235,3.0075588,1.914069,5.3432145,4.50635,-2.1251822,-1.0461277,0.63904625,5.277832,7.221522,-1.1014584,4.336552,4.7207127,4.302814,4.1257463,-3.9281056,1.9159473
677,2.1184359,2.1568162,4.481256,5.110101,-1.1811816,3.3152173,4.8293886,4.813481,2.8646698,-2.9579883,1.2905818,2.6423411,6.6344748,-1.022904,-3.9708273,-1.5205529,7.8723297,4.866402,-4.2570314,5.283669,3.9414659,1.1868047,2.9949658,8.225559,2.9122255,1.8266613,5.5673947,3.5074642,-2.8244727,-0.19819248,0.7629149,5.661482,6.7995105,-0.99737805,4.598578,6.0431995,4.1515665,2.3931053,-3.6710203,2.519937
678,3.150422,2.7143674,4.9027534,4.4393578,-1.0325642,3.511284,5.9610276,4.5924125,1.1962353,-2.7563252,1.469397,3.54555,6.2012763,-2.6089268,-2.6105003,-2.5738895,7.084336,4.242628,-4.1283803,5.3659334,5.532563,1.0258708,3.434968,8.473629,2.5752435,1.7632986,5.703469,2.4104214,-3.0883396,0.49209926,1.1909468,6.071113,6.309724,-0.9343038,4.7604356,7.2242904,3.3151796,0.80133563,-3.1982477,2.6108217
679,4.120659,3.4209056,5.1074967,3.628029,-0.8790267,3.6173377,6.9619575,3.749289,-0.32722887,-2.2906492,1.3510302,4.345126,5.3895535,-3.7013032,-0.74585694,-2.873741,6.3374357,4.0380383,-3.8270483,5.0819693,6.913233,0.8707653,3.765619,8.694248,2.0603712,1.7448077,5.7757435,1.3326567,-3.004523,0.91126007,1.8564742,6.5503583,5.640031,-0.93564993,4.8412976,8.090902,1.8228315,-0.19610368,-2.6583147,2.3906195
680,4.9913774,4.276914,4.9796233,2.6973314,-0.6673277,3.6731248,7.6972804,2.3258939,-1.3225774,-1.7145402,1.1374723,4.9409657,4.3250704,-4.1895576,1.137609,-2.2320983,5.9312587,3.925557,-3.492977,4.5997024,8.033914,0.8745748,4.0251846,8.830501,1.4354385,1.7956369,5.8047776,0.35423225,-2.6617632,1.0627955,2.6308632,7.0748982,4.688123,-0.994519,4.846583,8.531203,0.018654283,-0.27825865,-2.1595576,2.093501
681,5.778358,5.1801114,4.3857775,1.7465256,-0.35733664,3.741186,8.069461,0.5929277,-1.5368569,-1.2126058,1.0022224,5.3593583,3.1741953,-4.1945214,2.565366,-0.7925157,5.8784766,3.611242,-3.2235148,3.997088,8.943062,1.1544048,4.233921,8.811999,0.77442265,1.9353373,5.804681,-0.4800913,-2.1232884,1.0410118,3.3962054,7.5590744,3.4013007,-1.0509846,4.774311,8.553525,-1.5762014,0.54356974,-1.6496599,1.8855187
682,6.5108166,5.9142256,3.2470043,0.9739717,0.043126408,3.8970094,8.045616,-1.0638055,-0.95704406,-0.8392702,1.0045964,5.663126,2.0465927,-3.9209814,3.322498,1.1005958,5.972398,2.880829,-3.0391839,3.270443,9.707588,1.7954932,4.3706117,8.5643425,0.16390684,2.1654162,5.783053,-1.1495047,-1.4353147,0.98466533,4.089678,7.87159,1.8174045,-0.99397874,4.6381073,8.276401,-2.5499825,1.9152946,-0.9385082,1.8647684
683,7.204924,6.186088,1.657647,0.6114319,0.48540148,4.188884,7.646701,-2.328285,0.20075862,-0.45734906,1.1461539,5.888507,0.9870967,-3.5117948,3.4481182,3.0609562,5.9449706,1.6583376,-2.8492405,2.3889744,10.347324,2.8544254,4.349924,8.029097,-0.29403818,2.4595659,5.741267,-1.6461362,-0.64639723,1.0340158,4.714447,7.862967,0.08413273,-0.7085095,4.500608,7.849863,-2.791781,3.3433046,0.10456554,2.0701947
684,7.822222,5.726555,-0.053119857,0.7618746,0.9669802,4.6074724,6.918938,-3.0733814,1.5803267,0.1364064,1.4322581,6.0313125,0.006055586,-3.0114117,3.123184,4.7664,5.568761,0.094408855,-2.4845688,1.3929415,10.804338,4.3065267,4.0066595,7.2129536,-0.48619783,2.76848,5.6719575,-1.9682673,0.18052018,1.3002503,5.3151,7.3962274,-1.5765086,-0.16709879,4.4883933,7.374655,-2.466484,4.463263,1.4375356,2.4891407
685,8.225264,4.4306884,-1.429858,1.2541084,1.5881221,5.1038213,5.9015036,-3.3592637,2.819666,1.0546743,1.8544817,6.042527,-0.8877452,-2.401888,2.5858023,6.029234,4.736685,-1.445971,-1.8264633,0.48520502,10.990014,5.9288325,3.1476047,6.274489,-0.3099023,3.047773,5.5539603,-2.1201637,0.9696949,1.848476,5.92195,6.3646517,-2.953114,0.48647708,4.7374697,6.8818583,-1.8658884,5.1650734,2.9297063,3.0967686
686,8.164186,2.4685698,-2.119219,1.7088569,2.4308615,5.6056223,4.5999346,-3.3400965,3.6675122,2.2726686,2.3637722,5.8320155,-1.6598825,-1.6647447,2.0825913,6.8291655,3.5117877,-2.575246,-0.95190704,-0.030671805,10.9143505,7.2561607,1.7306539,5.5560155,0.29099002,3.2914307,5.349553,-2.119555,1.6463673,2.688479,6.4823666,4.7062616,-3.905842,0.9453964,5.2664204,6.3771544,-1.2597897,5.5290647,4.492613,3.853932
687,7.3291235,0.305312,-2.0354965,1.8552897,3.4052095,6.0018973,3.0122907,-3.147164,4.016748,3.667205,2.8808641,5.300218,-2.2480147,-0.84061617,1.8217933,7.2685037,2.0687788,-3.0964441,-0.116940446,0.017118793,10.7509365,7.7853785,0.0284397,5.3794904,1.3332249,3.511751,5.005128,-2.0026705,2.1560636,3.7664883,6.810515,2.4594839,-4.328786,0.8844096,5.8860946,5.9185357,-0.79548264,5.6946697,6.1068873,4.617378
688,5.5580416,-1.4245772,-1.4143025,1.777093,4.3276258,6.148125,1.2089868,-2.8197403,3.884583,5.0654078,3.3157704,4.3936286,-2.5918396,-0.049134903,1.9176116,7.46006,0.57832384,-3.0187976,0.4410473,0.5362001,10.704506,7.25959,-1.5122166,5.705497,2.836809,3.6483057,4.455987,-1.8069415,2.478087,4.959908,6.606417,-0.11676921,-4.074721,0.20604363,6.277716,5.6605406,-0.47202647,5.7740335,7.7384934,5.0309677
689,3.1915166,-2.246122,-0.71603554,1.7443393,5.1129136,5.893108,-0.6224889,-2.322766,3.4073591,6.2901254,3.576206,3.1559365,-2.6664588,0.56016177,2.3518724,7.4391336,-0.83517593,-2.4340444,0.67351145,1.2831618,10.830775,5.717378,-2.5980666,6.088123,4.7395997,3.5130103,3.6695473,-1.5375519,2.6295564,6.0902634,5.60295,-2.4798265,-3.0601964,-0.7552785,6.2383585,5.7581263,-0.19418387,5.8380947,9.23048,4.5700016
690,1.1725955,-2.203306,-0.25718564,1.8761237,5.780295,5.1243715,-2.2194672,-1.6473074,2.8362727,7.224774,3.568642,1.7452999,-2.4881535,0.8973395,2.9914446,7.1730556,-2.0594542,-1.4513217,0.7368997,2.0563266,11.002402,3.3769825,-3.1583405,6.0050883,6.7368336,2.9128454,2.7557328,-1.1680775,2.6716566,6.9743414,3.7924442,-4.0311737,-1.5693234,-1.3884088,5.8730903,6.19012,0.15229507,5.938854,10.278014,2.9165359
691,0.4692965,-1.7739662,0.019248426,2.131249,6.3372293,3.8317878,-3.3391092,-0.91886574,2.4465277,7.863065,3.2050633,0.40404025,-2.1052382,0.989744,3.6678002,6.6389775,-2.9825613,-0.22963987,0.89350915,2.8067403,10.98806,0.57539505,-3.1237464,5.226939,8.358471,1.9305283,2.0019078,-0.6953335,2.7091146,7.494771,1.4987557,-4.505342,-0.23934665,-1.3499312,5.466833,6.7781563,0.65011835,6.1147127,10.54938,0.43322203
692,1.2934275,-1.2517532,0.29446056,2.4775252,6.7348323,2.1339352,-3.8373294,-0.37677348,2.3646407,8.273407,2.4417899,-0.60922617,-1.6022774,0.96156293,4.2673845,5.8745465,-3.5431824,0.99947935,1.3738248,3.6158733,10.525321,-2.219753,-2.315224,4.048998,9.304371,0.9923423,1.6441251,-0.15669759,2.8471363,7.6183257,-0.81077,-4.015602,0.46852967,-0.8137999,5.2178183,7.377981,1.3239056,6.355788,9.87815,-1.9386015
693,2.9671044,-0.45512608,0.64101535,2.9207556,6.8877454,0.25207084,-3.6714597,-0.1951952,2.4884896,8.514779,1.3493928,-1.0994229,-1.0937018,0.95153666,4.762975,4.9550176,-3.7745352,1.9905553,2.2803764,4.5636716,9.350954,-4.4822035,-0.74359304,3.266968,9.640204,0.42495236,1.6446528,0.42341006,3.13584,7.3490705,-2.7415223,-2.8141932,0.6203355,-0.14169608,5.1905174,7.9640126,2.1299932,6.555276,8.36663,-3.413349
694,4.5170164,0.8016478,0.99033135,3.4345415,6.7065325,-1.532819,-2.8723724,-0.3116561,2.6191888,8.6112175,0.14451882,-0.99782336,-0.66283303,1.038447,5.176165,3.9439957,-3.7774785,2.569895,3.5656652,5.5741587,7.250896,-5.8927064,0.96323556,3.6150618,9.571433,0.042045213,1.8512732,1.0563917,3.5618083,6.69299,-4.0647225,-1.2039732,0.63417614,0.4757141,5.394562,8.575243,2.934626,6.505855,6.345705,-3.8655372
695,5.375564,2.353045,1.2280891,3.922476,6.1538143,-2.9405394,-1.5817859,-0.44079876,2.6757348,8.579727,-0.88913,-0.38285452,-0.29128343,1.2369046,5.526617,2.8741536,-3.650274,2.6732638,5.0434585,6.328608,4.193212,-6.488366,1.7646085,4.9596086,9.130219,-0.5814204,2.2417254,1.7981406,4.0624337,5.661616,-4.7448025,0.42911738,0.90875226,1.0564716,5.82815,9.223325,3.4828846,5.999775,4.268393,-3.6280112
696,5.54959,3.8796852,1.3467604,4.2847023,5.2953176,-3.7973392,-0.09512031,-0.27253696,2.756444,8.436609,-1.5509759,0.5523852,0.12600608,1.5411043,5.8074117,1.7594087,-3.4336202,2.339091,6.4212103,6.345648,0.54805064,-6.337079,1.0319446,6.243122,8.367768,-1.5000561,2.843493,2.7624276,4.5181184,4.278973,-4.9051957,1.6910974,1.5959764,1.69329,6.4885015,9.805505,3.4211564,5.0412292,2.5875533,-3.07434
697,5.333394,5.18546,1.4372745,4.4804463,4.271426,-4.1132336,1.2312733,0.3347471,3.0070498,8.1755295,-1.8136084,1.576513,0.6929516,1.9476395,5.9783754,0.6195981,-3.0960689,1.6950907,7.4128985,5.3151045,-2.7946208,-5.286799,-0.81298935,6.441979,7.6942515,-2.3111477,3.5247386,4.0459094,4.7187004,2.5956883,-4.7137914,2.3226147,2.6066372,2.494758,7.358247,10.028973,2.4735608,4.0193853,1.575264,-2.443703
698,5.00912,6.2402043,1.5733105,4.5047503,3.2224894,-4.0322313,2.1477394,1.3296452,3.4917178,7.750581,-1.7926967,2.5038908,1.4536123,2.443274,5.9655743,-0.49255568,-2.563655,0.94373935,7.9152684,3.454041,-4.889765,-3.444092,-2.5259151,5.519202,7.4733977,-2.6276922,4.077762,5.5652018,4.361617,0.7718106,-4.2796197,2.2748427,3.7340796,3.6208954,8.360245,9.391948,0.76199657,3.528979,1.1987917,-1.839082
699,4.7416153,7.0896792,1.7495052,4.353109,2.2530148,-3.718237,2.5849717,2.560938,4.1813216,7.076129,-1.6537865,3.2374752,2.400532,2.9864388,5.6735096,-1.4782845,-1.7905426,0.32702675,8.0634575,1.363405,-5.496502,-1.5001376,-3.2270722,4.2019024,7.599452,-2.3247535,4.418974,7.007386,3.1934156,-0.8030743,-3.6788127,1.7175841,4.767449,5.2578726,9.227852,7.341179,-1.0418128,3.7944613,1.2906032,-1.2853255
700,4.6015263,7.7836747,1.8880843,4.028987,1.4393647,-3.2881966,2.6148345,3.8633177,4.983674,6.044137,-1.524492,3.752574,3.5032701,3.4929593,5.0191665,-2.2150273,-0.83697844,0.0642511,8.076653,-0.47228107,-5.022847,-0.103101,-3.0098026,3.0778592,7.83385,-1.4751989,4.6115336,7.9832215,1.2851341,-1.5829052,-3.054341,0.9679608,5.553364,7.423255,9.266349,3.7363267,-2.061801,4.316033,1.7441618,-0.7907477
701,4.6015897,8.345746,1.877147,3.5778024,0.83928865,-2.8088672,2.3786745,5.097048,5.7445345,4.5686135,-1.4369378,4.049553,4.709793,3.8277895,3.9857419,-2.609279,0.11630098,0.27481788,8.065351,-1.885777,-3.9299588,0.6273093,-2.3686664,2.3089614,8.077692,-0.22481343,4.7675905,8.226453,-0.85373586,-1.2231548,-2.5441163,0.31745073,6.0136266,9.688537,7.391406,-0.47204784,-1.9229543,4.4511633,2.3758447,-0.34585616
702,4.731548,8.758948,1.6232173,3.1090562,0.48199627,-2.3171117,2.0296364,6.1627684,6.2429147,2.6658754,-1.3143499,4.129992,5.920878,3.8253822,2.6787846,-2.641085,0.8593117,0.91993713,7.975876,-2.8911412,-2.494816,0.9313306,-1.658375,1.8617508,8.326609,1.2916045,4.915368,7.6711636,-2.5563984,0.11180088,-2.0782847,-0.069041,6.1694164,11.195103,3.183984,-3.2685623,-1.3759991,4.254739,2.9694114,0.100313105
703,4.9851875,8.965386,1.0994481,2.7771914,0.35493824,-1.8347951,1.6951834,7.009941,6.2389083,0.5334253,-1.030387,4.0394835,6.985132,3.3606932,1.345055,-2.373224,1.2880217,1.8217175,7.6844206,-3.5326056,-0.9048652,1.125649,-1.016055,1.6800786,8.603856,2.93471,4.914595,6.4385796,-3.4230907,1.8179394,-1.4419073,-0.13156128,6.1772814,11.254587,-1.9095935,-3.0798106,-1.5089718,3.9864473,3.5611205,0.602082
704,5.351684,8.877073,0.3711584,2.7201486,0.4162171,-1.3761638,1.4593585,7.6369176,5.579003,-1.4701185,-0.54561,3.9299164,7.7580233,2.4310412,0.30587518,-1.930718,1.458934,2.772022,7.1241965,-3.8463485,0.64345115,1.4500238,-0.46692002,1.7209862,8.941628,4.490477,4.483396,4.8404384,-3.4732072,3.2570264,-0.5431332,0.082222804,6.240061,9.912279,-5.59284,-0.1765995,-1.679163,3.72256,4.257403,1.216061
705,5.790941,8.393412,-0.41550338,2.9865515,0.63122827,-0.95495963,1.3624135,8.073458,4.280352,-2.9836998,-0.022519838,3.9955738,8.17066,1.167596,-0.17581809,-1.4491234,1.5165672,3.6394014,6.322128,-3.890318,1.9548128,2.0095148,-0.01566444,1.943215,9.370764,5.6258926,3.3778124,3.3705213,-2.9724922,4.141163,0.51647186,0.4634816,6.4353194,7.7408695,-6.9770865,3.3651748,-0.36328152,3.7472577,4.9377236,1.9674543
706,6.2172065,7.4465704,-1.0847113,3.4959643,0.99333656,-0.59141713,1.4087273,8.350182,2.5229015,-3.7966146,0.24373212,4.2741585,8.226276,-0.20987861,0.0033537778,-0.99454564,1.586356,4.384409,5.3478975,-3.756181,2.8969896,2.7833006,0.3326453,2.2976964,9.891408,5.943369,1.67084,2.5397742,-2.187026,4.566059,1.5845295,0.94298565,6.690421,5.287256,-6.8896537,5.4816656,2.4812927,3.9627252,5.3487115,2.8062358
707,6.5226846,6.0507317,-1.5017456,4.068891,1.4986789,-0.31226656,1.574589,8.475622,0.58406824,-3.8401952,0.075032905,4.5699897,7.988113,-1.4304401,0.7580294,-0.50959855,1.737527,5.008696,4.2593727,-3.5364888,3.4283714,3.680709,0.5982292,2.734919,10.431288,5.1592627,-0.13699982,2.5277195,-1.2152714,4.7694774,2.5662394,1.5023049,6.8623013,2.816567,-6.37883,5.5868535,5.7143865,4.0917544,5.302542,3.6747491
708,6.61229,4.3207183,-1.617967,4.5223684,2.1044817,-0.13729364,1.8174967,8.4394865,-1.2145377,-3.1131425,-0.39235076,4.656556,7.5969377,-2.2442853,1.841734,0.14568444,2.0026915,5.5041947,3.0865996,-3.2836921,3.5748208,4.6032543,0.8480912,3.2200522,10.8286085,3.311388,-1.4009395,2.9812152,-0.0023310306,4.9209104,3.4061656,2.1122007,6.786015,0.42658034,-5.813157,4.078843,8.304086,4.3472548,4.8174787,4.4818034
709,6.435921,2.4714487,-1.4629312,4.767094,2.7258797,-0.06007249,2.0923407,8.23992,-2.5633297,-1.7214565,-0.7607757,4.5315323,7.205581,-2.5381067,2.9488566,1.0750163,2.3863811,5.8227224,1.8492068,-2.9924045,3.3972201,5.479108,1.1919882,3.7390041,10.866865,0.81637985,-1.7278931,3.331625,1.4219381,5.092139,4.045646,2.6869593,6.317144,-1.7253658,-4.998749,1.6779152,9.728084,5.2086406,3.973009,5.051189
710,6.052363,0.7632846,-1.1162286,4.837725,3.2765682,-0.045688577,2.368188,7.909022,-3.2649395,0.03256982,-0.6375541,4.411167,6.8660784,-2.3802445,3.84864,2.2671409,2.8538654,5.8676796,0.59426296,-2.6120405,2.9846232,6.2681503,1.7589605,4.282149,10.343254,-1.6874442,-1.0913103,3.3804533,2.8422763,5.329152,4.430828,3.088486,5.4217534,-3.349235,-3.6636457,-0.6700068,9.866645,6.7741256,2.800401,5.254218
711,5.611505,-0.6298396,-0.6756842,4.84311,3.707455,-0.052497324,2.6328764,7.511642,-3.3174953,1.7266005,0.1289203,4.4941864,6.5155044,-1.9577574,4.453164,3.6217642,3.3222916,5.5218544,-0.5697773,-2.0927124,2.469227,6.9559355,2.654505,4.79363,9.134844,-3.6181614,0.19142424,3.4782734,4.082749,5.6461396,4.518422,3.187163,4.257053,-4.2129054,-1.9062116,-2.0677507,9.02151,8.504433,1.4684911,5.209539
712,5.2069206,-1.6949712,-0.22287214,4.8895655,4.009376,-0.055619743,2.8854492,7.12163,-2.8863757,3.0376248,1.4310822,4.796837,6.0311193,-1.4688113,4.793497,5.016687,3.6517758,4.718615,-1.481086,-1.4510144,2.0221982,7.552869,3.888782,5.092321,7.2595906,-4.7058206,1.4926393,4.089699,5.166719,5.9115834,4.2516637,2.9652166,3.1168108,-4.3614,-0.174014,-2.2136846,7.8577495,9.761805,0.33934292,5.1930046
713,4.8091145,-2.5093193,0.18195492,5.039123,4.193619,-0.05304929,3.127348,6.799123,-2.190733,3.8727112,3.0362422,5.179687,5.2808104,-1.0357498,4.952706,6.3367414,3.651157,3.535311,-1.9929264,-0.7962352,1.7937526,8.098849,5.2887015,4.8344817,4.964728,-5.027437,2.1585717,5.2680035,6.2097645,5.812154,3.594798,2.584869,2.2455437,-4.053619,1.1597552,-1.4165628,6.9893084,10.33997,-0.33149928,5.3423915
714,4.3363743,-3.1422074,0.4804823,5.303262,4.2787127,-0.057429135,3.3585784,6.5825133,-1.4068164,4.3252254,4.7107563,5.4261336,4.1830225,-0.67232907,5.0148234,7.46173,3.1441135,2.2462773,-2.06611,-0.25846413,1.8372438,8.656625,6.4540663,3.6665487,2.8215735,-4.81488,1.9359535,6.6074505,7.2668247,4.982962,2.6633968,2.3092976,1.7026371,-3.5444708,2.0051124,-0.120556094,6.69694,10.327407,-0.5926735,5.6106453
715,3.73999,-3.624877,0.6091011,5.645759,4.291777,-0.083319984,3.5775096,6.4922533,-0.6346428,4.559833,6.2633586,5.2841735,2.7891757,-0.31232482,5.057635,8.261158,2.0948215,1.2529347,-1.8063066,0.121425554,2.1089065,9.273303,6.8429456,1.6192102,1.5895511,-4.3128066,1.1074896,7.605031,8.21816,3.2490628,1.811772,2.2969873,1.4013484,-2.9838207,2.4461174,1.3823024,6.994601,9.790814,-0.68483347,5.91683
716,3.0411162,-3.9659235,0.51683086,5.99025,4.276667,-0.13652441,3.7814944,6.53833,0.091783494,4.725692,7.5307813,4.530849,1.3422306,0.10227411,5.170319,8.623615,0.687844,0.89182,-1.386367,0.4049597,2.5432253,9.917564,6.021401,-0.6446653,1.6541433,-3.6984344,0.20446692,8.014939,8.75751,0.86843,1.4934222,2.5122526,1.222869,-2.4382224,2.6065736,2.9529917,7.7480316,8.65165,-0.83359534,6.233087
717,2.309489,-4.1654053,0.19352087,6.239651,4.2958035,-0.20965742,3.967506,6.7262473,0.78128606,4.916645,8.356067,3.1045103,0.22429283,0.5308163,5.433421,8.496063,-0.7463509,1.2573675,-0.89684296,0.675275,3.1080446,10.441096,3.9498248,-2.233512,2.5741704,-2.98143,-0.3855081,7.9411306,8.631531,-1.4990419,1.9111857,2.903944,1.0508616,-1.933416,2.5960927,4.5239964,8.687934,6.726159,-1.0883795,6.5553718
718,1.6046481,-4.2121596,-0.31538388,6.303952,4.4161253,-0.28346828,4.13344,7.0601063,1.4630152,5.1571183,8.594449,1.219932,-0.22676793,0.8795032,5.847769,7.898541,-1.9060479,2.16753,-0.27775022,0.9803393,3.7953975,10.599833,1.056171,-2.6699655,3.4670823,-2.140238,-0.5749751,7.674631,7.864891,-3.2502508,2.805539,3.5424368,0.7573723,-1.4771868,2.5003383,6.0344696,9.367188,3.9111795,-1.2634236,6.824135
719,0.92366624,-4.0767317,-0.9189094,6.124885,4.683707,-0.32756302,4.280379,7.5423546,2.1633136,5.3940773,8.158641,-0.6747159,0.08049208,1.1927837,6.331568,6.907358,-2.6449642,3.2696815,0.5915281,1.3312273,4.577382,10.127931,-1.9590197,-2.0009384,3.8431547,-1.3093923,-0.4804257,7.450604,6.6719165,-4.2322373,3.664216,4.448332,0.23057975,-1.0513626,2.3887234,7.3982196,9.204186,0.4757587,-1.0824713,6.939232
720,0.2257448,-3.7143154,-1.5056387,5.6922636,5.1046276,-0.29629073,4.415508,8.168136,2.8743382,5.4940615,7.089851,-2.1220489,0.9003972,1.7150786,6.8119783,5.5885262,-2.9867854,4.2066364,1.7590917,1.7240981,5.365227,8.8507185,-4.421221,-0.6227168,3.9129639,-0.67084634,-0.23258814,7.3520217,5.2546644,-4.6474833,4.093023,5.451034,-0.5387023,-0.58867425,2.3389556,8.507864,7.7294216,-2.8424065,-0.5594017,6.9229465
721,-0.42759335,-3.0928776,-1.9599979,5.0543585,5.6448364,-0.12546632,4.5557446,8.911038,3.5109196,5.2707796,5.609359,-2.896028,1.7666756,2.6592112,7.2202888,3.9265494,-3.0382967,4.7357693,3.1602135,2.1733944,6.0013847,6.7930837,-5.968256,0.77930593,4.1505833,-0.28567943,0.09405381,7.363631,3.7235584,-4.747754,3.9564373,6.319969,-1.3806344,-0.0007885972,2.4716668,9.261168,4.8953457,-5.206184,-0.27224478,6.906966
722,-0.74517363,-2.2746363,-2.173231,4.3175216,6.2467136,0.25979534,4.731863,9.699443,3.8748548,4.585957,4.093347,-3.0543222,2.2945952,3.9653115,7.382488,1.883279,-2.8620055,4.754518,4.6595407,2.7250884,6.280033,4.195216,-6.6284704,1.4655519,4.7058654,-0.08339345,0.45380557,7.43347,2.131998,-4.6537437,3.296739,6.9387083,-1.9926476,0.7240033,2.9381177,9.542958,1.1538644,-6.0323243,-0.9586087,6.828603
723,-0.36817533,-1.5056331,-2.0973806,3.6105454,6.8566236,0.9270026,4.9890666,10.388896,3.6872036,3.5191462,2.9345949,-2.8062773,2.4022474,5.3466535,7.024315,-0.4132621,-2.427794,4.313051,6.096487,3.4088855,5.9655485,1.4528828,-6.574199,1.0654055,5.3068748,0.13760829,0.8230938,7.4992785,0.540432,-4.3318305,2.246429,7.3220034,-2.090966,1.4672067,3.8036773,9.141634,-2.6332202,-4.896326,-2.5588946,6.4682875
724,0.6491207,-1.082456,-1.803183,3.0197113,7.452245,1.9267713,5.3707438,10.742906,2.7527647,2.4577627,2.3277347,-2.3599916,2.251354,6.5183806,5.9362073,-2.5707633,-1.7319052,3.6575515,7.3301954,4.1201496,4.850794,-0.91442305,-5.9115057,-0.20927787,5.5922956,0.6682406,1.2087449,7.4913163,-0.9413856,-3.6595087,1.026996,7.5276594,-1.5415491,2.06883,4.9120464,7.809352,-5.3991776,-1.8726424,-3.781346,5.9769497
725,1.7576032,-1.0849192,-1.4047437,2.5734797,8.04611,3.2953033,5.86091,10.443732,1.1935431,1.9029573,2.1750712,-1.8521087,2.0467618,7.3447995,4.142936,-4.1140914,-0.9804794,3.1398544,8.303125,4.5243273,2.9590027,-2.363124,-4.8172684,-1.7127132,5.399252,1.6723429,1.6447343,7.3236017,-2.156274,-2.5491722,-0.027560692,7.5988283,-0.40352133,2.4672778,5.9217668,5.5804543,-6.5716963,1.7048806,-3.2109165,5.8440433
726,2.3180346,-1.3732387,-0.96318233,2.2868893,8.669353,5.0231667,6.263364,9.188169,-0.4798693,2.0668554,2.278537,-1.3673288,1.9155208,7.8248525,1.919867,-4.7591934,-0.5398004,2.9161062,9.044344,4.196283,0.7641834,-2.6507785,-3.6644375,-2.830754,4.7811728,3.0326605,2.1856577,6.8925376,-2.9628055,-1.0859252,-0.5419479,7.581814,1.0982971,2.7190614,6.5138116,2.8782341,-6.5452094,4.063144,-0.79691994,6.027846
727,1.9166512,-1.6463664,-0.5278748,2.1869411,9.364473,6.936972,6.068682,6.967603,-1.6177517,2.6576774,2.5573149,-0.9643783,1.900068,8.01178,-0.33183828,-4.4526143,-0.5984348,2.8013546,9.5781975,2.9936194,-0.9766875,-2.0862954,-2.7442117,-3.354618,3.8734272,4.469224,2.870062,6.088466,-3.3294194,0.4420603,-0.28349948,7.550979,2.6480443,2.8855903,6.531684,0.20986609,-5.997733,4.4965124,2.3045948,6.029726
728,0.6949488,-1.5875909,-0.18184425,2.2804668,10.17932,8.522849,4.5891767,4.472896,-1.8653159,3.1744518,2.969084,-0.6625311,1.9912112,7.9610405,-2.214424,-3.275744,-0.93982506,2.5457916,9.883904,1.268691,-1.7366759,-1.2817395,-2.0578334,-3.3905163,2.8271844,5.7275944,3.6545882,4.826507,-3.35707,1.6849282,0.70967066,7.590838,3.9257965,2.927236,5.9902573,-2.0355728,-5.203093,3.4111314,4.8508224,5.6420407
729,-0.7814552,-1.1112583,0.056053143,2.5270565,11.114173,8.91584,1.7038901,2.9886377,-1.3852758,3.4462435,3.3967288,-0.4355189,2.159942,7.7248178,-3.4313922,-1.4691507,-1.1126661,2.1756766,9.963736,-0.363254,-1.485361,-0.64760464,-1.4943185,-3.1184306,1.8041836,6.657109,4.3776126,3.108601,-3.180391,2.4061558,2.1849637,7.7675734,4.655204,2.7226217,5.0848923,-3.5914752,-4.132955,1.6937857,6.2679553,5.0375896
730,-2.0376737,-0.3501139,0.29821137,2.896962,12.0321455,7.3606305,-1.4808908,3.1759748,-0.4209172,3.6405768,3.7247672,-0.24655966,2.3786721,7.3638706,-3.8777905,0.54201174,-0.79341847,1.9515524,9.872443,-1.4510632,-0.5375922,-0.20583527,-0.99454546,-2.6854804,0.9420782,7.2195115,4.8076663,1.0902398,-2.8486907,2.5505939,3.816696,8.097826,4.6155124,2.218991,4.1651983,-4.3745775,-2.8071835,0.2076179,6.7235236,4.4333563
731,-2.8968158,0.50149816,0.7006688,3.4346857,12.635636,3.8977203,-3.4720027,4.0670843,1.1290634,3.8507266,3.8463635,-0.075709164,2.6263907,6.9489193,-3.6612916,2.314099,0.050265606,2.074959,9.653004,-1.8983394,0.70044917,0.20247014,-0.5566915,-2.189011,0.31861958,7.4738607,4.7656937,-0.9215224,-2.3244982,2.2488146,5.310322,8.491457,3.6862907,1.5826931,3.5444772,-4.519184,-1.389251,-0.55704486,6.717005,3.8650093
732,-3.3704035,1.2574999,1.366131,4.2353926,12.518503,-0.53954965,-3.6107273,4.1827974,3.0371492,4.0050807,3.6488755,0.101299465,2.889994,6.5471478,-3.0131178,3.595811,1.2653909,2.5579128,9.284791,-1.8668965,1.9000804,0.68326235,-0.21016686,-1.6873608,-0.05176844,7.5362525,4.22205,-2.5845723,-1.6007892,1.7934219,6.485577,8.708504,1.9619039,1.1650327,3.2831528,-4.248919,-0.0729833,-0.52560806,6.6538243,3.2321835
733,-3.5270443,1.7576293,2.309918,5.339749,11.2283945,-4.6193295,-1.9895087,3.47336,4.593143,4.1192813,3.1335638,0.3142349,3.1689253,6.2051225,-2.1670847,4.3737993,2.675012,3.2932463,8.691538,-1.6043154,2.883558,1.2351346,0.008776238,-1.2108074,-0.19631863,7.5235863,3.2874014,-3.6789596,-0.8011334,1.5121119,7.3391123,8.421285,-0.16951828,1.2609054,3.2351391,-3.758158,1.0031446,0.14498848,6.6877766,2.4113069
734,-3.4125493,1.8947616,3.4462006,6.5898232,8.437405,-7.2826147,0.45164898,3.3171685,5.550428,4.1802487,2.4211383,0.5738021,3.4755797,5.942949,-1.2921293,4.7793565,4.1546383,4.1246114,7.771544,-1.3130188,3.612594,1.8056487,0.08163031,-0.7665707,-0.15478596,7.512375,2.130203,-4.1672916,-0.14169042,1.5769223,7.992431,7.3760815,-2.1590552,1.8572241,3.304184,-3.2019236,1.7862262,1.2343004,6.7585225,1.3188286
735,-3.012284,1.6638099,4.5797358,7.5471377,4.2484736,-8.364756,1.8131574,4.4374866,6.1731653,3.856956,1.6717349,0.8924818,3.8322399,5.758107,-0.48493597,4.9822426,5.626427,4.8409104,6.4409795,-1.073708,4.121392,2.3436182,0.017082449,-0.34516874,0.04195531,7.5280175,0.90628666,-4.125612,0.2097344,1.930051,8.535376,5.51713,-3.5803945,2.5879107,3.5388873,-2.6835613,2.3096733,2.5392444,6.6791563,-0.03767345
736,-2.2833188,1.2186142,5.478411,7.6434774,-0.5941249,-8.09138,0.76926124,5.6861744,6.7435355,2.8652256,1.0876353,1.2774514,4.264904,5.6302013,0.2101593,5.129786,7.0168056,5.152505,4.720247,-0.8343891,4.4534745,2.806909,-0.15300913,0.06909183,0.37985826,7.5532136,-0.2620064,-3.6439106,0.23974924,2.3790963,8.930487,3.0142722,-4.2581162,2.9514604,3.9697745,-2.2220998,2.6508875,3.8910182,6.218883,-1.5101246
737,-1.2773863,0.8589197,6.050075,6.569323,-4.7744417,-6.217641,-1.88461,5.4404483,7.5534825,1.449567,0.83278203,1.7100413,4.7857785,5.5291195,0.78079164,5.3239217,8.211941,4.7411776,2.8472166,-0.49156317,4.6551313,3.150517,-0.38024196,0.48656803,0.85831445,7.540438,-1.2776527,-2.7909184,0.09033028,2.7557492,9.0633335,0.24400237,-4.14242,2.6559656,4.4839983,-1.7396842,2.8836625,5.1375475,5.1982527,-2.8209922
738,-0.2494452,0.8653531,6.4002857,4.5160966,-7.144977,-2.9467998,-3.8330626,3.7272604,8.436033,0.29734382,0.9429305,2.1966684,5.380802,5.4190183,1.2347777,5.6146836,9.035338,3.4361498,1.2897025,-0.03024602,4.805442,3.3328125,-0.61207396,0.90360284,1.4786698,7.4244623,-2.0654871,-1.6466094,-0.019458745,3.024407,8.85405,-2.2848608,-3.1933498,1.8747119,4.912117,-1.1029392,3.067929,6.128173,3.5959458,-3.679764
739,0.44376066,1.2856425,6.631553,1.9524626,-7.6701455,0.25107253,-3.9062114,1.9782372,8.971281,-0.045063082,1.2715064,2.7844408,6.020813,5.2491813,1.5913353,6.0001082,9.27525,1.4223013,0.5348881,0.45283267,4.9891963,3.3377414,-0.81065184,1.3015643,2.2291338,7.1382174,-2.5868793,-0.34260735,0.10882535,3.2750244,8.304443,-4.1114283,-1.5111499,1.2140975,5.1898437,-0.2477214,3.2624643,6.725761,1.5966766,-3.9158502
740,0.62460023,1.9061308,6.693719,-0.69565696,-7.0846295,2.0883913,-2.7711108,0.97896045,9.167496,0.3583739,1.5681944,3.4750104,6.6768603,4.9521832,1.8708098,6.4343257,8.775587,-0.7582164,0.76334226,0.9573383,5.2269783,3.1690202,-0.95809513,1.6544542,3.0741658,6.6320014,-2.8573256,0.9434295,0.59185004,3.6197722,7.453303,-5.047219,0.47451863,1.3070185,5.3697133,0.72221756,3.5112565,6.835212,-0.46794653,-3.50155
741,0.45848173,2.4657614,6.4848003,-3.0938063,-5.9530807,2.4367988,-1.403485,0.6297729,9.215275,1.1291227,1.6927649,4.1992154,7.31615,4.4657717,2.088395,6.847334,7.540186,-2.5186524,1.6737833,1.7174911,5.47377,2.7998743,-1.0410601,1.9382129,3.9544296,5.888303,-2.9410002,2.0368237,1.4556527,4.0874076,6.3155956,-5.2519355,2.1443202,2.3437998,5.478093,1.5795105,3.7994397,6.4302526,-2.238033,-2.5251129
742,0.32299086,2.8841255,5.971073,-4.9679413,-4.464873,1.8921757,-0.3105898,0.7105944,9.229797,1.9329656,1.65101,4.882924,7.8899326,3.7560754,2.2581704,7.173123,5.748825,-3.5852864,2.6336846,2.952116,5.6242595,2.1452446,-1.0288064,2.1377337,4.7960024,4.9254484,-2.9165459,2.8124974,2.6484978,4.580413,4.8692236,-5.063986,3.0535247,4.010526,5.4757137,2.101596,4.052705,5.587949,-3.4531891,-1.2134049
743,0.52214444,3.2481344,5.167829,-6.159509,-2.7424796,1.19789,0.43319303,1.1018974,9.263554,2.5449862,1.5149792,5.4886637,8.3286705,2.827549,2.4035897,7.372601,3.660748,-4.0265465,3.0713818,4.5411034,5.5040755,1.1491983,-0.8654759,2.2604012,5.5243845,3.7919333,-2.8361454,3.2099693,4.044967,4.8911905,3.104081,-4.7419267,3.0806446,5.7870836,5.3692575,2.1837277,4.20466,4.4974213,-4.0515323,0.09720407
744,1.1263345,3.630065,4.085001,-6.6792936,-1.0674492,0.8786722,0.96251863,1.727172,9.338417,2.8272285,1.3626313,6.0135503,8.548545,1.7262274,2.5608346,7.437644,1.5118626,-3.9938517,2.7675693,6.0647073,4.9865723,-0.06806523,-0.51479554,2.3617418,6.0811706,2.5539024,-2.7029178,3.2300456,5.4502697,4.768099,1.1303138,-4.3334947,2.3422153,7.224886,5.273154,1.8672018,4.2527657,3.3893833,-4.1571445,1.1147134
745,2.021346,3.9861538,2.7350187,-6.670242,0.18824862,1.0795933,1.4201477,2.5252042,9.437181,2.7064414,1.2574022,6.474901,8.466818,0.53712326,2.7644165,7.379642,-0.5061198,-3.5196297,1.8866811,7.1264687,4.15208,-1.2207955,-0.03469129,2.5454607,6.4342456,1.2764251,-2.4732502,2.9370048,6.64351,4.046268,-0.73521894,-3.7496617,1.1324859,8.065224,5.344942,1.2759894,4.2524886,2.4396145,-3.9615893,1.7167801
746,3.0284212,4.1878724,1.1816533,-6.2985687,0.7701236,1.6332959,1.9013928,3.448105,9.480965,2.161994,1.2512378,6.9015646,8.016904,-0.6322554,3.0211458,7.220071,-2.2162962,-2.5456343,0.8719605,7.626442,3.2392142,-2.068449,0.4331784,2.8967059,6.564699,0.015266389,-2.0777853,2.4659348,7.4704967,2.7920935,-2.0683384,-2.9646864,-0.11821841,8.274504,5.6461973,0.5464518,4.285863,1.7314776,-3.6206744,1.9393237
747,3.9876196,4.098738,-0.42243496,-5.6622205,0.6655429,2.2507057,2.5048013,4.46642,9.31185,1.2302741,1.3845078,7.3306665,7.153219,-1.6807818,3.2903347,6.994216,-3.455844,-1.1009183,0.2713586,7.7669296,2.3975942,-2.5508666,0.7611616,3.411525,6.4468803,-1.1652368,-1.4609591,2.0156534,7.916424,1.2998164,-2.6027262,-2.1188192,-1.0291271,8.010596,6.075127,-0.1818048,4.4327087,1.27504,-3.2279313,1.8964583
748,4.7958617,3.6445065,-1.84825,-4.796188,0.093701884,2.6910968,3.336747,5.5624146,8.684618,0.017618185,1.6557376,7.7981024,5.8492556,-2.5339668,3.4809353,6.759594,-4.1252785,0.57176256,0.5048568,7.8096857,1.5443406,-2.706394,0.8891396,4.0024333,6.061121,-2.177566,-0.6375119,1.8097321,8.072498,-0.101557724,-2.3624651,-1.3937376,-1.4646701,7.5071864,6.470507,-0.7608889,4.7315884,1.0389266,-2.8332765,1.7128558
749,5.414664,2.8544233,-2.8695066,-3.758443,-0.60142803,2.8460355,4.435476,6.6682463,7.2924848,-1.2834588,1.9552679,8.307109,4.1173606,-3.1296592,3.4666693,6.5877337,-4.2270017,2.0952783,1.6735035,7.78948,0.46073362,-2.531436,0.81572545,4.553429,5.432321,-2.9373581,0.27067855,2.021285,8.019975,-1.2273599,-1.548973,-0.8527181,-1.5038002,6.961608,6.7459745,-1.0730398,5.1503997,0.97002023,-2.466312,1.4876448
750,5.855714,1.8526324,-3.3622668,-2.6853175,-1.1163994,2.739548,5.7097983,7.5527773,4.900873,-2.3661237,2.0208254,8.782196,2.091147,-3.3727183,3.134511,6.5290728,-3.8368685,3.176627,3.5122337,7.4157557,-0.973564,-1.9390717,0.6148965,4.9791117,4.6435976,-3.4110532,1.0694768,2.6876128,7.747546,-2.0528371,-0.39149252,-0.42843252,-1.2812546,6.4988885,6.90873,-1.0759363,5.6034746,0.99832594,-2.147001,1.2816526
751,6.1554956,0.8067099,-3.3401754,-1.7398497,-1.3150464,2.4774773,6.966936,7.7746735,1.6473248,-2.8037922,1.5740902,9.082819,0.13586311,-3.1323733,2.49473,6.575786,-3.043395,3.7594833,5.502314,6.2604575,-2.5465674,-0.90908015,0.49432954,5.275225,3.786053,-3.6319456,1.5864729,3.6768131,7.1806874,-2.6264389,0.9026643,0.003566419,-0.8955482,6.1873918,7.004457,-0.80845153,5.9983945,1.042526,-1.8823811,1.1201882
752,6.353834,-0.1278391,-2.908294,-1.0154746,-1.225091,2.1887887,8.00908,6.8885336,-1.7116966,-2.2519224,0.7217372,9.148935,-1.2371004,-2.3721855,1.7825087,6.673552,-1.9311539,4.00537,7.0992513,4.1323247,-3.7414966,0.24614663,0.735651,5.5087743,2.875751,-3.6659462,1.7405099,4.7484226,6.287437,-2.9923549,2.1408994,0.5609427,-0.40460408,6.0585575,7.0710115,-0.36481577,6.2697816,1.0299648,-1.6592783,1.0059869
753,6.4836307,-0.83866495,-2.1998365,-0.4993488,-0.9448486,1.984191,8.722442,4.837212,-4.1454434,-0.93755776,0.12654157,9.098369,-1.7686023,-1.2827082,1.3447936,6.779591,-0.6095817,4.1500683,7.9416485,1.3258926,-4.0973835,0.9521993,1.4012988,5.712619,1.8476733,-3.5516555,1.5412408,5.6683254,5.155106,-3.1712282,3.1513739,1.3143765,0.15529865,6.113393,7.1208396,0.13680364,6.3871474,0.92407537,-1.446213,0.93542516
754,6.5688953,-1.265318,-1.3438379,-0.10974713,-0.56382054,1.9361227,9.08926,2.0670633,-5.1246805,0.25669825,0.32268566,9.032593,-1.6768466,-0.16601491,1.3714417,6.89086,0.7846468,4.342188,7.8950114,-1.5059564,-3.4633574,0.9409376,2.1933274,5.8438096,0.6715239,-3.2609508,1.0658797,6.2982874,3.9729888,-3.1803925,3.8192208,2.2684314,0.7695768,6.3231964,7.1361656,0.58048296,6.3519144,0.7404013,-1.2082258,0.91106075
755,6.625747,-1.3982646,-0.45639408,0.24394833,-0.13759866,2.0760105,9.128031,-0.77427846,-4.746624,0.62564456,1.0511411,8.915184,-1.355168,0.7826258,1.8304394,7.032753,2.1143966,4.5541463,6.995254,-3.6981087,-2.0260623,0.5937452,2.8016593,5.858999,-0.5529167,-2.721351,0.46203658,6.6253247,2.9401746,-3.051344,4.1183076,3.3747277,1.4622022,6.634092,7.062327,0.8756476,6.1971645,0.53872615,-0.92578095,0.94603825
756,6.6641245,-1.2732089,0.36671948,0.62097615,0.30593836,2.3993835,8.841117,-3.12214,-3.2870398,0.32054982,1.7078612,8.757296,-1.0002588,1.5171083,2.6052468,7.2456903,3.236056,4.598677,5.452552,-4.8956547,-0.3178208,0.5472298,3.2338862,5.718119,-1.6510402,-1.8887451,-0.053074427,6.739488,2.1654637,-2.827767,4.1018558,4.5704846,2.3003836,6.967282,6.8003664,0.9822115,5.985917,0.39403176,-0.60453975,1.0590656
757,6.6903195,-0.95935696,1.0610726,1.0402832,0.7575338,2.8714638,8.221669,-4.611486,-1.1199867,0.07239665,2.101753,8.630781,-0.611287,2.0557773,3.5898721,7.5605,3.9628477,4.2533026,3.674042,-5.1793256,1.0265465,1.0856276,3.6561692,5.3454614,-2.4831364,-0.82026005,-0.24553771,6.7729163,1.624061,-2.5521162,3.858697,5.8099403,3.3668783,7.194628,6.2181845,0.93827045,5.7925057,0.3617456,-0.26963103,1.2636008
758,6.7099156,-0.54187983,1.6000112,1.4942958,1.2222855,3.433369,7.293036,-5.1802197,1.1547023,0.48404026,2.4740129,8.531632,-0.19991398,2.4348419,4.703181,7.9476204,4.0596695,3.4642417,2.1518924,-4.890403,1.6957487,2.0442011,4.1347055,4.653086,-2.9888294,0.30512038,0.04363107,6.8194275,1.1866003,-2.2500777,3.4723155,7.0648756,4.6965637,7.0856423,5.214074,0.87375426,5.665048,0.4532585,0.049952865,1.5593963
759,6.7291603,-0.10353961,1.990667,1.9692887,1.7152464,4.009726,6.120829,-5.073354,2.92513,1.6673585,3.0510707,8.364016,0.1324208,2.7112439,5.8879995,8.251242,3.3289206,2.497169,1.2148274,-4.3602934,1.7904334,3.117505,4.617196,3.5966136,-3.1788635,1.2477145,0.82366496,6.8751845,0.68841547,-1.9156797,3.009523,8.298484,6.1733694,6.2810287,3.8591664,0.9674823,5.6031756,0.62801415,0.3361159,1.9328109
760,6.7530932,0.2881641,2.2623897,2.4596293,2.2531757,4.5137672,4.7834125,-4.6500096,3.8799648,3.3879635,3.8580554,7.9582477,0.27410537,2.9517505,7.1004934,8.160083,1.7947935,1.8421041,0.8492677,-3.7786348,1.5746688,4.091483,4.994158,2.2154684,-3.098159,1.8173041,1.9418142,6.8437815,0.010771988,-1.5036769,2.5423272,9.438961,7.416091,4.444745,2.548613,1.3230641,5.5879393,0.8077932,0.5889316,2.3653092
761,6.7809644,0.58543026,2.4543977,2.9720879,2.843161,4.8466687,3.3463988,-4.1678305,4.02429,5.3236895,4.8072577,7.084495,0.19032606,3.1988595,8.276491,7.29613,-0.14797767,1.8551159,0.8214881,-3.2189145,1.2616299,4.8766365,5.139508,0.64470345,-2.778059,1.9607415,3.1467323,6.604742,-0.8463219,-0.9517876,2.1871831,10.393464,7.8025885,1.6828403,1.8868195,1.9011202,5.6084476,0.9154316,0.82347226,2.8436017
762,6.801207,0.75828254,2.6069484,3.523153,3.4691868,4.8966384,1.8782915,-3.7088718,3.520259,7.169207,5.7340503,5.524955,-0.033479616,3.4404202,9.292438,5.44196,-1.85111,2.426367,0.9802728,-2.715814,0.9703615,5.4647875,4.957635,-0.9053281,-2.229402,1.7882928,4.204327,6.0926485,-1.7518055,-0.24608059,2.1179085,11.107394,6.790912,-1.2045766,2.1152887,2.714446,5.610248,0.89304984,1.0609945,3.3650458
763,6.787209,0.7903889,2.7559757,4.1333313,4.0767655,4.5528502,0.49324718,-3.2302094,2.5948138,8.644351,6.359689,3.2414818,-0.18766207,3.6281998,9.964937,2.7657626,-2.7666776,3.0380967,1.311937,-2.2993958,0.7582918,5.8903084,4.4247627,-2.2111986,-1.4941347,1.5299946,5.003786,5.322663,-2.5291386,0.51647687,2.5014412,11.560036,4.299103,-3.224722,2.640687,3.898288,5.4678454,0.67410874,1.3242056,3.9395485
764,6.693945,0.67492807,2.9286947,4.8198695,4.5590196,3.7496495,-0.6297561,-2.6705387,1.52855,9.556013,6.3634567,0.5600822,-0.0418266,3.785183,10.123469,-0.18251604,-2.6713445,3.246746,1.7425771,-1.9832851,0.6405275,6.2014384,3.5951393,-3.1180482,-0.6945797,1.4247588,5.572235,4.3448563,-3.0681703,1.1446009,3.3726363,11.615088,0.76166075,-3.8002307,2.531192,5.2606153,5.097099,0.22688536,1.6243343,4.589387
765,6.4594517,0.4137154,3.137332,5.58659,4.7564783,2.5350077,-1.2990065,-2.0461712,0.6063864,9.912021,5.5977077,-1.9062643,0.41504523,4.0841517,9.690042,-2.7642498,-1.6471736,3.114495,2.105071,-1.7396812,0.6020361,6.437881,2.574498,-3.5814333,-0.0079316,1.5993704,5.9875617,3.1892292,-3.3495305,1.4486611,4.5442853,10.943013,-2.9494221,-2.7079864,1.6698662,6.2554407,4.6203465,-0.34695306,1.9321204,5.333821
766,6.0170436,0.024778422,3.3696306,6.409149,4.490905,1.1170133,-1.4205334,-1.4503239,0.005613244,9.912717,4.1970844,-3.6572685,0.8516132,4.663162,8.665389,-4.5933714,-0.059644345,3.1123219,2.278204,-1.5314571,0.618655,6.622236,1.4849336,-3.6402276,0.42288166,2.0238743,6.2844872,1.8693982,-3.3776112,1.3401452,5.659719,9.311732,-5.7442665,-0.26387307,1.1811212,6.731695,4.161334,-0.89487576,2.1836443,6.157954
767,5.318352,-0.44533467,3.5810173,7.2201915,3.6457393,-0.17157851,-1.08236,-0.951026,-0.25165543,9.788553,2.448646,-4.544799,0.8480736,5.356397,7.142833,-5.634775,1.4881973,3.6294138,2.1987572,-1.3623903,0.6668846,6.7640367,0.4422351,-3.3591452,0.5635144,2.5644085,6.435888,0.4379364,-3.113918,0.8817374,6.4100747,6.972741,-7.089744,2.2269082,2.2219288,6.9922137,3.445746,-1.324973,2.3141763,6.999216
768,4.3685675,-0.9172527,3.7020118,7.9124727,2.2687945,-0.9954908,-0.52983177,-0.52744037,-0.22739092,9.67239,0.63945895,-4.6108675,0.27069354,5.8082952,5.4058814,-6.0707054,2.4230576,4.6262116,1.812603,-1.2419318,0.72144645,6.8672843,-0.4499903,-2.7971447,0.49815053,3.0814862,6.3956637,-0.9697519,-2.4882975,0.28249654,6.736709,4.4861507,-7.3825665,3.3464596,4.559569,6.993947,2.0260475,-1.514675,2.2651868,7.757479
769,3.2537506,-1.2912753,3.6717203,8.379568,0.622017,-1.1513504,-0.017355751,-0.12359685,0.016693747,9.58809,-0.97060037,-3.8951514,-0.6224698,5.8489995,3.8315754,-6.1280437,2.5131645,5.7343664,1.1724012,-1.1145774,0.7653118,6.9361944,-1.1028723,-2.0170317,0.38302884,3.5074544,6.144256,-2.162924,-1.488863,-0.15879224,6.813032,2.2234569,-7.213946,2.6930652,6.8947597,6.422668,-0.061465148,-1.279293,2.0530934,8.325317
770,2.091382,-1.4763963,3.4825377,8.5777445,-0.8959546,-0.6368048,0.36611494,0.28289112,0.44235268,9.490027,-2.1396294,-2.4843314,-1.3567867,5.6403036,2.6203454,-5.982158,1.891092,6.6030536,0.5228264,-0.88748074,0.81669706,6.9765477,-1.4574859,-1.1078979,0.3757712,3.8601038,5.6976852,-2.9891796,-0.24508674,-0.1584878,6.8502436,0.23832515,-6.75131,0.76388633,8.091676,5.406699,-2.1484144,-0.6121379,1.8925436,8.657502
771,0.9232438,-1.4079782,3.1975708,8.550465,-1.9292063,0.3579735,0.7286776,0.68210995,1.0199753,9.310751,-2.7025375,-0.6557355,-1.5157816,5.4856715,1.7011307,-5.7316008,0.83491135,7.090524,0.18368044,-0.5457517,0.9326477,6.9930596,-1.5091908,-0.18377915,0.576714,4.195545,5.083675,-3.4136586,0.99284667,0.4346572,6.8943863,-1.5314347,-5.775891,-1.5752497,7.8746195,4.529234,-3.6472478,0.23155516,2.0883467,8.784995
772,-0.28829595,-1.0366751,2.9369583,8.38549,-2.3186073,1.5279511,1.2279071,1.0574869,1.7088715,9.006899,-2.6659741,1.1576737,-0.940127,5.539221,0.86024296,-5.387302,-0.41501737,7.1959,0.36368933,-0.19698866,1.156982,6.988239,-1.3146635,0.6486237,1.0091537,4.5472174,4.316305,-3.5149124,1.9699322,1.5676959,6.755384,-3.0486205,-4.023424,-3.4444203,6.728499,4.1452494,-4.4883924,0.98870367,2.7736673,8.704975
773,-1.5516269,-0.34272838,2.8673508,8.148663,-2.1384187,2.5862353,1.9136654,1.3952556,2.4490447,8.583341,-2.2144907,2.5971165,0.25154033,5.675972,-0.09532656,-4.85679,-1.6835607,6.9330993,1.0751481,0.0118410485,1.4669758,6.9693465,-0.9641928,1.3251438,1.6376053,4.8945155,3.3918743,-3.4126863,2.534113,2.9943955,6.148083,-4.1311646,-1.5828091,-4.22904,5.4626474,4.1078224,-4.8399024,1.516382,3.8532178,8.309182
774,-2.7695527,0.58200884,3.1772304,7.8480535,-1.6347054,3.3794835,2.715982,1.695471,3.173134,8.080811,-1.5959376,3.547394,1.7773533,5.5918164,-1.2074606,-3.9747813,-2.79237,6.316333,2.1541069,0.01446666,1.7933015,6.9577994,-0.53990304,1.8339344,2.39838,5.165038,2.30742,-3.190978,2.6653857,4.3814116,4.9561195,-4.631357,0.97502536,-3.7607348,4.705829,4.10571,-4.889466,1.7465824,5.090241,7.449792
775,-3.7789564,1.4598858,3.9726582,7.4388433,-1.1172299,3.9078207,3.5454388,1.9797175,3.8263886,7.5425053,-0.99743766,4.0989065,3.323676,4.994778,-2.2975783,-2.652422,-3.5138927,5.4477234,3.3423011,-0.120734386,2.0867941,6.9839334,-0.09480301,2.2001004,3.2197435,5.253416,1.0937533,-2.8638725,2.446427,5.465889,3.3550901,-4.613675,2.963932,-2.2653818,4.5561285,3.8974257,-4.8224187,1.6607777,6.215943,6.079228
776,-4.455508,1.9095176,5.127828,6.8718295,-0.8255568,4.2568007,4.3764434,2.2772143,4.370881,6.9906454,-0.502022,4.410103,4.6251516,3.7684314,-3.0639257,-1.0656204,-3.652309,4.551721,4.4075866,-0.24563184,2.3466349,7.0684304,0.34105247,2.4633176,4.0287247,5.0497556,-0.15388536,-2.3990004,2.0270724,6.15601,1.6715993,-4.277218,4.029224,-0.1786509,4.70676,3.2971222,-4.7516017,1.2643673,7.0315337,4.3413525
777,-4.749157,1.6825567,6.277994,6.1864753,-0.81845456,4.5066166,5.2470913,2.6032002,4.771779,6.4278755,-0.10985781,4.610683,5.498695,2.0438101,-3.3016899,0.38220805,-3.197525,3.8474693,5.237487,-0.2429425,2.5935962,7.211514,0.7478808,2.6611152,4.7531075,4.47986,-1.2767752,-1.7847686,1.595135,6.512787,0.1718358,-3.7719193,4.2215486,2.0180542,4.7919316,2.213039,-4.647602,0.5631638,7.4552383,2.5426853
778,-4.6511583,0.8475351,7.036058,5.558886,-0.98742723,4.6817274,6.2058773,2.9489033,4.9836736,5.8560405,0.22543684,4.775989,5.852645,0.13297294,-3.0084653,1.3601946,-2.3488238,3.4177504,5.8339877,-0.080326155,2.8422036,7.3971524,1.1104532,2.81968,5.3257356,3.5473137,-2.103349,-1.0914328,1.3271904,6.656146,-1.0240341,-3.1383972,3.8267937,3.928228,4.5641704,0.7639522,-4.364256,-0.39969182,7.5179505,1.0404247
779,-4.209939,-0.24913971,7.229451,5.1922364,-1.18699,4.768712,7.2652946,3.2790053,4.9520326,5.2976284,0.56811965,4.9382963,5.67846,-1.620293,-2.3181164,1.8331459,-1.3678888,3.2407722,6.2492213,0.21439809,3.0976725,7.6019397,1.4161879,2.9505246,5.6933813,2.3510725,-2.5200818,-0.4598652,1.3185428,6.675324,-1.9054577,-2.3629446,3.206104,5.337506,3.9245067,-0.7106583,-3.759974,-1.4696908,7.337071,0.104116574
780,-3.576014,-1.2175463,6.9342046,5.153256,-1.3268505,4.7601976,8.389982,3.524871,4.6349106,4.8075953,0.9797651,5.1002946,5.029812,-2.9651017,-1.4255588,2.0094042,-0.42841765,3.2800145,6.5380425,0.59014505,3.3619597,7.801141,1.6523857,3.0521665,5.8285236,1.0611383,-2.5060441,-0.012024528,1.5473565,6.599811,-2.502082,-1.4523343,2.6935208,6.2358127,2.91541,-1.821268,-2.8409889,-2.3825088,7.066925,-0.19499145
781,-2.9600985,-1.8458632,6.338516,5.3586736,-1.3648666,4.672413,9.506088,3.5814762,4.042472,4.4648952,1.5049973,5.235302,3.9981332,-3.7940767,-0.5578273,2.1439822,0.42277098,3.5120914,6.7383275,0.98967063,3.636201,7.971741,1.8035103,3.1163602,5.7392683,-0.13556318,-2.117858,0.2349153,1.916225,6.429704,-2.8446379,-0.47240615,2.5245667,6.732492,1.6670849,-2.3353183,-1.7953168,-2.898923,6.8278785,0.009369475
782,-2.5255766,-2.1302166,5.6101613,5.6855063,-1.275686,4.5420494,10.515408,3.3324533,3.2766826,4.3379354,2.1640666,5.2759676,2.6969235,-4.1199327,0.07311226,2.3823538,1.222367,3.9143872,6.8627486,1.3569534,3.919818,8.093887,1.8515859,3.137472,5.470979,-1.0909433,-1.4598632,0.37393343,2.3343601,6.1709213,-2.9672036,0.46530285,2.797014,6.9174824,0.3201769,-2.2297065,-0.8678982,-2.9476166,6.662329,0.47707304
783,-2.3257635,-2.1645844,4.8533688,6.0513234,-1.0370121,4.4220467,11.314582,2.7106245,2.5317802,4.441654,2.9445133,5.1064334,1.2656883,-4.011338,0.34659916,2.7247767,2.0426235,4.4576273,6.8923798,1.6432607,4.210262,8.151666,1.7811208,3.1216245,5.095338,-1.73051,-0.660108,0.5424299,2.7654467,5.836078,-2.9230368,1.251036,3.471115,6.7777905,-1.0028647,-1.6077238,-0.19722179,-2.6274016,6.5573053,0.9742586
784,-2.3159,-2.0415242,4.1263556,6.4227886,-0.6234146,4.3761845,11.816251,1.7573448,2.0280612,4.7335777,3.7774272,4.5825415,-0.11065781,-3.5516248,0.2867806,3.0861812,2.964083,5.1077366,6.768251,1.813457,4.5057197,8.133949,1.5865382,3.090732,4.689782,-2.0567546,0.15516472,0.84988457,3.2150798,5.424991,-2.7844436,1.8190616,4.4037066,6.223534,-2.1785917,-0.63287616,0.25139296,-2.095282,6.496718,1.3368878
785,-2.3998377,-1.8223426,3.4686854,6.7957134,-0.0015400861,4.467175,11.956621,0.62365633,1.9121162,5.172347,4.510256,3.5999386,-1.200027,-2.8577347,0.04961751,3.3822088,4.0476,5.818476,6.3855586,1.856369,4.810141,8.034791,1.2773098,3.078241,4.317817,-2.1259935,0.8888202,1.3453116,3.6912332,4.912308,-2.623082,2.1565907,5.4043455,5.187132,-3.078965,0.4705763,0.63294363,-1.4632484,6.4835863,1.4807686
786,-2.4718032,-1.5490255,2.9142005,7.179127,0.8697901,4.735671,11.679649,-0.4990534,2.1895955,5.7759995,4.914675,2.1893966,-1.7819889,-2.1063032,-0.16792168,3.5830681,5.3032374,6.498368,5.6083937,1.8048055,5.1371493,7.8499155,0.8768098,3.1185815,4.0202084,-2.016234,1.4886452,2.023982,4.174578,4.250962,-2.4846737,2.283762,6.296648,3.7144663,-3.6067586,1.4295474,1.1047053,-0.7721758,6.5236425,1.3795953
787,-2.4380336,-1.2590847,2.488849,7.588997,2.030409,5.164977,10.910119,-1.4654864,2.7196603,6.58807,4.7367616,0.57117635,-1.757177,-1.4716265,-0.24218123,3.7152326,6.6786246,6.9595027,4.3322554,1.7557334,5.5108523,7.564404,0.41565776,3.2362113,3.8183568,-1.8027116,1.9453123,2.8487074,4.6061707,3.3905098,-2.3699906,2.22962,6.9647865,1.9857396,-3.7213624,2.0100486,1.7264961,-0.016413413,6.5961576,1.0402012
788,-2.2236464,-0.9852175,2.2034533,8.047195,3.4929843,5.621968,9.550944,-2.2074213,3.2609196,7.562337,3.7861123,-0.87848353,-1.2377936,-1.004932,-0.15750037,3.8357515,8.067955,6.8973927,2.6033828,1.843231,5.9695883,7.133085,-0.07631927,3.4381762,3.7233136,-1.5464257,2.278833,3.7665856,4.8859158,2.310584,-2.2290404,2.0254989,7.372377,0.26598585,-3.4219308,2.133123,2.4446857,0.833337,6.634598,0.49126458
789,-1.7789276,-0.7401908,2.0532193,8.580188,5.184395,5.7819085,7.5666914,-2.6788063,3.552765,8.49703,2.0963905,-1.7442727,-0.5394743,-0.61951834,0.050111644,4.0110354,9.320269,5.9765005,0.7248513,2.1110573,6.5663652,6.473017,-0.57565093,3.7089143,3.743234,-1.2919514,2.522759,4.7161827,4.8836145,1.0635949,-1.9790534,1.7210493,7.5536394,-1.1734729,-2.731902,1.9254913,3.1561942,1.8064678,6.5250406,-0.21474588
790,-1.0983399,-0.498735,2.0302308,9.211658,6.843317,5.132029,5.2099566,-2.7908065,3.4352236,9.135935,0.07461254,-1.7465852,0.010311979,-0.22223182,0.34714332,4.3028116,10.241659,4.0380187,-0.7898218,2.3733332,7.308849,5.5044823,-1.0567425,4.004451,3.8849885,-1.0684094,2.7115602,5.628938,4.4737577,-0.19867915,-1.5574557,1.407579,7.5832167,-2.132028,-1.7263688,1.6602198,3.7916985,2.8845427,6.1233015,-0.99030626
791,-0.25272772,-0.19540696,2.1440368,9.944642,7.9325523,3.2792528,3.225364,-2.4923515,2.9893763,9.373333,-1.6248659,-0.90151733,0.3518389,0.19610298,0.71807235,4.753333,10.606299,1.3075114,-1.4246783,2.3467264,8.05268,4.2514415,-1.4610076,4.2515755,4.146112,-0.88856333,2.8730419,6.431205,3.594657,-1.2518706,-0.9917953,1.2120688,7.534808,-2.5372672,-0.5605228,1.6135716,4.3562202,3.9554427,5.298254,-1.7037213
792,0.59656525,0.24508265,2.4358854,10.731999,7.7560067,0.5493764,2.4879274,-1.8803337,2.5219846,9.316524,-2.516677,0.45892498,0.7022584,0.60502356,1.1630719,5.369831,10.198017,-1.5875857,-0.89805204,2.1082327,8.574713,2.879993,-1.6948216,4.3738284,4.4994316,-0.74472684,3.026248,7.051579,2.3031063,-1.8813477,-0.41764575,1.2354081,7.4497037,-2.4567432,0.56717426,1.9338217,4.9072876,4.813283,4.002822,-2.1969993
793,1.2536441,0.85627013,2.9744372,11.433065,5.885216,-1.9387981,3.047446,-0.9767125,2.3228989,9.119974,-2.548057,1.8727337,1.2564548,0.9746407,1.6820476,6.1049256,8.89355,-3.9136205,0.55545664,2.2902448,8.794281,1.4965878,-1.6833642,4.341227,4.890697,-0.60761076,3.1840146,7.4332466,0.7824042,-1.96124,0.01172507,1.4807515,7.339845,-2.0499609,1.500967,2.6159189,5.495756,5.200794,2.3456974,-2.3402402
794,1.611307,1.6058329,3.8281393,11.756867,2.541871,-3.1681411,3.8745363,0.3299438,2.4998982,8.838175,-1.9944059,3.0008636,1.998497,1.2757791,2.2588048,6.838685,6.7377033,-5.306864,2.0614862,3.4670925,8.657002,-0.045341615,-1.373562,4.1932025,5.256833,-0.43590587,3.3563447,7.5461836,-0.7095906,-1.4822311,0.26307327,1.8641868,7.2161636,-1.4892769,2.1837249,3.5681107,6.1000404,4.873889,0.6176783,-2.100999
795,1.7327529,2.4324818,5.0040474,11.233738,-1.441546,-2.8338196,3.9987483,1.8494532,3.0130565,8.434918,-1.2243911,3.7390661,2.788665,1.5047581,2.8613303,7.384017,3.9354458,-5.8857107,2.6074147,5.3574796,7.8781295,-1.8724211,-0.7260587,4.051494,5.541683,-0.19855955,3.5497022,7.3933434,-1.9272803,-0.55068856,0.4718215,2.307688,7.096954,-0.9048917,2.6468594,4.679984,6.5713506,3.704339,-0.7678401,-1.5990771
796,1.7800769,3.3046272,6.3541336,9.344761,-4.941319,-1.2671328,3.6235816,3.173482,3.7944057,7.8485665,-0.5412437,4.1607685,3.5197308,1.6968385,3.4501724,7.5248985,0.8203681,-5.798226,1.7625173,6.9510245,6.329797,-3.6645465,0.10965323,4.125165,5.7109823,0.08967121,3.7618515,7.010146,-2.7202315,0.62242174,0.8526706,2.802486,6.98277,-0.37972945,2.9653919,5.8412333,6.626803,1.8252361,-1.4333559,-1.0763053
797,1.8636407,4.2295275,7.506299,5.89131,-7.083859,0.3958549,3.6814966,4.217201,4.696003,7.0216837,-0.10693974,4.4032035,4.1767297,1.8980691,3.977881,7.088429,-2.110669,-4.888806,-0.039384108,7.494908,4.540089,-4.909309,0.71788806,4.540626,5.774833,0.3529852,3.9789617,6.4611006,-3.072932,1.7760696,1.5625182,3.379973,6.8299103,0.032319807,3.2170196,6.929331,5.951353,-0.29198265,-1.247179,-0.70505387
798,2.0106094,5.2006645,7.9076796,1.3517601,-7.6128592,0.63663197,4.2988467,5.2590437,5.4266424,5.896118,0.10220936,4.578945,4.8018084,2.130552,4.3801975,6.045046,-4.273749,-3.0431569,-1.7280585,7.1797347,3.158521,-5.4991846,0.8008375,5.143459,5.798014,0.5120005,4.1824446,5.830397,-3.0797467,2.6952734,2.631343,4.0486455,6.542088,0.2995644,3.4576209,7.8036785,4.4032,-2.0025961,-0.4658918,-0.40984616
799,2.2420633,6.142855,7.041591,-3.087804,-6.483562,-0.88314253,4.46306,6.6249704,5.7495327,4.421081,0.24446304,4.7464476,5.4315825,2.3763015,4.577297,4.56792,-5.3443265,-0.7212991,-2.3330271,6.752599,2.2216158,-5.660939,0.39940295,5.6347847,5.882405,0.55359805,4.360031,5.200237,-2.8779128,3.2786806,3.9833684,4.7604585,5.9815917,0.42374554,3.7126536,8.325686,2.1702929,-2.8327765,0.37011302,-0.0018703004
800,2.6012197,6.9043717,4.7934504,-6.0347943,-3.9626548,-2.7003589,3.4922378,8.187913,5.663775,2.6175365,0.46669385,4.944793,6.061296,2.5717895,4.50096,2.96434,-5.4815335,1.2602862,-1.6298763,6.6577144,1.3451376,-5.570824,-0.31572884,5.782756,6.1225824,0.5350153,4.5088267,4.626998,-2.588068,3.5339441,5.490262,5.395557,5.010032,0.45863447,3.9841938,8.398065,-0.28042045,-2.660255,0.8354064,0.55278254
801,3.1235645,7.283134,1.643567,-6.917762,-1.3159424,-3.3609166,1.9679585,9.327984,5.3077135,0.68241465,0.7953387,5.2413607,6.646773,2.6052213,4.144122,1.5317937,-5.095852,2.395962,-0.041932393,6.756108,0.18609202,-5.192447,-1.1941715,5.4605503,6.5693865,0.5631315,4.627396,4.128209,-2.2891383,3.5296652,7.005319,5.7495027,3.5728295,0.5147364,4.2717824,7.996831,-2.4210942,-1.6432083,0.95355445,1.1403794
802,3.7915473,7.0649295,-1.6123788,-6.204698,0.18977946,-2.9895332,0.6794204,9.785021,4.7278914,-1.081546,1.1342721,5.716975,7.1187215,2.3341424,3.6096857,0.46107244,-4.5204053,2.6904924,1.8172362,6.665437,-1.3063626,-4.3207393,-2.063594,4.6493173,7.205269,0.7869263,4.696127,3.6790473,-2.0185022,3.349676,8.377096,5.5672603,1.806812,0.7075895,4.597606,7.167998,-3.8981552,-0.13922767,1.1042207,1.6887754
803,4.49987,6.093449,-4.2559905,-4.6092196,0.49739206,-2.340921,-0.18349078,9.775366,3.9206126,-2.4507458,1.310754,6.381102,7.3896303,1.6536602,3.1169143,-0.19246396,-3.914008,2.4246247,3.4642026,6.110823,-2.8255186,-2.8199663,-2.6593838,3.506104,7.924909,1.3622565,4.6451073,3.2184803,-1.7770954,3.0691898,9.468621,4.6730485,0.069253124,1.03703,5.0050216,5.9898605,-4.6604376,1.3656541,1.644965,2.2237053
804,5.0516057,4.386675,-5.8537507,-2.7794666,0.32097507,-1.7695017,-0.7075055,9.565745,2.952955,-3.3534253,1.1560619,7.0983744,7.3781757,0.6033367,2.9209106,-0.48715544,-3.3181062,1.9112102,4.668545,5.0752015,-3.939853,-0.8957134,-2.7179863,2.3716695,8.573037,2.3327138,4.3323402,2.6863198,-1.5319527,2.7529395,10.193338,3.1298993,-1.2067198,1.3259051,5.4956136,4.548995,-4.895212,2.428932,2.6553936,2.7978547
805,5.188075,2.217147,-6.3476048,-1.3372746,0.24601938,-1.2778413,-0.962424,9.325715,1.9268149,-3.8120923,0.6123111,7.6256647,7.0790358,-0.5850644,3.166417,-0.5149317,-2.7313128,1.3839157,5.4304323,3.7584739,-4.4457846,0.96593225,-2.176672,1.5788249,9.05345,3.4983978,3.5897799,2.1082146,-1.2310573,2.4684603,10.544225,1.267032,-1.7231369,1.3808329,5.972779,2.9652646,-4.8264875,2.8097425,3.962958,3.4503284
806,4.656955,0.060588423,-5.9771967,-0.6355973,0.39253753,-0.82683694,-0.9817267,9.1420765,0.92789346,-3.8568904,-0.21834354,7.7548137,6.622497,-1.5942786,3.7977736,-0.31834334,-2.1601973,0.9799819,5.8725004,2.4047065,-4.4369903,2.3522902,-1.1926228,1.2616652,9.387005,4.4492784,2.3585477,1.6569313,-0.8406649,2.2955194,10.583969,-0.46996015,-1.4118013,1.244929,6.3170195,1.4006522,-4.5620675,2.498227,5.2840533,4.186847
807,3.3279474,-1.5556871,-5.1202354,-0.56879705,0.627319,-0.40473172,-0.8002601,9.03788,0.030902542,-3.4965165,-1.1126245,7.4366713,6.2194657,-2.1980653,4.617932,0.10013092,-1.6459682,0.7551625,6.1298957,1.1699566,-4.1108413,3.1255538,0.015612447,1.3927704,9.651041,4.760507,0.8203548,1.5548247,-0.35725778,2.3099372,10.397026,-1.7207355,-0.4318222,1.2251334,6.4956565,-0.0153848985,-4.0846405,1.6755325,6.334119,4.9233017
808,1.3480731,-2.232202,-4.1919103,-0.7644208,0.8439396,0.0065296944,-0.45113382,8.99036,-0.6857151,-2.755284,-1.817806,6.792998,6.0235105,-2.3263474,5.423457,0.69925505,-1.2599803,0.69930476,6.293204,0.11340931,-3.609455,3.3616781,1.2851299,1.9222469,9.875125,4.172399,-0.62318134,1.8474742,0.24435441,2.5581932,10.040985,-2.3445368,0.87672627,1.6500877,6.5054917,-1.2517049,-3.3196096,0.6583537,6.924004,5.463222
809,-0.81380343,-1.8519638,-3.4804127,-0.90671307,1.0263605,0.42596987,0.04559706,8.952304,-1.1553296,-1.7236047,-2.148752,6.037484,6.0613155,-2.0104225,6.0860033,1.3526769,-1.064035,0.7580336,6.4045634,-0.75007784,-2.9922998,3.229564,2.5281034,2.8382206,9.953112,2.66436,-1.5399829,2.2987282,1.0234641,3.054163,9.525089,-2.4431844,2.1354854,2.616913,6.2281375,-2.326147,-2.2192674,-0.18089417,7.063518,5.6010413
810,-2.6021948,-0.63059586,-2.96584,-0.85093164,1.1975467,0.86364174,0.6785643,8.871016,-1.358874,-0.5603059,-2.0435739,5.3741302,6.2761493,-1.325965,6.553486,1.8743097,-1.0635052,0.8650596,6.480103,-1.4072956,-2.2748077,2.9233696,3.7102847,4.118478,9.58211,0.47109082,-1.6541152,2.584032,1.9745975,3.7804391,8.807937,-2.2703085,3.1057613,3.9429677,5.437023,-3.2046382,-0.8675644,-0.5194045,6.9735336,5.2520337
811,-3.7007318,0.9728621,-2.40156,-0.57042295,1.3948281,1.3241472,1.4350762,8.7011175,-1.3462945,0.56499696,-1.5507333,4.92995,6.5992994,-0.37705487,6.809919,2.088095,-1.1893933,0.96742225,6.530703,-1.8354313,-1.4734747,2.6340053,4.8289833,5.6098137,8.2932625,-1.9004365,-0.9658034,2.6435542,2.983187,4.6733017,7.807807,-2.0813518,3.7366972,5.30223,3.9770832,-3.777196,0.44929188,-0.19511552,6.9190764,4.437356
812,-4.1129932,2.4434755,-1.5827842,-0.1343959,1.6537968,1.8145885,2.293029,8.4065485,-1.220164,1.5396883,-0.76719093,4.749909,6.981839,0.701953,6.827685,1.9016922,-1.3185515,1.0323786,6.5687547,-2.0118792,-0.63247436,2.52518,5.9011164,6.9070787,5.717923,-3.751325,0.07686433,2.7808645,3.9597504,5.5857935,6.431685,-2.0093417,4.0708165,6.3919883,1.9279305,-3.919129,1.3394588,0.7064688,6.995275,3.1934795
813,-4.005255,3.4068408,-0.5044892,0.31966135,1.9774026,2.3517013,3.2169662,7.950944,-1.0904781,2.3313208,0.22451518,4.834843,7.3848696,1.73816,6.54717,1.3583263,-1.321384,1.0508759,6.605098,-1.9293993,0.17685595,2.7056193,6.9448137,7.365684,2.0630074,-4.4848804,0.64735657,3.2242126,4.9600267,6.2539835,4.626604,-2.0121315,4.1449513,7.029265,-0.3775717,-3.5303643,1.5748389,1.8601646,7.091473,1.578166
814,-3.5346923,3.7431614,0.67200553,0.68796045,2.3345242,2.9621913,4.1563582,7.2841263,-1.0303967,2.9593468,1.388074,5.178983,7.745944,2.512587,5.922092,0.64579123,-1.1233151,1.0506916,6.645116,-1.6088586,0.88051,3.2101574,7.9164543,6.363564,-1.656468,-3.928474,0.31214425,3.7172358,6.098674,6.3456025,2.463547,-1.9170309,3.9875014,7.179914,-2.4664838,-2.558008,1.3177882,2.8891475,7.035128,-0.24794993
815,-2.792637,3.588767,1.7536992,0.9760806,2.6952848,3.6717854,5.037174,6.339208,-1.052688,3.4467103,2.7309136,5.779181,7.9295735,2.788555,5.028141,0.028268833,-0.7488478,1.0977209,6.6892734,-1.1057913,1.4346396,3.9973676,8.608834,3.7486796,-4.110316,-2.5908713,-0.3991148,3.9011705,7.3329062,5.589729,0.23446225,-1.5797706,3.6892211,6.9414325,-3.92595,-1.1000242,1.06446,3.6378782,6.7048798,-2.0209126
816,-1.8631759,3.2424884,2.634335,1.2628468,3.055206,4.4861693,5.741686,5.0566263,-1.1066539,3.7856839,4.274864,6.602742,7.675337,2.4251504,4.133899,-0.29378405,-0.29658225,1.2596986,6.7371426,-0.50313604,1.8451864,4.957159,8.632622,0.14670962,-4.5611935,-1.5067815,-0.79839224,3.7941499,8.3947,3.9325411,-1.5529385,-1.0773203,3.419355,6.4759226,-4.600361,0.5221853,1.2987367,4.215596,6.0109677,-3.4871974
817,-0.9206497,3.0083764,3.3224077,1.6131488,3.4318962,5.372914,6.09106,3.4443054,-1.0930474,3.9444706,6.003918,7.498369,6.6076465,1.5604758,3.57822,-0.2803843,0.14491695,1.5640233,6.790756,0.11207904,2.1598568,5.9272656,7.6169486,-3.2595916,-3.2076714,-1.1789885,-0.85472804,3.5847716,9.037092,1.6658973,-2.40754,-0.6951977,3.2948675,5.9320374,-4.621088,1.9101986,2.188138,4.7392716,4.850433,-4.492699
818,-0.24615939,3.031286,3.8967888,2.0384426,3.8509336,6.247466,5.866026,1.6548007,-0.9100895,3.928111,7.806228,8.067462,4.4453025,0.6922335,3.4768274,-0.004335376,0.54196066,1.9964164,6.8545284,0.67244774,2.4371576,6.725463,5.523216,-5.4610443,-0.9742181,-1.0880307,-0.73605484,3.3940432,9.207544,-0.6352588,-2.1293418,-0.5907705,3.2800596,5.4195476,-4.247759,2.8203075,3.578195,5.1104946,3.1574965,-4.9683385
819,-0.086125776,3.22141,4.462152,2.5262325,4.326001,6.960725,4.900632,0.010222638,-0.54200554,3.8490458,9.4661875,7.656673,1.4403719,0.4006424,3.628407,0.42803147,0.89343387,2.5243626,6.931901,1.1373072,2.7136989,7.1903887,2.7320952,-6.225925,0.9188607,-0.6229507,-0.45715755,3.3208003,8.989555,-2.4006116,-0.8860943,-0.53575903,3.3196802,4.9981885,-3.7086694,3.2379873,5.155157,5.03312,1.0595703,-4.8797174
820,-0.42915478,3.3505073,5.1229825,3.0928695,4.831009,7.2985425,3.2338967,-1.103626,-0.12545617,3.8838942,10.73589,5.718447,-1.4246274,0.7560193,3.8660579,0.89035887,1.2108673,3.1159222,7.0207686,1.4838171,2.9886005,7.215849,-0.18524317,-5.8957095,1.709208,0.20363125,-0.06801586,3.4299808,8.501554,-3.3432112,0.8561314,-0.11956773,3.4570117,4.6409655,-3.1584508,3.292409,6.5955873,4.2158036,-1.002554,-4.253442
821,-0.9575689,3.2612793,5.933031,3.801768,5.2675853,7.0282397,1.2112358,-1.4433255,0.15256819,4.104454,11.393803,2.3811007,-3.0043733,1.0949864,4.2337337,1.3156211,1.5096443,3.7497299,7.108251,1.6919696,3.2299483,6.7789536,-2.7101758,-4.8239617,1.4654096,1.0324324,0.38630572,3.7070923,7.844383,-3.5231597,2.5382576,0.8755171,3.714329,4.237396,-2.6901793,3.1374323,7.6704407,2.6385844,-2.419432,-3.297022
822,-1.3204814,2.9698722,6.8569584,4.7122746,5.433014,6.0258856,-0.6057997,-1.0698917,0.28369293,4.433241,11.272099,-1.391958,-2.698764,0.85138506,4.643352,1.7809273,1.799197,4.4088407,7.1655817,1.7353715,3.399261,5.9607835,-4.4951754,-3.256048,0.80092156,1.6363785,0.9433802,4.108973,7.0807223,-3.2157352,3.780357,2.3570008,3.9707453,3.650901,-2.3295884,2.8809764,8.299495,0.66444206,-2.7878354,-2.3777351
823,-1.3934346,2.5843978,7.8081956,5.7699637,5.0171013,4.4540787,-1.733362,-0.3381818,0.46095642,4.8095217,10.352941,-4.341849,-0.6938611,0.54358983,4.932341,2.3878365,2.0967128,5.066457,7.142792,1.5890166,3.4840775,4.9303718,-5.4400187,-1.5030999,0.36444244,2.0452187,1.6331892,4.59517,6.223056,-2.7241936,4.491317,4.056287,4.0103717,2.8075953,-2.0284033,2.5798728,8.539589,-1.1433504,-2.1197588,-1.7316267
824,-1.2206011,2.218444,8.70275,6.7033176,3.7316475,2.849863,-2.0520768,0.35051715,0.83897454,5.257751,8.803367,-5.8072176,1.9581436,1.2502164,5.155284,3.0245707,2.4304142,5.688308,6.9658623,1.2534363,3.5183215,3.8760886,-5.6886787,0.059915476,0.47882614,2.3846843,2.428871,5.105332,5.2418323,-2.2540843,4.769655,5.6893244,3.6325316,1.7892067,-1.7006998,2.2763247,8.523038,-2.319848,-0.745761,-1.2836379
825,-0.87836397,1.9759653,9.481281,7.045447,1.6313984,1.9187478,-1.8084655,0.8384885,1.4120152,5.778729,6.8431377,-6.0906496,3.912802,3.255157,5.301703,3.3810234,2.818848,6.2520714,6.547998,0.77729976,3.5689218,2.9309258,-5.500462,1.1678985,1.1105367,2.739255,3.2712128,5.536281,4.0982304,-1.8778974,4.758568,7.0351043,2.7522774,0.8508609,-1.2985597,2.0313432,8.387082,-2.674119,0.871601,-0.821219
826,-0.45698836,1.9324532,10.114388,6.3732567,-0.6854052,2.0219567,-1.275529,1.1989691,2.1135352,6.283505,4.6119046,-5.8868856,4.461456,5.8599334,5.2101345,3.2165139,3.2723312,6.760896,5.813762,0.25636283,3.69285,2.1491585,-5.1043167,1.7508812,2.0521798,3.1639304,4.088934,5.7419276,2.7946007,-1.5605118,4.5773444,7.9616528,1.4825948,0.3053323,-0.8521546,1.9156749,8.228855,-2.289602,2.3130698,-0.24288692
827,-0.049875747,2.103865,10.577382,4.609268,-2.4280086,2.8113425,-0.46587884,1.5258812,2.890152,6.6064615,2.1760356,-5.5842967,3.611174,8.148477,4.929341,2.5742254,3.7757175,7.2277255,4.7219324,-0.19320048,3.8988357,1.5310569,-4.6378374,1.8804706,3.0912848,3.7301593,4.798156,5.556859,1.4249432,-1.2204393,4.329659,8.439399,0.12106469,0.33966053,-0.40507156,1.97099,8.100177,-1.4147512,3.3333535,0.3850627
828,0.2970377,2.4547093,10.806612,2.0792847,-3.1615148,3.517507,0.6647234,1.842306,3.675068,6.5405297,-0.3295933,-5.0752354,1.7377696,9.503565,4.8266296,1.6811577,4.2503157,7.6353183,3.2946959,-0.46399742,4.144498,1.053266,-4.1591053,1.6847713,4.078084,4.5136833,5.2791204,4.8505263,0.18832144,-0.81239563,4.126207,8.531255,-1.0006126,0.9127767,0.081513055,2.2028384,8.024074,-0.33747885,3.8795743,0.933961
829,0.6011365,2.9370081,10.694433,-0.6713927,-2.8591053,3.6482117,1.9256313,2.1711326,4.3695617,5.914713,-2.5666318,-4.009576,-0.4578385,9.725489,5.253893,0.7066363,4.5966873,7.929896,1.6483356,-0.47733453,4.371454,0.6808062,-3.6808333,1.2958483,4.9215293,5.5349503,5.3422003,3.620222,-0.6711254,-0.38406748,4.0630646,8.347867,-1.6899028,1.8020337,0.71986955,2.6085591,8.001075,0.6886366,4.0175767,1.3283855
830,0.9100776,3.513548,10.134281,-3.0778334,-1.6783075,3.3739085,3.0298111,2.5959787,4.871923,4.7020493,-4.1009693,-2.3077142,-2.0411687,9.066808,6.105767,-0.2443534,4.7906303,8.06572,-0.022182178,-0.20241068,4.5548773,0.3679384,-3.1967008,0.82926226,5.5655656,6.6927595,4.744147,2.0955894,-0.99352133,-0.030683499,4.1680183,7.999615,-1.9459372,2.7385,1.6048884,3.18705,7.995647,1.4632167,3.8599057,1.5860153
831,1.2668701,4.1512613,9.0773325,-4.740117,0.020707663,3.3105009,3.8691545,3.149863,5.078647,3.0651655,-4.7314286,-0.4418241,-2.4161544,8.1183405,6.9015822,-1.0293279,4.9005976,8.029507,-1.5190132,0.32953224,4.727826,0.0629616,-2.692376,0.37924752,5.980272,7.7447925,3.3353975,0.7509834,-0.8327961,0.228657,4.3991365,7.5735416,-1.8884604,3.526565,2.7623553,3.9261591,7.911487,1.8445426,3.5442035,1.788995
832,1.6983932,4.8000298,7.5553584,-5.596321,1.6221004,3.9471025,4.5141034,3.6814249,4.8761168,1.311822,-4.6198325,0.96367717,-1.7167342,7.4016747,7.26667,-1.5523964,5.0009365,7.8265343,-2.71191,1.0268996,4.956852,-0.2798393,-2.1462257,0.019820979,6.1751676,8.395056,1.2870526,0.10781265,-0.442116,0.47748473,4.710611,7.1205187,-1.6654799,4.085385,4.1647606,4.7832623,7.5703197,1.7780408,3.2328157,2.0303154
833,2.2168908,5.373104,5.652416,-5.889283,2.5093334,5.2551155,5.054507,3.8918824,4.2285104,-0.19653867,-4.0935736,1.6603253,-0.4694816,7.1091967,7.091271,-1.8485456,5.1107693,7.4771643,-3.5569928,1.7578126,5.2899156,-0.68468595,-1.5287216,-0.19025497,6.213916,8.460465,-0.8747599,0.41310185,-0.023234162,0.7911729,5.088163,6.6473417,-1.4033213,4.42265,5.7602115,5.639418,6.725466,1.3524867,3.0765429,2.3770902
834,2.8168504,5.7350483,3.4743438,-5.8888545,2.3580275,6.7690315,5.558259,3.5038493,3.3067522,-1.1842079,-3.4351683,1.7997268,0.88104206,7.2006073,6.385558,-2.0182908,5.2064543,7.0229697,-4.0814734,2.3892915,5.7213197,-1.1368372,-0.80941176,-0.19762254,6.2030544,7.9610186,-2.5781476,1.4765321,0.49953616,1.1890738,5.524655,6.1248527,-1.18946,4.584784,7.469383,6.2225556,5.1706257,0.8354734,3.1328793,2.8668537
835,3.4616928,5.706341,1.1855471,-5.643442,1.2059296,7.875321,6.098436,2.433747,2.4712536,-1.5972693,-2.800197,1.658276,2.1173787,7.535805,5.171889,-2.1305535,5.245441,6.5200324,-4.3528585,2.8290892,6.2008266,-1.5708565,0.02263526,0.056414083,6.252551,7.0405173,-3.5620923,2.8013923,1.350662,1.6756905,5.9853606,5.5006523,-1.0660071,4.6157217,9.148775,6.0885506,2.9819071,0.5798344,3.3369012,3.5064957
836,4.0555854,5.11528,-0.9129847,-4.991774,-0.5389753,8.081768,6.7130136,0.88090664,2.0894008,-1.5868826,-2.219949,1.4465902,3.1790137,7.917348,3.4878082,-2.1672292,5.178871,6.01853,-4.443622,3.0431354,6.6730757,-1.8812459,0.9319104,0.63365704,6.4254255,5.819095,-3.929255,3.880254,2.626985,2.2495568,6.380547,4.715809,-1.0244335,4.538847,10.568281,4.831117,0.72229934,0.7434508,3.6300335,4.2584944
837,4.4076743,3.9215887,-2.4200711,-3.849918,-2.1807468,7.294241,7.3328753,-0.68598175,2.351919,-1.3291335,-1.6637822,1.283817,4.0749965,8.114262,1.4484162,-2.025424,4.977376,5.539875,-4.408559,3.042582,7.1094747,-1.959391,1.8282424,1.5701697,6.687075,4.3170905,-3.9339077,4.403513,4.226536,2.9104295,6.556124,3.7379758,-1.0036788,4.368958,11.476253,2.504645,-0.7641369,1.079969,4.060277,5.0668
838,4.255894,2.3457468,-3.0769851,-2.464426,-3.1409266,5.898387,7.840111,-1.699699,3.1651251,-0.88511723,-1.1131312,1.2343874,4.840821,7.9082294,-0.70725167,-1.5919374,4.685601,5.066457,-4.287065,2.857659,7.5113287,-1.7332269,2.598746,2.826852,6.8649445,2.4954927,-3.751275,4.2686005,5.9394546,3.6758337,6.310562,2.603265,-0.90813386,4.1466846,11.745382,-0.19540551,-0.9152395,1.265633,4.6265388,5.885116
839,3.4040308,0.8523974,-2.9843743,-1.2241335,-3.3333843,4.4190593,8.2141075,-1.7980586,4.1710286,-0.2733606,-0.6020373,1.3252406,5.515633,7.1505494,-2.6604474,-0.874656,4.4537077,4.552885,-4.1237335,2.5158737,7.8930483,-1.1800026,3.1654298,4.250696,6.654713,0.40046626,-3.3768642,3.5296874,7.5158324,4.5413284,5.433664,1.4506427,-0.66197276,3.9610784,11.454396,-2.3429742,0.1959725,1.4717501,5.2306194,6.5969095
840,1.8960043,-0.05365704,-2.5126553,-0.29594165,-3.019818,3.1701798,8.52265,-0.977622,4.9480624,0.36813506,-0.19285665,1.5422833,6.1152444,5.8014164,-4.143625,-0.097964995,4.451438,3.9492548,-3.9769857,2.0296242,8.262018,-0.30605584,3.521832,5.5826993,5.7362804,-1.672343,-2.7142072,2.4357953,8.712181,5.377047,3.803285,0.5300448,-0.28034854,3.921222,10.808268,-3.4053204,1.9275275,2.2393386,5.8639345,6.901495
841,0.11555451,-0.104072705,-1.9936014,0.39537394,-2.470372,2.2489357,8.817723,0.49828863,5.2050066,0.79842603,0.10416707,1.8472321,6.611207,3.936747,-5.0320096,0.36603785,4.696167,3.2336802,-3.888063,1.394313,8.598709,0.8850752,3.7126665,6.5232673,4.0115724,-3.2130668,-1.8248858,1.4264905,9.415297,5.8606086,1.5655136,0.13699166,0.13693587,4.085291,10.002408,-3.4780347,3.4945831,3.830584,6.5285053,6.346934
842,-1.2941964,0.5112261,-1.4899225,0.9639957,-1.8389503,1.6590332,9.106104,2.2343926,4.7985163,0.87157625,0.36160487,2.214968,6.9335217,1.7350577,-5.285933,0.22482453,4.995496,2.4690795,-3.838515,0.60831743,8.834895,2.4002044,3.7644982,6.8299494,1.7877326,-3.8253133,-1.0305853,0.84782815,9.733482,5.6218443,-0.77751315,0.41663653,0.56609714,4.432849,9.1555395,-3.0177038,4.465757,6.0132194,6.940083,4.584678
843,-1.7912257,1.2237357,-0.90114355,1.4478575,-1.2011179,1.3740481,9.383118,3.7802255,3.6945188,0.6921341,0.6608354,2.650703,6.990054,-0.5322181,-4.8326116,-0.51302844,5.107196,1.8238792,-3.7675076,-0.2822158,8.844676,4.2073035,3.617083,6.4171524,-0.33468312,-3.504336,-0.59761184,0.68117636,9.863117,4.5382223,-2.6193633,1.1438552,1.1762064,4.932214,8.282662,-2.4676707,4.8508816,8.294614,6.453695,1.8348713
844,-1.4246328,1.6391395,-0.23168626,1.8329421,-0.5996862,1.3538815,9.656797,4.701875,2.0285707,0.56260246,1.018037,3.1669765,6.692916,-2.5231245,-3.5970047,-1.4699429,4.967272,1.4566939,-3.6475194,-1.1602453,8.479349,6.1472793,3.13396,5.4484715,-1.8174822,-2.5872693,-0.4481498,0.71559095,9.913876,2.8301303,-3.6258287,1.792821,2.1314285,5.5751243,7.27279,-2.0961611,4.8444996,10.1467495,4.4933558,-0.83773
845,-0.88702404,1.8571265,0.4368152,2.1237714,-0.051799804,1.5564954,9.93354,4.693818,0.17945015,0.73273134,1.4317244,3.743657,5.992912,-3.92317,-1.7175508,-2.0665302,4.757224,1.3595505,-3.513324,-1.8849715,7.64956,7.9230585,2.2600687,4.3489285,-2.4814749,-1.5035037,-0.3299389,0.8401512,9.904046,0.8854095,-3.7829878,1.9330539,3.3250139,6.313258,5.9290533,-1.9891139,4.5934987,11.194216,1.3189338,-2.1119637
846,-0.6589851,2.0582194,1.091206,2.3455606,0.44691205,1.9483564,10.181429,3.6882508,-1.3386885,1.1572934,1.9690838,4.321559,4.903647,-4.605353,0.33801177,-1.865941,4.711601,1.3577005,-3.407114,-2.3622797,6.396682,9.264096,1.2259262,3.5877833,-2.4991953,-0.5280915,-0.09189616,1.070671,9.817079,-0.9267309,-3.185338,1.5525807,4.436294,7.0129395,4.0977325,-2.0586653,4.137929,11.402805,-1.8454416,-1.4186028
847,-0.32166842,2.2985587,1.7425444,2.5185275,0.9096768,2.5038073,10.302154,1.8873147,-2.1136644,1.5282212,2.6896124,4.8179746,3.4873278,-4.687007,1.9940416,-0.8173356,4.858583,1.2239122,-3.3147247,-2.5686338,4.8854647,10.115589,0.50310326,3.3243783,-2.1433482,0.26920545,0.28327242,1.4488132,9.618581,-2.3214712,-1.9487686,1.0462564,5.230844,7.4574714,1.8251395,-2.058543,3.4864347,11.083678,-3.6986082,0.71896607
848,0.6869789,2.5698576,2.3396149,2.6559355,1.3553673,3.195227,10.1358795,-0.29251415,-1.9597608,1.6084889,3.5013108,5.1302595,1.8402927,-4.395047,2.894054,0.7788491,5.005959,0.7821913,-3.140442,-2.5382147,3.3290455,10.610783,0.47368017,3.299152,-1.6198195,0.90410846,0.7652021,1.990306,9.261783,-3.1335232,-0.30891922,0.93277586,5.7609863,7.389472,-0.58086616,-1.6901046,2.752983,10.637574,-3.7498329,3.0984538
849,2.1723702,2.7284408,2.7832575,2.780896,1.8129799,3.980098,9.509745,-2.337429,-0.9304482,1.547714,4.232728,5.150991,0.11427696,-3.8930635,3.0131845,2.4753737,4.9376645,0.011395247,-2.7491336,-2.340909,1.9163942,10.888854,1.1677383,3.0728993,-1.0891566,1.3948327,1.3266904,2.6793885,8.705571,-3.3749614,1.3542085,1.5291467,6.2353578,6.5804367,-2.6726575,-0.8440486,2.2472658,10.285248,-2.3930798,4.7352476
850,3.490422,2.671551,3.0356903,2.9427207,2.3191311,4.786918,8.314646,-3.8278213,0.6197304,1.8123103,4.8259597,4.7662816,-1.4790182,-3.2375236,2.5783505,3.897705,4.56814,-0.9154989,-2.0731044,-2.0469174,0.7768512,10.994802,2.2664552,2.3303692,-0.6593272,1.7660018,1.958044,3.4748256,7.9254704,-3.232636,2.6843727,2.8324947,6.6943855,4.88109,-4.0784645,0.17824487,2.3205483,10.054281,-0.43953937,5.41233
851,4.2632594,2.483556,3.1689155,3.1936312,2.9030557,5.499786,6.5603085,-4.63174,2.06776,2.7546408,5.293512,3.8400574,-2.700397,-2.4727669,1.9344705,4.886244,3.95487,-1.7453696,-1.1800073,-1.6919566,-0.02380986,10.924979,3.2822928,1.0412527,-0.30759138,2.0591066,2.6627483,4.3119693,6.9008765,-2.9573977,3.509922,4.603124,6.826008,2.3337405,-4.612334,0.77693427,2.97773,9.952412,1.3515264,5.3969083
852,4.543513,2.3232188,3.279773,3.5601642,3.5682535,5.948679,4.37469,-4.8837104,2.8207433,4.2705383,5.5117273,2.3022342,-3.3245795,-1.7440543,1.3873353,5.496244,3.2113047,-2.3060777,-0.22651567,-1.2792169,-0.4712596,10.713124,3.7942135,-0.5367971,0.08182282,2.3364298,3.4413843,5.0925403,5.599659,-2.7276156,3.830985,6.4655128,6.0850124,-0.59475857,-4.2456326,0.5803379,3.7475429,10.07208,2.5661724,4.978129
853,4.5737333,2.3077872,3.4230103,4.0421576,4.271814,5.9224496,1.9929422,-4.747061,2.623853,5.8555655,5.258106,0.3506533,-3.2274046,-1.2470918,1.0631913,5.872001,2.4267068,-2.557552,0.63630277,-0.80570924,-0.58850753,10.450665,3.615787,-2.005203,0.54459584,2.6957185,4.286404,5.6629233,3.9988873,-2.5756528,3.718006,7.9988117,4.143647,-2.9728365,-3.2048607,-0.12003589,4.1222053,10.492135,3.1696408,4.3152194
854,4.5716605,2.4970036,3.618378,4.615712,4.8985844,5.235144,-0.22429799,-4.2648063,1.6483359,6.9690995,4.503345,-1.5209416,-2.5044425,-1.017707,0.916693,6.1266785,1.6593875,-2.5415723,1.3187224,-0.27640542,-0.41889203,10.233065,2.799428,-3.037433,0.94049704,3.2280917,5.1887107,5.7994456,2.1555939,-2.3960207,3.268219,8.908446,1.3749299,-3.9510052,-2.1005142,-0.70610255,4.022008,11.113537,3.303366,3.5012472
855,4.6569004,2.917007,3.8745997,5.2223454,5.2504644,3.8646467,-1.8413647,-3.4739053,0.3815527,7.417783,3.5204914,-2.865792,-1.4532415,-0.8769747,0.8814762,6.315759,0.95577717,-2.322528,1.7993064,0.29808336,-0.005579504,10.096684,1.5271372,-3.4740517,1.0587689,3.9119906,6.1163783,5.245266,0.29102135,-2.0426512,2.6412277,9.192101,-1.2864751,-3.3633497,-1.4493663,-0.9273956,3.673078,11.72678,3.092027,2.6485136
856,4.855862,3.5769188,4.1952024,5.7487874,5.098437,2.0834875,-2.5670002,-2.5638647,-0.6728891,7.4000115,2.6178203,-3.5808172,-0.38620642,-0.62556225,0.9554967,6.4598923,0.34644058,-1.9576329,2.1074145,0.9083214,0.6214281,9.991531,0.02311376,-3.2582524,0.8184332,4.5800247,6.9624057,3.8461742,-1.2056736,-1.5010337,2.0662189,9.084511,-3.0265074,-1.6605958,-1.1442347,-0.87327224,3.2900803,12.188411,2.6180704,1.8978626
857,5.1401668,4.467692,4.5606227,6.0162697,4.3225293,0.40296003,-2.468265,-1.7689586,-1.2859795,7.214472,1.9140444,-3.8109155,0.50646645,-0.18400662,1.1662114,6.5598145,-0.16282646,-1.4893316,2.3002193,1.5508982,1.4415799,9.789359,-1.4651493,-2.3724866,0.39622232,5.04756,7.5339613,1.7428575,-1.9293112,-0.9659349,1.7253625,8.834319,-3.570883,0.45598888,-0.76836056,-0.6218253,3.0256157,12.453771,1.9589502,1.3721964
858,5.4833407,5.547911,4.885123,5.8131127,3.0634437,-0.7101426,-1.9113886,-1.1610105,-1.4940954,7.04015,1.3865081,-3.7366803,1.1539376,0.42953438,1.5295742,6.596216,-0.5861908,-0.94816536,2.4452522,2.2301066,2.4240537,9.318673,-2.6858919,-0.90676016,0.18023509,5.3070974,7.6331887,-0.5841353,-1.6781151,-0.62712854,1.6291951,8.581022,-3.0983682,2.3478181,-0.1318503,-0.24140184,2.9912415,12.52964,1.182092,1.1416931
859,5.9101143,6.72178,4.96203,5.009491,1.7289337,-1.1095487,-1.2760528,-0.67383784,-1.4123001,6.937156,0.9774429,-3.4857197,1.5563977,1.1614605,2.0442212,6.5269213,-0.9467509,-0.35964978,2.6114035,2.9571967,3.499753,8.422289,-3.4692748,0.8320721,0.5545341,5.547431,7.136378,-2.5612674,-0.5804752,-0.38615575,1.6985669,8.3869295,-1.9748212,3.6583524,0.63916063,0.15735364,3.2115855,12.427717,0.34126252,1.2217727
860,6.5111837,7.8068743,4.4622493,3.7431793,0.77759963,-0.9884413,-0.73586255,-0.2405256,-1.1288371,6.9096236,0.6350574,-3.130916,1.7497587,1.9572673,2.6948926,6.2882056,-1.2671651,0.24756959,2.865285,3.7475414,4.5351367,7.0151296,-3.8151789,2.378664,1.6771314,5.910815,5.966701,-3.8417525,0.9128451,0.07274761,1.9290715,8.273095,-0.5758437,4.3312798,1.3143563,0.5081553,3.6303093,12.139063,-0.50219226,1.5750927
861,7.4009495,8.491404,3.093522,2.519248,0.41577122,-0.6486126,-0.28532612,0.16390821,-0.6968255,6.9386315,0.31903633,-2.707154,1.7867346,2.7717378,3.447117,5.801932,-1.560871,0.83291256,3.2676363,4.612661,5.315713,5.117521,-3.847582,3.3257978,3.4033573,6.25644,4.0738835,-4.385147,2.1867,0.95619166,2.3765295,8.222874,0.76988703,4.4740267,1.7594674,0.8330309,4.181031,11.635,-1.2871721,2.1033545
862,8.61182,8.322624,0.92235714,1.9789923,0.51478595,-0.27434173,0.12094253,0.5462502,-0.15014923,6.993,0.000818081,-2.2253203,1.7286605,3.5694194,4.2338324,4.992124,-1.8205607,1.3358347,3.8630095,5.5385013,5.549537,2.8871257,-3.6638348,3.4888358,5.3295403,6.1879315,1.5815324,-4.3069944,2.749337,2.1810079,3.0774698,8.180527,1.792109,4.240226,1.9977523,1.1944184,4.827782,10.8712,-1.9967961,2.6496863
863,9.982494,6.863659,-1.4322414,2.3529334,0.9035346,0.06924228,0.50497144,0.9142515,0.48618808,7.033094,-0.3349651,-1.6830964,1.643528,4.324622,4.9435625,3.8164573,-2.0051274,1.6764531,4.655534,6.4412346,4.9270563,0.67771953,-3.2706969,2.9608462,6.948272,5.351104,-1.0191371,-3.7513523,2.502466,3.4604938,4.0702534,8.039785,2.2853012,3.8075352,2.1570797,1.644308,5.550064,9.778435,-2.6819756,3.0235682
864,11.172252,4.1019926,-3.1030736,3.1041374,1.5994145,0.33232728,0.8688364,1.2815565,1.191776,7.012418,-0.6893142,-1.0755613,1.6059537,5.0240006,5.42258,2.3112764,-2.0347488,1.7825576,5.5748334,7.1180058,3.296458,-0.96692246,-2.707998,2.0836747,7.9451995,3.7800148,-3.0167325,-2.933993,1.7803211,4.5280232,5.3830366,7.6276937,2.1374784,3.3925004,2.3805532,2.2134898,6.301498,8.250803,-3.4212804,3.025733
865,11.874389,0.7782356,-3.532476,3.396005,2.533837,0.47801352,1.2044095,1.6686729,1.9483898,6.8787146,-1.0501527,-0.40716493,1.6949824,5.667485,5.4996676,0.6297015,-1.8137615,1.6542861,6.47106,7.2700386,0.9102252,-1.5393562,-2.157121,1.2460914,8.378031,1.8925295,-3.9644032,-2.1532948,1.0392649,5.2845535,6.9110703,6.700855,1.4188291,3.2018642,2.7723346,2.9189606,6.9621162,6.1653643,-4.217389,2.4533043
866,12.050084,-1.8242266,-2.6873686,3.065031,3.3936577,0.57021654,1.5074462,2.0990393,2.7363086,6.575564,-1.3970622,0.2964929,1.9863713,6.256755,5.0298834,-0.9663112,-1.3008324,1.4262433,7.192726,6.66574,-1.5468477,-0.9284441,-1.7393327,0.6508852,8.496595,0.16149281,-3.8822114,-1.6115346,0.51472706,5.7653117,8.361233,5.0328307,0.46706393,3.2961779,3.405057,3.7571032,7.292561,3.4890418,-4.8641453,1.1241306
867,11.874054,-2.540138,-1.1109556,2.7458797,3.9776828,0.71217686,1.7815073,2.588453,3.5258684,6.0463047,-1.7070886,0.9814176,2.536629,6.762573,3.9423728,-2.1827676,-0.6007924,1.3288915,7.6957006,5.3100443,-3.3652241,0.43001926,-1.2964513,0.35200244,8.497705,-1.1087468,-3.0501437,-1.2889049,0.21831481,6.0492764,9.359446,2.6360383,-0.19902058,3.5164154,4.3167834,4.669719,6.930198,0.4969198,-4.898233,-0.9579517
868,11.415975,-1.0386598,0.18268102,2.878878,4.335169,0.89106965,2.0336766,3.1420536,4.265972,5.24362,-1.9563303,1.5675303,3.3566651,7.080913,2.283082,-2.7951047,0.031177428,1.522288,8.026183,3.407291,-4.257078,1.8064892,-0.60044014,0.37373412,8.464461,-1.8139147,-1.8013741,-1.0305942,0.11102019,6.222516,9.62595,-0.08277868,-0.16579035,3.6918411,5.4375834,5.4696264,5.5410323,-2.0919213,-3.8963242,-3.25654
869,10.563685,1.829474,0.44015306,3.207826,4.597479,1.0438105,2.2765274,3.7597995,4.875003,4.146857,-2.1139205,1.9650711,4.3795953,7.019831,0.2561644,-2.6998484,0.3590938,1.9590458,8.196735,1.2204998,-4.3258395,2.6274853,0.36162117,0.70265055,8.394589,-2.0054963,-0.4392853,-0.70159554,0.17829725,6.3745527,9.089673,-2.5055072,0.5945076,3.9738097,6.585742,5.758062,3.182053,-3.4880404,-2.1079407,-4.760653
870,9.347649,4.6185184,-0.2396343,3.4592762,4.919819,1.1648767,2.5205462,4.432281,5.23894,2.7882648,-2.132805,2.1088142,5.448613,6.375852,-1.7646667,-1.9411113,0.3942271,2.4555728,8.151728,-0.96546614,-3.7541447,2.7402804,1.4109415,1.3006228,8.237366,-1.8336221,0.80691266,-0.25464678,0.4093796,6.576098,7.8623805,-4.217667,1.6461387,4.761436,7.5650873,4.995132,0.5550814,-3.5538096,-0.41769242,-4.9503284
871,8.051881,6.4421988,-1.22909,3.7033482,5.4125323,1.2637953,2.7659922,5.128785,5.2262983,1.2833902,-1.9550191,2.006034,6.3668694,5.0930886,-3.3476992,-0.7780616,0.42036182,2.9059353,7.833697,-2.8469224,-2.6641397,2.3999724,2.357101,2.1384194,7.926818,-1.4990457,1.8170055,0.29528165,0.7819005,6.842343,6.114366,-5.2215137,2.3114533,6.1839366,8.097351,2.8602586,-1.2736244,-2.9249341,0.66021603,-4.2244515
872,6.9826856,7.2720895,-2.0016334,4.0090547,6.093587,1.321373,3.0040085,5.7923493,4.730922,-0.16067456,-1.5533836,1.768801,7.002869,3.3527915,-4.2260294,0.33701524,0.7307435,3.3585026,7.209574,-4.1912994,-1.2166252,2.0819628,3.1298645,3.1592696,7.400624,-1.1930317,2.581006,0.9268763,1.2737089,7.115191,3.9794917,-5.735846,2.0599282,7.77223,7.7552,-0.22751123,-1.5276875,-2.3704844,1.2955921,-3.1381423
873,6.3079033,7.4110503,-2.3942635,4.299503,6.908244,1.3154757,3.221039,6.346482,3.734815,-1.2952278,-0.99353856,1.5792322,7.351545,1.46345,-4.390827,1.0006806,1.3671138,3.8838835,6.2493496,-4.9402413,0.27858472,2.2016423,3.7914004,4.226476,6.604013,-1.0235242,3.1529748,1.647017,1.8708702,7.2655306,1.5771184,-5.8283205,0.77088743,8.732256,6.447737,-3.0868826,-0.28898057,-2.0075932,1.7868571,-1.933247
874,6.052662,7.0915575,-2.5083,4.4723816,7.767276,1.2538381,3.4045267,6.7130723,2.3517427,-1.9262182,-0.4369964,1.5814772,7.4787745,-0.3118805,-3.956491,1.0988382,2.1381154,4.467314,4.9344077,-5.2088814,1.4276464,2.894914,4.4605894,5.122697,5.49652,-0.9729326,3.5839293,2.4858434,2.553238,7.106494,-0.8631515,-5.2569513,-1.1770078,8.612262,4.8698936,-4.792613,1.5513579,-1.3156914,2.2493048,-0.6755165
875,6.1320796,6.4050694,-2.5186367,4.4708114,8.595202,1.1808318,3.5463233,6.8362613,0.8099243,-1.9831791,-0.03539768,1.7937099,7.4312572,-1.800219,-3.02638,0.8268877,2.8195078,5.019665,3.296265,-5.1713037,1.9270475,3.9990952,5.2454085,5.580772,4.0900173,-0.9225647,3.8854654,3.4620004,3.2597415,6.442472,-2.923598,-3.7468944,-2.9844213,7.678275,3.8094478,-5.3889127,3.1117413,0.029698698,2.6098785,0.55203664
876,6.391392,5.3726497,-2.5429404,4.264031,9.356099,1.1692917,3.638652,6.699794,-0.62276864,-1.5206403,0.19489807,2.136356,7.2207747,-2.8796704,-1.7135386,0.54772866,3.322793,5.4181437,1.4435074,-4.914952,1.676543,5.171505,6.201202,5.3256016,2.515438,-0.73791414,4.059266,4.542096,3.8499713,5.1813774,-4.178358,-1.5145555,-3.8410125,6.6400003,3.3545356,-5.3439784,4.040155,1.8561392,2.7597291,1.6173573
877,6.662212,4.0290213,-2.5936592,3.8207488,10.040903,1.3123552,3.6610014,6.328316,-1.7262225,-0.6894231,0.3861825,2.5357587,6.8577237,-3.4845276,-0.21648507,0.60009557,3.719771,5.5326242,-0.43805653,-4.378031,0.81631124,6.020313,7.2617373,4.1709313,1.0691284,-0.37988,4.162547,5.630232,4.0999703,3.4538248,-4.5250397,0.6895434,-3.4574015,6.0433836,3.1369817,-5.018798,4.3380322,3.797094,2.7158515,2.424206
878,6.8024797,2.4721668,-2.5890906,3.1246674,10.636138,1.7074057,3.5598338,5.7769036,-2.383497,0.2972617,0.715721,2.9778802,6.357122,-3.6491919,1.1984842,1.1530273,4.124712,5.239469,-2.1066723,-3.439952,-0.26918963,6.2690153,8.19489,2.2160747,0.1611717,0.047606006,4.3083754,6.601973,3.7713037,1.6234154,-4.2309923,2.2050705,-2.1301444,5.925646,2.8006854,-4.6299148,4.1154366,5.559681,2.6235669,2.961956
879,6.7106743,0.87467134,-2.399014,2.2331612,11.101564,2.404913,3.2342799,5.1267586,-2.5834367,1.2213782,1.2910079,3.4720376,5.7165895,-3.5056794,2.3045287,2.1805608,4.552543,4.438342,-3.3169055,-2.12717,-1.0784183,5.9596496,8.726559,-0.026937474,0.109985195,0.44448885,4.573945,7.3304543,2.7465487,0.16609544,-3.6731012,2.8999074,-0.37056404,6.024552,2.1256592,-4.27269,3.4791899,6.999945,2.6781754,3.2667556
880,6.3345327,-0.5383643,-1.9207338,1.3330802,11.38339,3.3151975,2.5640745,4.5021014,-2.3816626,1.9351333,2.107219,3.9937327,4.906602,-3.217127,2.992534,3.525511,4.864941,3.1077778,-3.9118662,-0.7328998,-1.2812679,5.445895,8.754969,-1.8846921,0.89389896,0.94649446,4.973959,7.6624804,1.1574347,-0.5080954,-3.1209452,3.0234282,1.4183886,6.07564,1.0410906,-3.9091609,2.5127177,8.068124,3.0582125,3.3535082
881,5.6926517,-1.5501688,-1.1688912,0.7083565,11.47314,4.1456804,1.5121408,4.080953,-1.8509799,2.4088538,3.0764098,4.4634223,3.8889587,-2.9011185,3.2634041,4.9677277,4.819759,1.3930018,-3.89428,0.34646222,-0.8972434,5.0875273,8.36901,-2.9745271,2.1164212,1.8633838,5.520683,7.391383,-0.61113864,-0.23145173,-2.6355143,2.891104,3.0242107,5.8750014,-0.35103163,-3.393468,1.3383603,8.731379,3.8610747,3.173307
882,4.912843,-2.0368693,-0.30102766,0.5904334,11.453817,4.4874225,0.23894161,4.020095,-1.0385156,2.7159395,4.0807557,4.754089,2.6590805,-2.589195,3.181521,6.2734,4.207725,-0.35870203,-3.4163609,0.9122748,-0.17802422,5.027871,7.69787,-3.3513331,3.2583487,3.3673084,6.154065,6.2829075,-2.0803409,0.7909932,-2.061845,2.7397668,4.359418,5.2650356,-1.7832174,-2.5779264,0.20527188,8.9657545,5.0100217,2.6314952
883,4.24733,-2.0140927,0.48534593,1.0231951,11.440794,4.0235295,-0.92508423,4.2946715,0.05276983,2.9660394,5.002697,4.7140083,1.2976435,-2.2386727,2.8509076,7.2565994,3.0222697,-1.7080274,-2.7269206,1.066595,0.6258015,5.238861,6.8186083,-3.3152132,3.970439,5.336262,6.5716004,4.211551,-2.8891397,2.000953,-1.2042934,2.7135437,5.385383,4.172842,-2.9168398,-1.4837611,-0.53697443,8.837876,6.202101,1.6920682
884,3.9769967,-1.5859567,1.0891718,1.8839972,11.447773,2.6724532,-1.6514931,4.643286,1.4117242,3.2453737,5.7196765,4.219254,-0.0033677558,-1.7967844,2.4182475,7.848518,1.5153011,-2.3414137,-2.0838242,1.0458895,1.3901807,5.629685,5.7489223,-3.1675053,4.1534915,7.413272,6.2230597,1.43812,-2.930273,2.7989225,-0.067040645,2.8665075,6.0643296,2.6611466,-3.5057406,-0.37366182,-0.65040785,8.5573225,7.0326433,0.4949622
885,4.215887,-0.833565,1.5266578,2.9947677,11.310491,0.6081677,-1.7286632,4.7638288,2.925909,3.6071503,6.093784,3.2549806,-0.9888517,-1.2808926,2.0519419,8.108121,0.05491203,-2.2032938,-1.621779,1.0206379,2.0990314,6.091188,4.4668913,-3.0739543,3.8543954,9.149504,4.6690555,-1.2179551,-2.421811,2.9944575,1.1471075,3.205412,6.3381987,0.92276126,-3.4883363,0.42404386,-0.19148955,8.370224,7.223836,-0.6775588
886,4.810926,0.22817622,1.859201,4.18167,10.73583,-1.7584965,-1.0776423,4.628744,4.3883357,4.068631,5.984835,1.9711307,-1.4634718,-0.78807193,1.8718792,8.149334,-1.0698102,-1.4505993,-1.2927048,1.0562097,2.7774518,6.500239,2.9479039,-3.030478,3.1594353,10.219925,2.1400228,-2.7573097,-1.8759425,2.845687,2.2796316,3.7205718,6.1306877,-0.78466606,-2.9451969,0.7782634,0.568451,8.405282,6.714238,-1.5811213
887,5.449083,1.5856602,2.143972,5.2709827,9.463201,-3.880592,0.13378215,4.618576,5.640425,4.5262036,5.2919397,0.6624719,-1.4047495,-0.4001463,1.8979675,8.063632,-1.727424,-0.34101084,-0.9490638,1.1729832,3.4512908,6.717872,1.2233126,-2.8868551,2.1812017,10.617881,-0.40499508,-2.7131822,-1.6622263,2.61605,3.327152,4.346886,5.360648,-2.2054784,-2.04392,0.8311189,1.3709848,8.63755,5.5868087,-2.1326418
888,5.8414907,3.1628602,2.436332,6.0844145,7.44377,-5.3521295,1.3352821,5.2052803,6.666804,4.643238,4.055993,-0.32257447,-0.9826037,-0.09805147,2.085402,7.903895,-1.92209,0.85586256,-0.47013912,1.3807403,4.1317935,6.5988727,-0.5620321,-2.42751,1.1151816,10.610313,-1.9513862,-1.415583,-1.579249,2.4046288,4.322164,4.9346795,3.9966912,-3.1351235,-1.0434612,0.85286033,2.114379,8.940907,3.9769084,-2.369695
889,5.8334646,4.8260713,2.7960672,6.4495873,4.8832483,-6.109993,1.7665803,6.377659,7.495535,3.9510484,2.61018,-0.74904144,-0.45386305,0.20012271,2.3935428,7.700559,-1.7504617,1.9272429,0.17668906,1.6790605,4.8026457,6.025943,-2.153165,-1.5308442,0.2853381,10.48253,-2.0904894,0.29113746,-1.2319902,2.3022864,5.250663,5.254535,2.1516187,-3.46311,-0.2502854,1.0299705,2.8380497,9.1413555,2.0295744,-2.3309906
890,5.446083,6.418118,3.2486095,6.2025867,2.156787,-6.252928,1.0137247,7.4722533,8.089292,2.2541385,1.5530984,-0.66453725,0.018392127,0.547193,2.8067658,7.470515,-1.3582443,2.7611718,0.95450777,2.061693,5.407658,4.9609265,-3.2936385,-0.33689895,0.061856948,10.357767,-1.1439419,1.597008,-0.59043837,2.3683689,6.078422,5.0523677,0.13914679,-3.1974847,0.1453424,1.3655033,3.6195793,9.043015,-0.08713212,-1.9880252
891,4.9066854,7.794779,3.6865675,5.2241635,-0.24737048,-5.793274,-0.64563453,7.6548705,8.4229,-0.0016175201,1.384395,-0.30463612,0.42399144,0.95022917,3.3179307,7.217539,-0.8952713,3.3460207,1.810074,2.5241754,5.848942,3.476996,-3.8646955,0.7662771,0.61764896,10.23316,0.13812956,2.1660752,0.10686388,2.5920048,6.7608294,4.17158,-1.5949538,-2.4885573,0.20762423,1.7550559,4.486998,8.449585,-2.1449804,-1.2998443
892,4.5983334,8.869697,3.781991,3.607606,-1.8263589,-4.789288,-2.391247,6.6278157,8.588344,-1.9063729,2.134086,0.24352723,0.7940023,1.4036022,3.9153948,6.929039,-0.4810462,3.7343314,2.7130582,3.0549457,5.9963655,1.7482139,-3.9044921,1.397452,1.7566085,10.097758,1.0334859,2.147563,0.7184827,2.9565108,7.2266097,2.6572576,-2.6573477,-1.6336044,0.17758699,2.124423,5.385917,7.215193,-3.874892,-0.3807185
893,4.7966237,9.615655,3.100165,1.8599148,-2.375191,-3.5572603,-3.504357,4.8105416,8.726932,-2.6925275,3.3622673,1.0781823,1.1089748,1.8939918,4.5794187,6.5726857,-0.18884173,3.9999404,3.6624107,3.6077077,5.710313,0.02000021,-3.5130877,1.4422367,3.0445387,9.962064,1.1881534,1.9155724,1.2738128,3.4617589,7.371373,0.76020324,-2.8622496,-0.9554927,0.24320613,2.4798367,6.1968017,5.313532,-5.0705147,0.38312095
894,5.3338547,9.988624,1.4950384,0.76198834,-2.199204,-2.4314253,-3.8416846,2.821697,8.91094,-2.1032488,4.472567,2.132413,1.3009306,2.3892982,5.281322,6.100501,-0.04368945,4.206913,4.667124,4.069036,4.8946443,-1.4245735,-2.8071144,1.0949042,4.1070175,9.810315,0.6700502,1.8160645,1.8532003,4.09494,7.0684896,-1.1487888,-2.2527378,-0.58320016,0.42914993,2.8656533,6.774202,2.8753943,-5.634255,0.49946487
895,5.614244,9.962935,-0.5432541,0.83790636,-1.7827353,-1.4873174,-3.6420372,1.0588627,9.085707,-0.32882527,5.0521502,3.0315087,1.3476375,2.8593569,5.9844465,5.4617734,-0.027545657,4.392783,5.7147517,4.246214,3.5870626,-2.3377006,-1.9635007,0.6896803,4.8189287,9.580822,-0.20241286,2.0248256,2.5424156,4.793311,6.2049565,-2.7041173,-1.070327,-0.36425123,0.68788844,3.3158998,6.9748306,0.191749,-5.4590297,-0.22735734
896,5.1459947,9.711768,-2.0993447,1.9619716,-1.2725083,-0.66886115,-3.1778486,-0.30187184,9.092153,2.1752586,4.9438663,3.3865297,1.3591853,3.311145,6.63901,4.6156263,-0.08791461,4.565088,6.7403584,3.9136384,2.0380032,-2.620751,-1.2011006,0.4690067,5.2737203,9.201732,-1.0901392,2.5184665,3.4476197,5.4153266,4.733885,-3.6676254,0.27105552,-0.026443608,1.002189,3.8342552,6.680494,-2.2991064,-4.3806295,-1.4120147
897,4.076051,9.5132,-2.4994802,3.4913003,-0.534325,0.004590262,-2.6391237,-1.2143706,8.780766,4.814272,4.1220846,3.1496916,1.5140713,3.7903628,7.165689,3.5412805,-0.14638273,4.7137437,7.6157384,2.939877,0.6802499,-2.3926368,-0.6447641,0.48460272,5.626702,8.63077,-1.7922938,3.1306682,4.64645,5.7120833,2.7302177,-3.9794629,1.3077233,0.5743581,1.3829976,4.3855686,5.841232,-4.130774,-2.4576988,-2.2870355
898,3.0139837,9.4700985,-1.688566,4.730045,0.3706139,0.4171739,-2.1391962,-1.7238427,8.127064,7.0150948,2.6894848,2.6778696,1.9155835,4.3625026,7.4430676,2.253165,-0.11050736,4.8399773,8.181744,1.4309411,-0.051428396,-1.9231858,-0.2557233,0.68026775,5.983706,7.8561444,-2.2793639,3.654173,6.081748,5.3324504,0.46728373,-3.713984,1.7567819,1.3621672,1.8497932,4.8911805,4.518303,-5.06615,-0.2216593,-2.3160312
899,2.4113443,9.532226,-0.099302955,5.2886114,1.0910605,0.52572674,-1.7080069,-1.9245154,7.244326,8.449166,0.9844298,2.4438698,2.5641787,5.070375,7.3072286,0.82244736,0.09524388,4.9879684,8.314882,-0.26005155,0.059302635,-1.4361416,0.07380588,1.0032195,6.3838325,6.868358,-2.6277783,3.9298055,7.5150766,3.98439,-1.5238323,-3.0674074,1.677114,2.158833,2.4389966,5.238556,2.8686826,-5.2201724,1.6172433,-1.5239627
900,2.3515074,9.652248,1.6584703,5.097786,1.3540001,0.47405967,-1.312942,-1.9025209,6.306789,9.134791,-0.5057156,2.657431,3.4782848,5.864214,6.559049,-0.59778965,0.46609,5.243875,7.973639,-1.7195314,0.9121982,-0.94238263,0.4145204,1.436871,6.8163004,5.637276,-2.9231973,3.8753395,8.631483,1.7627817,-2.5961542,-2.3893607,1.3709736,2.8543482,3.174134,5.2911596,1.0845813,-4.87937,2.6467826,-0.2620765
901,2.773525,9.81297,3.0079634,4.2549334,1.2375774,0.46609378,-0.9291364,-1.7160265,5.4683495,9.310857,-1.4289759,3.1727443,4.729775,6.544105,5.0127993,-1.7635514,0.84838897,5.6668854,7.1955113,-2.7027972,2.1605258,-0.2868538,0.77716774,1.9794903,7.226816,4.119406,-3.18087,3.464544,9.247899,-0.68552685,-2.3542204,-1.9703699,1.0911297,3.4472659,4.012511,4.8978014,-0.62761563,-4.278748,2.8640828,1.1181624
902,3.6523802,9.962891,3.4757504,3.0142183,1.0684047,0.5879054,-0.5618236,-1.4100767,4.823543,9.234236,-1.7276491,3.7067056,6.2905746,6.713547,2.666466,-2.3766088,0.9778848,6.1854944,6.0958595,-3.2009926,3.3885608,0.6597119,1.1230655,2.608721,7.5130057,2.3076284,-3.3011882,2.70837,9.433061,-2.4656532,-0.9360325,-1.6984386,0.94048333,3.9753096,4.8331637,3.94237,-2.02657,-3.5670106,2.5201836,2.396995
903,4.9844584,9.912186,2.7786343,1.8570731,1.1057882,0.80474484,-0.22112998,-1.0257937,4.409238,9.073316,-1.5587034,4.083571,7.909497,5.851049,-0.02104276,-2.2275963,0.7326484,6.612482,4.8829803,-3.3356407,4.290915,1.8822764,1.3996047,3.26012,7.5362487,0.313396,-3.0824199,1.6894325,9.408836,-2.9556,1.0059698,-1.2148379,0.9785583,4.4775043,5.455092,2.439103,-2.8566732,-2.885074,1.9360999,3.4859128
904,6.6747518,9.2366295,1.0213014,1.343541,1.3611948,1.061921,0.08752398,-0.596446,4.2251015,8.906554,-1.133936,4.302869,9.187381,3.6909082,-2.112552,-1.4977756,0.36635137,6.846215,3.7711825,-3.2428129,4.7533517,3.250116,1.5973998,3.8438044,7.176293,-1.5885166,-2.3334544,0.6540832,9.347162,-2.0846126,2.654216,-0.42897433,1.2014723,4.987706,5.6785526,0.6041238,-2.9414003,-2.3703554,1.3543386,4.375458
905,8.426939,7.3760047,-1.140624,1.6732365,1.7777451,1.3074857,0.3617539,-0.14359976,4.2534194,8.75779,-0.6204128,4.4537644,9.784102,0.65550077,-2.7640705,-0.79967326,0.22369532,6.961338,2.8279054,-3.0299227,4.812514,4.614458,1.770617,4.2811666,6.4058437,-3.0560195,-1.0730222,0.032300975,9.287106,-0.29245314,3.480513,0.37511498,1.5309949,5.503368,5.3571453,-1.1841773,-2.291839,-2.0465112,0.8850025,5.0764403
906,9.737296,4.103419,-2.7158616,2.3267229,2.4222963,1.4775442,0.5980648,0.32322115,4.4717345,8.624175,-0.12315538,4.6077466,9.581966,-2.2814276,-1.8020843,-0.49130508,0.3185983,7.0495605,2.0020795,-2.760169,4.566468,5.8767266,2.002323,4.516718,5.3169093,-3.8866484,0.36867592,0.21243314,9.227188,1.6754087,3.4049814,0.9194158,1.9214426,5.982105,4.461264,-2.5480595,-1.1538333,-1.7752962,0.5689268,5.601487
907,10.092442,0.0109055145,-2.9484363,2.4879897,3.2343757,1.5515041,0.7910119,0.804673,4.859498,8.486886,0.28901547,4.7748446,8.708376,-4.258869,0.24249795,-0.21178621,0.546572,7.135994,1.2464081,-2.4497142,4.121269,6.9942937,2.3523552,4.497431,4.0741997,-4.122597,1.5339677,1.2371525,9.215634,3.0635374,2.6595416,1.2223259,2.3840058,6.361971,3.087245,-3.282773,0.069672756,-1.3843949,0.43796054,5.993801
908,9.264344,-3.7008345,-1.714924,2.121186,3.9220653,1.6136626,0.9464658,1.3064579,5.399722,8.308444,0.5560715,4.924297,7.4463954,-5.0410833,2.4572873,0.5684481,0.9393084,7.2025423,0.5266935,-2.0811603,3.5812,7.9540067,2.8122256,4.156113,2.8558323,-3.9509346,2.1395316,2.7935543,9.293705,3.3728933,1.6410009,1.4822857,2.9441903,6.5555687,1.4169596,-3.3882754,1.0122589,-0.81767553,0.5024369,6.332604
909,7.4076076,-6.1006107,0.30150518,2.1108274,4.358626,1.7160199,1.08014,1.8343995,6.0741186,8.023238,0.62171257,5.032095,6.099003,-4.952423,4.0923796,1.9564484,1.5044467,7.173984,-0.18717471,-1.6196673,3.0563815,8.749005,3.2752998,3.4392292,1.8348151,-3.554669,2.1871123,4.4558387,9.368777,2.4822044,0.8170078,1.8098109,3.6193004,6.4432206,-0.3293619,-2.9731638,1.5165591,-0.14478905,0.7452095,6.6760364
910,4.878588,-7.132933,1.8631698,3.0497594,4.5986814,1.7231838,1.2161499,2.3997638,6.8526607,7.528886,0.4559461,5.1140866,4.88577,-4.4597616,4.8983746,3.7107399,2.1579099,6.9074044,-0.87944937,-1.038934,2.6734314,9.375358,3.5412934,2.3843966,1.1707985,-3.0561645,1.8710216,5.8898044,9.186332,0.67801523,0.5829046,2.1831727,4.3744054,5.8992214,-1.9207765,-2.1837943,1.6685587,0.53047967,1.1503068,7.0081024
911,2.0133374,-7.24382,2.0447848,4.501901,4.6758766,1.4674935,1.393532,3.032,7.6781616,6.688693,0.092845194,5.216504,3.9165156,-3.8867803,5.0026727,5.5430865,2.8020236,6.2469893,-1.4757217,-0.36561236,2.5648587,9.84022,3.3766482,1.1897242,0.95389885,-2.5240767,1.4344437,6.9350505,8.4800825,-1.4244943,1.0564959,2.6648211,5.0935116,4.8432794,-3.14004,-1.2245611,1.7001786,1.1512913,1.7104356,7.2287164
912,-0.88625324,-6.6366405,0.78982764,5.5378633,4.7710533,0.9628827,1.6357961,3.7799966,8.443639,5.360454,-0.3424278,5.3669224,3.2147055,-3.3811538,4.645057,7.248918,3.3198886,5.1084247,-1.8796427,0.2930108,2.8169446,10.147843,2.620189,0.18545975,1.1235864,-1.9814311,1.0657234,7.600438,7.1710463,-3.195155,1.9357115,3.4956317,5.6132026,3.267587,-3.8267674,-0.3757657,1.823672,1.7262765,2.4024796,7.1661882
913,-3.4154034,-5.141102,-1.1284436,5.5761065,5.1587577,0.37563238,1.9217907,4.6870146,8.964823,3.4671755,-0.6462429,5.5311246,2.7425332,-2.9835951,4.0317163,8.694061,3.5442758,3.5620518,-2.0160215,0.7893781,3.4045453,10.253678,1.2851722,-0.30060425,1.4756418,-1.427165,0.86255646,7.991909,5.3904715,-4.3395734,2.6248615,4.7997622,5.7069387,1.2611355,-3.899766,0.095506184,2.0974717,2.3070352,3.1639225,6.6229653
914,-5.110277,-2.7937617,-2.5487142,4.8115373,5.817262,-0.094062716,2.2158825,5.748002,8.965666,1.1034366,-0.6108992,5.643312,2.4087465,-2.6877718,3.3018842,9.789119,3.3222666,1.8754376,-1.8658377,1.0390881,4.1825643,10.04826,-0.39398518,-0.08760798,1.8155689,-0.8796353,0.8482056,8.218558,3.3388374,-4.892869,2.6095679,6.285308,5.124819,-0.8740631,-3.370209,0.111478016,2.4274316,2.9612608,3.88702,5.4785976
915,-5.776209,-0.26929483,-2.757727,3.938468,6.4629455,-0.29479533,2.4958463,6.8747025,8.128727,-1.3917396,-0.1765922,5.7127004,2.0854008,-2.4684205,2.5373027,10.499623,2.6518567,0.42905313,-1.4939626,1.0952982,4.971222,9.424981,-2.0266602,0.77149373,2.1336575,-0.38848567,1.0041792,8.334758,1.195439,-4.9213853,1.7503024,7.4111576,3.898245,-2.6166587,-2.4223552,-0.118306845,2.6999521,3.73196,4.4224124,3.7907174
916,-5.6360607,1.5922632,-1.8945069,3.4367657,6.915377,-0.22250926,2.7550323,7.8950815,6.254898,-3.5149295,0.3885416,5.853722,1.6711098,-2.289182,1.7817417,10.862006,1.743984,-0.48690456,-1.0298768,1.1019129,5.6637917,8.36695,-3.2641618,1.9803969,2.595191,-0.007343968,1.2904763,8.334179,-0.8426901,-4.3323054,0.33774957,7.8589664,2.508648,-3.592068,-1.3927237,-0.27049914,2.8959086,4.590709,4.5880966,1.7973375
917,-5.0715194,2.4400752,-0.51792246,3.3614872,7.15046,0.011739301,3.0045202,8.602079,3.4537055,-4.8055673,0.5219413,6.101799,1.1889912,-2.1028817,1.0666276,10.967605,0.920831,-0.8232117,-0.5846695,1.1795161,6.2453127,6.9501204,-3.9873643,3.1146762,3.3395302,0.22166727,1.6485845,8.182892,-2.5052662,-2.9948273,-1.016605,7.774041,1.476592,-3.8647888,-0.53225666,-0.17553447,3.0736685,5.4396076,4.210356,-0.15543795
918,-4.3802223,2.4468114,0.8962422,3.634796,7.1812177,0.28215963,3.2598891,8.825215,0.21084298,-4.927778,-0.17704733,6.264706,0.8472388,-1.8734695,0.43802905,10.919752,0.43820998,-0.7491415,-0.19047536,1.3765825,6.7317057,5.276699,-4.2951417,3.8174539,4.32858,0.28612489,2.0128424,7.873259,-3.5153513,-1.0383744,-1.6412925,7.5708117,0.8953149,-3.7305634,0.10404761,0.15728533,3.306768,6.1503925,3.209594,-1.688617
919,-3.7552397,1.993434,2.1122181,4.2123933,7.0023212,0.48190504,3.521495,8.4970875,-2.723067,-3.6723647,-1.3899306,6.155399,0.9006176,-1.6387591,-0.04974181,10.796486,0.3747837,-0.5202268,0.17348152,1.697782,7.1157727,3.4263897,-4.334121,3.9133782,5.387649,0.25132897,2.3421595,7.4563828,-3.7615776,1.0549057,-1.1525716,7.539002,0.47520867,-3.4002616,0.54064983,0.65665126,3.6533833,6.589167,1.684143,-2.4789493
920,-3.291157,1.4128648,3.0723588,5.0499797,6.5758233,0.5287227,3.7732854,7.7018747,-4.654076,-1.2556728,-2.1252935,5.925597,1.3304315,-1.5041301,-0.38875967,10.636799,0.6457668,-0.35170975,0.52595323,2.1369426,7.3496366,1.4673241,-4.1494875,3.400962,6.3305635,0.2855115,2.6346662,7.0136776,-3.378544,2.7512133,0.35975614,7.5868707,-0.15777865,-2.9074302,0.78884494,1.2492434,4.1413846,6.624698,-0.077672414,-2.3670235
921,-2.9335105,0.91342264,3.7960522,6.0497885,5.8354354,0.39216968,4.001647,6.657048,-5.363037,1.4683051,-1.5507985,5.8838525,1.7858832,-1.5332913,-0.6378608,10.447804,1.0967429,-0.35857207,0.86503446,2.6856108,7.3497505,-0.492321,-3.6514032,2.4351892,7.036089,0.6093387,2.896749,6.597704,-2.6360023,3.813166,2.441497,7.3195314,-1.2007302,-2.165849,0.86969584,1.8654908,4.7536426,6.14902,-1.6910475,-1.4393156
922,-2.50762,0.6135311,4.3369727,7.051077,4.71674,0.13156994,4.2071342,5.6042204,-5.1691103,3.5545478,0.3421551,5.996085,1.8226285,-1.6746356,-0.87871623,10.218978,1.5904353,-0.5612637,1.1769098,3.327642,7.019122,-2.2668319,-2.7103443,1.3521205,7.466484,1.3719974,3.1022189,6.202781,-1.7729789,4.335873,4.5319805,6.3153152,-2.4885192,-1.1345063,0.8993865,2.4546854,5.415966,5.1222715,-2.838282,-0.035581607
923,-1.8662789,0.5547997,4.7822256,7.8568835,3.2104824,-0.0992583,4.391808,4.6968555,-4.5620637,4.616194,2.9215617,5.8681707,1.1527656,-1.7294099,-1.1621037,9.934165,2.0434148,-0.9225441,1.4430436,4.0311203,6.2881265,-3.6360223,-1.3472313,0.62686807,7.674817,2.5180335,3.1888895,5.787368,-0.9150187,4.5600133,6.170432,4.402153,-3.5539231,-0.03303711,1.0923576,3.02369,5.9953136,3.6112182,-3.3928587,1.3709587
924,-1.0034232,0.69901794,5.224738,8.277044,1.413266,-0.11360562,4.554962,3.9662704,-3.8870814,4.80922,5.439616,5.0891314,-0.08550114,-1.443195,-1.442114,9.593371,2.4104817,-1.3831658,1.6413819,4.745512,5.157867,-4.468933,0.1411067,0.65231717,7.794394,3.7613535,3.0862012,5.3342896,-0.08003686,4.7050962,7.0771866,1.8144336,-3.9534667,0.6938548,1.5654863,3.6362987,6.3140173,1.7835221,-3.4046195,2.3908203
925,-0.033717155,0.98478574,5.715695,8.1604595,-0.4637144,0.1980147,4.7270713,3.3495576,-3.3000941,4.4771895,7.376208,3.517728,-1.3001993,-0.7809322,-1.5393007,9.244607,2.629706,-1.8793615,1.7475249,5.409289,3.7133424,-4.80026,1.304649,1.485744,7.9769626,4.7054353,2.7463188,4.9016805,0.7771783,4.9026084,7.1391397,-0.89384276,-3.5054975,0.7892033,2.1801755,4.351361,6.1831155,-0.12763049,-2.9969862,2.879146
926,0.90980256,1.3953097,6.249749,7.411623,-2.157629,0.7674209,4.990309,2.7413409,-2.843021,3.9088142,8.549714,1.4418253,-1.8668879,-0.040315952,-1.2818241,8.969746,2.5919032,-2.342206,1.7348125,5.965164,2.0998821,-4.7538905,1.8117847,2.8274977,8.320789,4.998504,2.1865034,4.606855,1.7193446,5.177744,6.3619866,-3.1201499,-2.3245192,0.4995533,2.710239,5.1543236,5.4563684,-1.855941,-2.3195202,2.9443457
927,1.7642045,1.9580512,6.7689347,6.0007253,-3.4582388,1.3282176,5.4116907,2.0539474,-2.4987798,3.2723746,9.065511,-0.55537486,-1.5548936,0.47781762,-0.70333767,8.812836,2.1974297,-2.6908705,1.5750389,6.375405,0.4971214,-4.4044476,1.6107855,4.2123046,8.825784,4.436871,1.5339274,4.5378833,2.793104,5.4298143,4.8490353,-4.4846725,-0.8317131,0.35398993,3.1058302,5.920831,4.0952168,-3.1368973,-1.5827689,2.8282156
928,2.555353,2.6984732,7.1438026,3.9794612,-4.24833,1.5223068,5.937592,1.2869076,-2.2046993,2.6478453,9.166215,-1.9396867,-0.5434228,0.8014213,0.0313726,8.7501545,1.4353238,-2.8287222,1.2532642,6.633819,-0.891069,-3.7356422,0.9307462,5.229266,9.364782,3.0459888,1.0166897,4.6764317,3.990464,5.422911,2.8252947,-4.9458556,0.38541102,0.6629175,3.4903612,6.4545817,2.2194476,-3.758713,-1.0495089,2.727218
929,3.3581,3.604039,7.144819,1.5323709,-4.4328027,1.1041849,6.3930616,0.58769494,-1.8753726,2.0906544,9.084836,-2.4550614,0.77702343,1.1746701,0.82800376,8.70799,0.39419386,-2.6472437,0.80240935,6.7704096,-1.8602993,-2.7317653,0.18037815,5.7040462,9.717246,1.1363571,0.86843246,4.946747,5.190077,4.8473506,0.6807948,-4.7019515,0.93874663,1.325158,3.987261,6.5574307,0.112585686,-3.609636,-0.88838243,2.6785727
930,4.2358027,4.5970516,6.4666533,-0.9431186,-3.9035938,0.15435782,6.6215544,0.20743236,-1.4745576,1.670048,8.97019,-2.1430752,2.001668,1.7598859,1.6863819,8.566911,-0.7700656,-2.0513742,0.34272718,6.83963,-2.2701004,-1.4971161,-0.2504194,5.774873,9.694494,-0.7958258,1.1805689,5.367659,6.137156,3.4941578,-1.0442384,-4.0517654,0.8729111,2.0514467,4.630564,6.075897,-1.838312,-2.7254574,-1.0055691,2.6181223
931,5.1881747,5.485695,4.876714,-2.8675404,-2.735037,-0.86411697,6.6274085,0.3006305,-1.0660545,1.4412764,8.887882,-1.2413272,2.8683662,2.531469,2.6076682,8.168565,-1.8631437,-1.0273303,0.09403613,6.8909626,-2.120688,-0.2566717,-0.18502347,5.7519665,9.229945,-2.3489878,1.8059574,6.079501,6.5060887,1.4588145,-1.8388157,-3.334065,0.52403784,2.639963,5.3527694,4.950987,-3.2748375,-1.3633066,-1.0806383,2.5300353
932,6.149336,5.9345994,2.4696035,-3.7618718,-1.3998777,-1.4266368,6.546366,0.7727203,-0.75442475,1.3949344,8.861257,-0.046560884,3.3109114,3.3665648,3.5397136,7.362925,-2.7013183,0.27183133,0.31159344,6.9330773,-1.5829008,0.77435523,0.31955647,5.873827,8.330968,-3.4215853,2.41701,7.136031,5.9824944,-0.7974152,-1.5117614,-2.7819808,0.20356818,3.0510175,6.008515,3.2723699,-4.0118065,0.014940819,-0.83026975,2.491895
933,7.026363,5.568742,-0.20178321,-3.5665612,-0.46978155,-1.409439,6.4778137,1.3784438,-0.5942717,1.465348,8.905913,1.1927173,3.398241,4.151467,4.3736696,6.0821185,-3.1867115,1.5271187,1.1353016,6.91104,-0.9488251,1.511149,1.1084267,6.193457,6.988472,-4.1523027,2.6731462,8.324332,4.42366,-2.6135945,-0.38371134,-2.338979,0.059762847,3.3412538,6.442053,1.2782285,-4.065079,0.9684004,-0.22353506,2.598261
934,7.711316,4.2027097,-2.3543584,-2.673344,-0.06462761,-1.0603817,6.437074,1.9138849,-0.5741067,1.5795085,9.036487,2.3169415,3.2388263,4.8152776,4.9681654,4.3896494,-3.332586,2.3993294,2.4620874,6.7272754,-0.51031274,2.0096908,2.0602922,6.605735,5.156497,-4.6984205,2.335411,9.277562,2.1389794,-3.4816716,0.8395111,-1.7900119,0.119141854,3.5994544,6.5468917,-0.72210956,-3.5456069,1.3342118,0.562269,2.9132059
935,8.057676,2.004827,-3.4035919,-1.7081894,0.10714502,-0.6075244,6.4285374,2.282699,-0.650466,1.6848632,9.258148,3.2414873,2.9177415,5.320346,5.1982284,2.4757767,-3.2015438,2.7073925,3.9787586,6.310045,-0.41890776,2.3860316,3.1253262,6.8909507,2.8231223,-5.0277925,1.2855184,9.757865,-0.06518424,-3.3207633,1.601722,-1.0835164,0.32812575,3.8960073,6.2796535,-2.4450054,-2.578949,1.2803096,1.3309147,3.4702554
936,7.8666706,-0.5338391,-3.188557,-1.1438771,0.2881452,-0.11417535,6.466439,2.4514763,-0.7778279,1.7489948,9.559655,3.924234,2.4793515,5.654746,5.014056,0.6046861,-2.8401146,2.5004566,5.339143,5.6732793,-0.6305634,2.7150948,4.281747,6.7393713,0.16435754,-4.8413067,-0.4084346,9.7789345,-1.295435,-2.4589887,1.9083883,-0.34629595,0.6233533,4.248485,5.6481853,-3.7012978,-1.3376095,1.1576495,1.9991604,4.2473817
937,6.9420924,-2.7844708,-1.9410089,-0.95677304,0.52366036,0.42956838,6.556045,2.4033887,-0.91649586,1.7520443,9.912325,4.340562,1.9419558,5.8370585,4.4739647,-0.97221625,-2.2844906,2.0087168,6.340309,4.907668,-0.9865151,2.9862533,5.461056,5.83757,-2.3255005,-3.77759,-2.2957203,9.493294,-1.1114874,-1.4556355,2.082638,0.32697415,0.9836274,4.631603,4.6971345,-4.434284,-0.08255283,1.2811046,2.6044052,5.1337237
938,5.221193,-4.2528224,-0.23742166,-0.7342278,0.8104253,1.0409772,6.6828237,2.124739,-1.0262398,1.6845163,10.273711,4.4753275,1.3267748,5.9186783,3.7219126,-2.1044042,-1.6024095,1.5204945,6.97526,4.106334,-1.3397907,3.142271,6.5122023,4.077621,-4.0043726,-1.9290116,-3.5507755,9.0742235,0.20248093,-0.81307083,2.308088,0.94470024,1.4082999,4.994397,3.4945033,-4.7074337,0.89569867,1.7754619,3.2408822,5.92785
939,2.8774214,-4.790164,1.1794324,-0.15960324,1.1395509,1.723016,6.8060017,1.6111399,-1.0566212,1.5539749,10.596262,4.3299513,0.6817552,5.967794,2.9217262,-2.776418,-0.8991847,1.2529006,7.355296,3.299166,-1.60968,3.1442592,7.262992,1.7255309,-4.550246,-0.04244798,-3.5950177,8.665247,1.8621536,-0.70617,2.5778792,1.5709561,1.8951789,5.2622247,2.123457,-4.630927,1.3935564,2.5628302,3.9979575,6.3577094
940,0.30997777,-4.540165,1.8192219,0.7013976,1.4810134,2.4487097,6.8560514,0.88776064,-0.94444036,1.4003507,10.841516,3.9313028,0.0825885,6.038616,2.196943,-3.0692303,-0.27890694,1.2900897,7.5964594,2.4542956,-1.7577736,2.9998212,7.628477,-0.6959101,-4.109149,1.1404535,-2.638759,8.335034,3.1323164,-0.99727774,2.8687272,2.283098,2.4354806,5.336126,0.6872159,-4.2804537,1.3676304,3.4463565,4.9090843,6.115039
941,-1.9375494,-3.7764757,1.7171813,1.5753937,1.8582003,3.1779888,6.7428956,0.030524524,-0.6316072,1.3126733,10.9949665,3.3224053,-0.3895849,6.148679,1.6096206,-3.093666,0.19432199,1.6036135,7.755165,1.5270567,-1.7474205,2.7549825,7.6506906,-2.6898599,-2.9851131,1.5300735,-1.3223594,8.118507,3.677488,-1.4368044,3.1639748,3.1426923,2.9987988,5.100745,-0.67543757,-3.6778953,0.943557,4.207877,5.889421,4.9499803
942,-3.3195078,-2.8841343,1.2746559,2.2865388,2.3543684,3.8840697,6.36777,-0.83842355,-0.107128665,1.4269103,11.06649,2.5293994,-0.67163837,6.2804337,1.169696,-2.9455895,0.5061417,2.107951,7.823449,0.5104023,-1.5285722,2.4830134,7.447394,-3.959519,-1.4554882,1.5655401,-0.08676654,8.041816,3.5118146,-1.8266243,3.3980033,4.1683073,3.509578,4.455413,-1.7886592,-2.8522484,0.3746934,4.700434,6.712541,2.8678787
943,-3.5016267,-2.2641654,0.85079736,2.8325737,3.0295763,4.533359,5.63939,-1.5842782,0.5492021,1.8807577,11.058503,1.5325556,-0.72085804,6.400728,0.85107875,-2.6919947,0.67898864,2.7077935,7.7559056,-0.5396332,-1.0579466,2.2850318,7.1334915,-4.4448504,0.18360066,1.7454907,0.995772,8.071244,2.7767642,-2.061379,3.471948,5.307916,3.8372273,3.3787713,-2.483956,-1.9195162,-0.064806625,4.9229646,7.1143556,0.28456947
944,-2.508819,-2.0058343,0.565392,3.2721894,3.8872526,5.0401645,4.506163,-2.0963686,1.1655318,2.7271667,10.908951,0.2867375,-0.50242454,6.485926,0.6020731,-2.372212,0.7530814,3.324605,7.5050898,-1.5162259,-0.34335867,2.286515,6.7679005,-4.2890725,1.6301677,2.3272746,2.0316138,8.076429,1.6094421,-2.075222,3.3192582,6.431102,3.8293033,1.9999329,-2.6807659,-1.0698173,-0.21731874,5.003703,6.961947,-2.1232445
945,-0.72729766,-1.791528,0.44927648,3.652992,4.8806443,5.2428184,3.007299,-2.3032057,1.5502118,3.8584447,10.465567,-1.19402,0.00020935909,6.550051,0.35331807,-2.0008967,0.7722213,3.9065726,7.0501738,-2.3102994,0.52132344,2.6022124,6.341206,-3.7605102,2.6857896,3.3151548,3.105996,7.8236966,0.15828517,-1.7935807,2.9732914,7.371697,3.3957596,0.60131365,-2.4398036,-0.44216847,-0.089678094,5.08677,6.3053865,-3.8106904
946,1.2357349,-1.2430953,0.543911,4.027601,5.9042296,4.9275403,1.3315488,-2.175735,1.6130091,5.026023,9.556885,-2.7560878,0.71810305,6.6618757,0.03721398,-1.5702823,0.7793848,4.4285617,6.4059315,-2.8656733,1.3704842,3.2716837,5.7955923,-3.1504695,3.3089736,4.596423,4.1904674,7.0086784,-1.3407217,-1.1798791,2.6104693,8.017449,2.575492,-0.49396107,-1.9380774,-0.032377325,0.22497523,5.24394,5.293191,-4.628439
947,2.8279028,-0.23876478,0.82179016,4.4554224,6.791367,3.9225821,-0.16792092,-1.7624857,1.445225,5.987807,8.120084,-4.154814,1.4210473,6.9062533,-0.36952135,-1.0561005,0.8228263,4.8871984,5.608053,-3.198702,2.031164,4.215902,5.0617776,-2.675717,3.5598984,6.040925,5.090705,5.382197,-2.5489805,-0.37666687,2.4912825,8.364826,1.4965063,-1.0660294,-1.3784721,0.25993064,0.6448406,5.4716387,4.073978,-4.7670345
948,3.764857,1.0922999,1.1966518,4.955062,7.3325014,2.2499053,-1.0804008,-1.2316967,1.2549139,6.6573534,6.234377,-5.2145834,1.7574165,7.2904305,-0.7870719,-0.43653494,0.96638656,5.2926393,4.685519,-3.3702788,2.3868017,5.261047,4.102151,-2.416487,3.509488,7.4998345,5.4392753,2.9875185,-3.1409748,0.25716066,2.7471273,8.461537,0.2938755,-1.0429444,-0.89401823,0.5291292,1.1328326,5.722128,2.7498057,-4.520798
949,4.027271,2.533206,1.6429394,5.48424,7.31492,0.22394508,-1.1467513,-0.78038645,1.1936861,7.085989,4.0361996,-5.8785405,1.4133196,7.699542,-0.99228525,0.26217267,1.2837946,5.652698,3.6389208,-3.435983,2.3959727,6.214377,2.9514678,-2.313373,3.1969647,8.773879,4.863875,0.35139877,-2.9946814,0.43322158,3.2205586,8.335497,-0.8794701,-0.46763313,-0.4948209,0.8195873,1.6815567,5.9245443,1.3782349,-4.099612
950,3.7482986,3.9041967,2.2425287,5.95685,6.5943384,-1.6446981,-0.42924288,-0.42737773,1.2889248,7.33645,1.6742654,-6.068063,0.26688805,7.9371333,-0.66578776,0.9123158,1.8078462,5.9461637,2.4456265,-3.4031303,2.075552,6.9387217,1.7394198,-2.221249,2.6646671,9.663226,3.3373249,-1.697704,-2.328378,0.25801924,3.645413,8.024888,-1.8229636,0.5145656,-0.07517048,1.141005,2.2884278,5.9929504,0.0033384056,-3.5758367
951,3.1365185,5.1011915,3.1150749,6.2291236,5.167475,-2.9145787,0.676235,0.012120414,1.5356276,7.4147506,-0.6419345,-5.55568,-1.4757506,7.7743826,0.41970715,1.313253,2.4553292,6.108095,1.1087805,-3.2116241,1.4894466,7.3884153,0.67160535,-1.9967215,2.0213468,10.098103,1.3430222,-2.5819492,-1.5908359,0.06542612,3.930621,7.5991735,-2.3766625,1.6715133,0.50713307,1.4891207,2.9336946,5.834057,-1.3069628,-2.9282637
952,2.4502726,6.0868683,4.287913,6.0496464,3.218681,-3.4185314,1.6396712,0.693989,1.9484158,7.269415,-2.6015759,-4.0864134,-3.189494,7.070196,2.1463559,1.3614469,3.0484653,6.067826,-0.27515116,-2.7599995,0.7670686,7.602506,-0.044425055,-1.5844663,1.4444408,10.185853,-0.43346095,-2.295297,-1.075495,0.03289082,4.1437926,7.123088,-2.5204668,2.7609558,1.3272523,1.849975,3.5640495,5.3688383,-2.4435394,-2.130899
953,1.9550755,6.881974,5.5666094,5.0860605,1.1655465,-3.2664664,2.1233413,1.5787613,2.5234163,6.8178625,-3.876813,-1.7504237,-4.0661583,6.013536,4.030411,1.2008983,3.470053,5.8072534,-1.5190215,-1.9845266,0.12291012,7.669865,-0.30236658,-1.0501785,1.0973756,10.097808,-1.5311373,-1.228039,-0.7274056,0.15620546,4.363178,6.6390467,-2.3554637,3.6222138,2.3575127,2.2043574,4.090705,4.5715623,-3.2813234,-1.2398438
954,1.8285352,7.561473,6.5043,3.1679337,-0.36250302,-2.7611136,2.1599824,2.515229,3.2144833,6.001489,-4.3387485,0.8434952,-3.6863234,5.082047,5.6006775,1.0895473,3.7324994,5.3582106,-2.4444783,-0.9407015,-0.18615296,7.682921,-0.16282497,-0.5253143,1.042499,9.94608,-1.8476167,0.12465804,-0.35298446,0.40251058,4.6315346,6.1647797,-2.0236435,4.2092443,3.5108397,2.5332468,4.407821,3.5047235,-3.7373087,-0.41174254
955,2.0808523,8.213774,6.56292,0.6303861,-0.8090122,-2.246514,2.0029914,3.4002824,3.9293418,4.830073,-4.1686163,2.9670048,-2.2462885,4.595714,6.686425,1.1333697,3.8803537,4.7713914,-2.9723363,0.18910955,0.028027771,7.69544,0.16822599,-0.10896585,1.2345243,9.772868,-1.5390351,1.3528696,0.1407147,0.7488761,4.962347,5.692434,-1.6477234,4.5592184,4.6983323,2.8064678,4.4235377,2.3192232,-3.8106194,0.18002588
956,2.576932,8.849315,5.4090548,-1.7085855,-0.15597816,-1.8089514,1.8640378,4.21387,4.53125,3.3763683,-3.6917179,4.2519,-0.22353148,4.551457,7.293137,1.2531002,3.9299664,4.1131077,-3.1339633,1.1809458,0.79021364,7.700932,0.42961842,0.18977223,1.5865159,9.600076,-0.8726273,2.230405,0.71730995,1.1706659,5.3426213,5.195137,-1.3067147,4.740787,5.8525105,2.960689,4.0964384,1.2141227,-3.5730627,0.45952627
957,3.1388125,9.340563,3.1460712,-3.0877216,0.94448435,-1.239836,1.8467876,4.9618974,4.8578353,1.7548532,-3.1443973,4.72401,1.9721006,4.8390617,7.418699,1.3103784,3.9002929,3.4633145,-3.0278623,1.8808463,1.9619902,7.638541,0.4099835,0.4420756,2.0392892,9.452005,-0.11540672,2.716775,1.3038875,1.6537731,5.7383895,4.636263,-1.033646,4.8176394,6.9174814,2.8966002,3.475936,0.37258574,-3.1340244,0.4854265
958,3.6418824,9.483809,0.31114408,-3.237072,1.6981872,-0.4418091,1.9831477,5.638329,4.7532854,0.12551892,-2.6073718,4.593919,4.0906825,5.371892,7.000141,1.206198,3.8463914,2.8956325,-2.7654831,2.2558331,3.323413,7.4136357,0.02537826,0.74667555,2.5925398,9.340705,0.51766926,2.891864,1.8651603,2.2040157,6.1017547,3.9765484,-0.8228309,4.835492,7.8319225,2.5183961,2.7259417,-0.1054327,-2.6052816,0.39200342
959,4.050228,9.13922,-2.369219,-2.2972617,1.8701798,0.41040617,2.2766201,6.214908,4.1147156,-1.2990794,-2.0877392,4.116497,5.9960237,6.027281,5.9343567,0.9482051,3.8441463,2.4543822,-2.4364395,2.367468,4.664211,6.9236236,-0.6581428,1.1595002,3.2998118,9.243249,0.8675311,2.8897922,2.4178488,2.837195,6.3682766,3.1832855,-0.6393903,4.8266106,8.526977,1.8051242,2.0905452,-0.2389468,-2.0686479,0.30304232
960,4.3913574,8.315462,-4.315657,-0.6488648,1.8778155,1.1435392,2.7340853,6.635439,2.939133,-2.2862554,-1.6212827,3.5298014,7.614328,6.5428476,4.1743197,0.6899789,3.9343345,2.1431868,-2.098159,2.3143916,5.835912,6.0942655,-1.468673,1.6320289,4.2284136,9.086215,0.82388055,2.8611069,3.0138977,3.5596256,6.445036,2.247794,-0.4308116,4.8238683,8.943334,0.8603033,1.793986,-0.1317767,-1.5616863,0.28821158
961,4.7088375,7.138298,-5.341257,1.1341461,2.270539,1.7489992,3.3255692,6.8013716,1.3589913,-2.6505067,-1.2871795,2.990687,8.907617,6.525522,1.9014789,0.6600583,4.099889,1.9234831,-1.7793574,2.187561,6.7624545,4.9168787,-2.214489,2.0020237,5.3792896,8.744456,0.34504795,2.9417014,3.727209,4.3433905,6.2011356,1.2121085,-0.14851537,4.87483,9.05222,-0.11753402,1.936922,0.11544547,-1.0942305,0.36981434
962,5.029323,5.7570643,-5.641817,2.4758966,3.2427018,2.2863576,3.9468033,6.5826387,-0.34631425,-2.3248277,-1.113063,2.5423918,9.853946,5.6548967,-0.39431253,0.9391107,4.3345504,1.7248116,-1.488405,2.051122,7.426075,3.461003,-2.7476947,2.0684571,6.611107,8.082217,-0.49260226,3.1942906,4.650345,5.0933633,5.4798975,0.19514824,0.2136579,5.0402417,8.860659,-0.9350294,2.4636254,0.4676946,-0.6751033,0.54547614
963,5.3518496,4.274355,-5.5548153,3.0490146,4.605424,2.8272138,4.434499,5.8929176,-1.8133649,-1.4256643,-0.9880025,2.1871064,10.443813,3.9346642,-2.1238363,1.29172,4.6773086,1.4868599,-1.2217393,1.9431337,7.8448443,1.8602132,-2.9614694,1.7206602,7.665072,7.0554223,-1.4833972,3.5333562,5.862381,5.610086,4.161391,-0.6054465,0.58434963,5.360523,8.4013405,-1.4948409,3.212424,0.9410232,-0.3262831,0.80089635
964,5.65074,2.7379115,-5.319863,2.8082922,6.023761,3.4882207,4.6061416,4.776739,-2.7507079,-0.26058444,-0.7275514,1.9815913,10.700925,1.7169008,-2.9074783,1.3497819,5.1013055,1.2207557,-0.96792156,1.8863596,8.05324,0.29207432,-2.760348,1.0428147,8.320902,5.787237,-2.3913226,3.725979,7.324159,5.5872746,2.301666,-0.9709981,0.8483135,5.8061237,7.7277055,-1.8065634,4.0015845,1.547497,-0.081717595,1.1115527
965,5.8857794,1.1799197,-4.9852114,1.8850508,7.1770654,4.390752,4.2778306,3.4284952,-3.0733414,0.8046071,-0.22867244,2.0208647,10.672353,-0.50281364,-2.6404095,1.0184425,5.4769535,1.0230875,-0.71514255,1.8988667,8.090225,-1.0450821,-2.0832896,0.32166803,8.557889,4.4795136,-3.0828032,3.5292516,8.7874,4.751028,0.28291708,-0.8092787,0.9821101,6.2840767,6.913121,-1.931253,4.6938634,2.2600985,0.025616003,1.4444345
966,6.017873,-0.33175007,-4.4373345,0.5412209,7.7938623,5.5290194,3.2977393,2.1623998,-2.8974805,1.547525,0.4788589,2.3614542,10.37312,-2.282964,-1.4318124,0.6459647,5.7240486,0.9808097,-0.46707612,1.9934613,7.9940577,-1.9778801,-0.98628086,-0.06900726,8.556243,3.2242877,-3.5405672,2.8411908,9.904564,3.169516,-1.2796012,-0.30907986,1.1316527,6.7266126,6.0171695,-1.9321926,5.2171407,3.014179,-0.019263124,1.766793
967,6.0266886,-1.6684422,-3.512973,-0.8185655,7.7221756,6.6771765,1.6995962,1.3643653,-2.4349773,1.9717269,1.3100941,2.994015,9.7622175,-3.3667438,0.35641342,0.77758306,5.8838177,1.0397718,-0.23786463,2.1685905,7.802278,-2.4210653,0.3173265,0.15093264,8.524605,1.9345149,-3.7572114,1.7193006,10.486377,1.4037106,-1.9623972,0.17236887,1.4466231,7.1340632,5.0396433,-1.8609947,5.5527325,3.7309113,-0.20309663,2.0581758
968,5.922504,-2.6719954,-2.1602857,-1.7331,7.0875196,7.5073996,-0.13161202,1.3406538,-1.842935,2.2181408,2.2068598,3.8505397,8.7765875,-3.7792215,2.158602,1.7338406,5.965263,0.9974637,-0.020735376,2.411092,7.5529575,-2.4130325,1.5441782,1.0431869,8.496009,0.4555268,-3.6170037,0.3251175,10.596069,0.18874376,-1.8369738,0.46417597,1.9176064,7.5136027,3.939085,-1.7478626,5.712204,4.3430314,-0.4854816,2.3168004
969,5.744664,-3.2317696,-0.5376864,-1.8985693,6.299152,7.845887,-1.6234703,2.0815516,-1.0939604,2.4271073,3.1480732,4.801736,7.3669834,-3.7806394,3.4765105,3.4019923,5.80271,0.63901293,0.23087132,2.7159626,7.2790527,-2.0902488,2.491737,2.4473047,8.252455,-1.235579,-2.8771515,-1.0537994,10.41264,-0.052635897,-1.3491199,0.6610692,2.4698133,7.8286567,2.6894836,-1.5872011,5.721395,4.80764,-0.8077828,2.5554774
970,5.54713,-3.343278,1.0605538,-1.2900568,5.770866,7.727375,-2.4345574,3.225137,-0.047358233,2.6693754,4.1097617,5.6447606,5.5143237,-3.6472442,4.077154,5.355204,5.1427827,-0.07215452,0.56794894,3.105294,6.995348,-1.6235397,3.1158412,4.0633464,7.443505,-2.8827271,-1.3828734,-1.9191203,10.116974,0.54813784,-0.98457265,0.8760174,3.078413,8.00004,1.3070469,-1.3380789,5.621115,5.1043687,-1.106211,2.790023
971,5.380878,-3.0981472,2.3777943,-0.07453331,5.668988,7.22803,-2.6193683,4.318755,1.3430307,2.9522917,5.0238247,6.108576,3.28188,-3.4725683,3.9487202,7.096219,3.8821142,-0.89404327,0.9533101,3.6180565,6.693046,-1.164235,3.4928906,5.5628166,5.841876,-4.0734735,0.5523604,-1.7015026,9.882163,1.3825239,-0.97543466,1.1108338,3.751912,7.9258366,-0.14597385,-0.950796,5.4800944,5.2268553,-1.328925,3.0277414
972,5.2829647,-2.627257,3.3019707,1.5312138,5.9075623,6.3465943,-2.4468305,5.0804114,2.975354,3.2698498,5.761863,5.9220653,0.91905224,-3.1571414,3.2309597,8.278801,2.2570004,-1.4488853,1.2413617,4.2519736,6.356473,-0.815124,3.731843,6.6859994,3.534337,-4.583696,2.1453497,-0.24256621,9.772824,1.6917651,-1.2126199,1.3135085,4.4837914,7.5053587,-1.5654241,-0.41798466,5.400505,5.174858,-1.4546905,3.2627828
973,5.2749815,-2.048411,3.8597205,3.329145,6.2455516,5.020871,-2.1574988,5.4369087,4.7056375,3.6320157,6.1456957,4.965654,-1.1206719,-2.5913494,2.232027,8.855156,0.7512895,-1.5082843,1.3385011,4.924449,5.987337,-0.61543745,3.9112093,7.290013,0.8718397,-4.453012,2.7397509,1.9282736,9.62986,0.9895723,-1.3445153,1.4203408,5.221134,6.672914,-2.8271236,0.1712045,5.4875045,4.951233,-1.5019157,3.4796913
974,5.367644,-1.4413738,4.1563272,5.1414347,6.342706,3.2362914,-1.8378344,5.4280643,6.4183455,4.022064,5.977999,3.4240882,-2.3984766,-1.8575094,1.3444949,9.02784,-0.25061667,-1.1167984,1.3359932,5.5399227,5.5974045,-0.54789746,4.0669417,7.346519,-1.7002859,-3.735603,2.31482,3.9442163,9.197408,-0.6027445,-0.9847488,1.429165,5.8648577,5.438691,-3.821921,0.62257797,5.777652,4.5707417,-1.5139651,3.660239
975,5.5654635,-0.84401107,4.3176174,6.7872963,5.813329,1.1814327,-1.4502109,5.1546893,8.006381,4.3177857,5.121605,1.7760619,-2.7953598,-1.1790185,0.8125371,9.03087,-0.6640791,-0.48336735,1.4145052,6.0711865,5.1711245,-0.57014555,4.210689,6.9236536,-3.7697687,-2.438848,1.471206,5.249227,8.355172,-2.4170704,-0.0056133545,1.5586091,6.340976,3.8752525,-4.4774075,0.7113084,6.17909,4.0893245,-1.5244454,3.7884326
976,5.8676453,-0.25754064,4.452414,8.068459,4.386186,-0.6746958,-0.999356,4.7918806,9.353241,4.2580776,3.6570451,0.5583377,-2.5669904,-0.67622757,0.6413913,8.989157,-0.61361295,0.17466024,1.686977,6.542983,4.650525,-0.63921845,4.3473163,6.162192,-5.0834584,-0.7504534,1.0109853,5.92816,7.142762,-3.8008792,1.2936587,2.185595,6.620008,2.0269027,-4.725256,0.2978515,6.494564,3.6370125,-1.534186,3.8551579
977,6.268454,0.34441668,4.631293,8.785378,2.142559,-1.7469893,-0.6536311,4.510555,10.36826,3.5541594,2.00653,0.04831714,-2.0946805,-0.30073622,0.73474413,8.941456,-0.2851554,0.7164625,2.157485,6.971039,3.9596128,-0.7117426,4.4799204,5.229545,-5.6509237,0.880495,1.4139977,6.3722825,5.56944,-4.563739,2.3554533,3.463819,6.550134,-0.07552661,-4.42082,-0.5775457,6.525162,3.397448,-1.5246863,3.865297
978,6.7619047,1.00206,4.8706865,8.786965,-0.400762,-1.6661943,-0.5441581,4.325539,11.002953,2.1587331,0.7930034,0.11802617,-1.6053957,0.031129092,1.0190142,8.898244,0.14354193,1.0951071,2.7669978,7.3290706,3.0431933,-0.7345479,4.6080594,4.2620063,-5.6931553,1.9968537,2.6345067,6.7333226,3.5365846,-4.837729,2.6991642,5.0783486,5.8204,-2.1909459,-3.3961399,-1.6120582,6.2026825,3.4957106,-1.4825689,3.8398612
979,7.3468585,1.7481883,5.114108,8.036757,-2.5381567,-0.5282498,-0.4464323,4.1965427,11.231519,0.42560643,0.4587207,0.42892024,-1.1406423,0.35584235,1.4563141,8.863532,0.52579,1.3357782,3.447055,7.548588,1.8998958,-0.64551836,4.7289457,3.3300092,-5.472448,2.386412,4.2590804,6.7835536,1.0199703,-4.6890106,2.1393445,6.430427,4.3474965,-3.800764,-1.7790091,-2.2838826,5.6801043,3.8756106,-1.399334,3.8048632
980,8.025309,2.5764856,5.216873,6.664278,-3.800552,1.0875484,0.075553514,4.254379,11.041459,-1.1245085,1.0236298,0.78536147,-0.6999251,0.67873853,2.0218453,8.832969,0.756674,1.4994832,4.147943,7.534991,0.5984706,-0.39418936,4.846584,2.4400184,-5.164438,2.1000159,5.768432,6.1805906,-1.6486369,-3.980724,0.90083855,7.1124225,2.5947945,-4.539564,-0.111689195,-2.2134016,5.225504,4.3355646,-1.270081,3.7765806
981,8.793463,3.3989375,4.966126,4.9665127,-4.175182,2.4517105,1.2206963,4.690471,10.389821,-2.1855152,2.1698103,1.2363639,-0.3126762,1.003264,2.6951382,8.784998,0.77551895,1.6514194,4.8430214,7.191109,-0.7332248,0.02188644,4.9812965,1.5610144,-4.8277574,1.3346561,6.7809854,4.8585267,-3.8090687,-2.6657715,-0.38084188,7.2274346,1.1700672,-4.5290046,1.1133157,-1.4557121,4.994343,4.6852036,-1.1095558,3.7576122
982,9.626103,4.01082,4.181707,3.3515253,-3.9444535,3.1488273,2.834514,5.520178,9.145338,-2.770627,3.4636798,1.8952315,-0.03510361,1.3326626,3.4606001,8.672716,0.56086767,1.8414471,5.520312,6.441647,-1.9477837,0.52465063,5.1621604,0.6619288,-4.4268646,0.3218488,7.20167,3.1831076,-4.988711,-1.0990075,-1.0331782,7.1749377,0.25344393,-4.1073284,1.7851204,-0.31663507,4.9945784,4.81583,-0.9508012,3.742506
983,10.45787,4.1185536,2.8958476,2.2178516,-3.4136226,3.2110536,4.614663,6.531033,7.1227784,-3.045104,4.5205545,2.7766852,0.067266636,1.6603458,4.3048053,8.4213915,0.12373408,2.092895,6.16901,5.2515044,-2.922145,0.9557687,5.398963,-0.24631603,-3.8702297,-0.7263829,7.1817713,1.6675282,-5.251467,0.19941606,-0.8356254,7.1971335,-0.35339782,-3.5002663,2.022687,0.9269918,5.1821375,4.6745944,-0.8263175,3.7229183
984,11.178984,3.4890695,1.4684654,1.7570418,-2.7731547,2.9147701,6.2894244,7.296276,4.2517657,-3.096054,5.061118,3.7695234,-0.030013535,1.9719859,5.2091627,7.934455,-0.49672982,2.393064,6.765255,3.6401157,-3.5654702,1.1250025,5.6614738,-1.073009,-3.0655367,-1.6176625,6.961014,0.6166108,-4.953348,0.97167516,-0.023232467,7.260269,-0.8928243,-2.7806575,1.9884013,2.108104,5.501155,4.232679,-0.75061476,3.6886773
985,11.666085,2.1619024,0.43458974,1.8219787,-2.0905256,2.5428855,7.675465,7.2534957,0.8374026,-2.840178,4.96101,4.6827307,-0.24655375,2.2564735,6.138495,7.1085324,-1.2340355,2.684535,7.264257,1.7067244,-3.7790463,0.89714074,5.894345,-1.6426517,-2.0008943,-2.1702604,6.7474313,0.055103473,-4.405256,1.2704502,1.0403455,7.234891,-1.4772302,-1.9463713,1.8444641,3.1495636,5.873457,3.4789836,-0.7059398,3.6306458
986,11.840243,0.5132934,0.1625018,2.086525,-1.3921231,2.280038,8.682278,5.9867463,-2.3442945,-2.2386992,4.386196,5.3542423,-0.40993527,2.510706,7.0264926,5.860335,-1.9889169,2.8648868,7.611398,-0.3283074,-3.4220743,0.30137008,6.055836,-1.761133,-0.81163526,-2.2511215,6.662996,-0.15803017,-3.7809315,1.27249,2.0863545,7.033467,-2.079232,-0.995548,1.7622709,4.042682,6.1822615,2.4355948,-0.6348614,3.5539086
987,11.704979,-0.9418264,0.6616099,2.3653193,-0.7317314,2.2108364,9.2901745,3.5550246,-4.4194274,-1.6182305,3.7241707,5.778742,-0.3843414,2.7413025,7.772043,4.170295,-2.6173148,2.808318,7.7784104,-2.1082568,-2.3800998,-0.37736952,6.1489,-1.344029,0.25553417,-1.8547786,6.7199903,-0.20900786,-3.1556652,1.1394113,2.9846087,6.6351085,-2.6028101,0.020200634,1.9111222,4.830361,6.2672815,1.1815617,-0.45471963,3.5007298
988,11.32573,-1.8463448,1.653929,2.7021954,-0.16831185,2.3454864,9.499099,0.5220262,-4.9016485,-1.4789324,3.1496937,6.090298,-0.14117266,2.969218,8.260694,2.13392,-2.9259017,2.4242797,7.799024,-3.2270799,-0.7530963,-0.6555385,6.222113,-0.5168027,0.99192584,-1.1277198,6.845222,-0.25228477,-2.548231,0.97736216,3.704753,6.0682693,-2.9689434,0.98575836,2.414342,5.567386,5.935967,-0.1331688,-0.11050141,3.5630584
989,10.773963,-2.1574159,2.7730827,3.1923819,0.26594234,2.6397,9.299008,-2.3038273,-3.7556126,-1.8313276,2.53384,6.4190536,0.33220333,3.2220502,8.391936,-0.010176905,-2.7059162,1.7571971,7.7547517,-3.4169226,1.04357,-0.15519695,6.3117476,0.41059417,1.3509413,-0.2767141,6.9514003,-0.3695287,-1.9447981,0.8503077,4.2682257,5.3842993,-3.161871,1.7620357,3.3031673,6.249178,4.998982,-1.2979764,0.34577486,3.847576
990,10.100154,-2.0773978,3.7517292,3.8386867,0.5630179,3.0146685,8.710188,-4.209155,-1.3787804,-2.0538452,1.908346,6.781285,1.0798619,3.509115,8.092108,-1.9169258,-1.8430378,1.0780087,7.7126637,-2.700593,2.4998665,1.0802814,6.368875,1.0872118,1.4399683,0.55289644,6.988183,-0.5667766,-1.3205091,0.805271,4.715709,4.6294065,-3.2210193,2.2410169,4.496525,6.7405553,3.3543818,-2.0747497,0.72319543,4.378517
991,9.364224,-1.8505458,4.490586,4.572232,0.7321307,3.3878233,7.84281,-4.909011,1.3839496,-1.5524877,1.5672282,7.1255016,2.0802896,3.783981,7.3332176,-3.2636688,-0.4797413,0.825838,7.6878076,-1.3944303,3.3668559,2.6384928,6.2853394,1.2945627,1.4356756,1.3184791,6.939031,-0.8066836,-0.6607353,0.8874538,5.087711,3.8241184,-3.202909,2.3760045,5.810384,6.771572,1.1311393,-2.2486115,0.8125861,5.0192976
992,8.661433,-1.6074126,5.004591,5.319789,0.79297173,3.7028315,6.880094,-4.6287723,3.6695273,-0.27568316,1.6507409,7.444843,3.1843028,3.9173846,6.178279,-3.9140806,0.955913,1.3227241,7.6573844,0.028214179,3.7407095,4.089516,5.97046,1.0427238,1.493664,2.047122,6.7936893,-1.0483812,0.027640054,1.1408662,5.408891,2.957783,-3.14305,2.180194,7.003238,6.0775113,-1.2139157,-1.7348135,0.63358426,5.5612874
993,8.056744,-1.3722731,5.3455276,6.025722,0.7675029,3.940993,5.99561,-3.8185492,5.1009545,1.4478645,2.0400674,7.7497716,4.170264,3.73064,4.8228917,-3.9641209,2.0022573,2.5142272,7.591757,1.1375824,3.8640199,5.222066,5.3751736,0.5199535,1.6816179,2.7900422,6.5280848,-1.2713068,0.71725965,1.6000557,5.671355,2.0001352,-3.03092,1.7123904,7.8688307,4.6448283,-3.0676606,-0.7461286,0.512803,5.93911
994,7.497803,-1.1580554,5.5638185,6.651367,0.6768934,4.113801,5.2963657,-2.842387,5.7807293,3.2784042,2.604052,8.002106,4.795451,3.115094,3.5725498,-3.6245887,2.4652176,4.045521,7.4825644,1.701839,3.932211,6.019024,4.4912643,-0.03839257,1.9659007,3.5854795,6.1015368,-1.4781182,1.3671685,2.278606,5.819531,0.92925483,-2.802115,1.068166,8.334648,2.8083498,-4.055003,0.22723095,0.7727341,6.2749343
995,6.8433013,-1.0059495,5.6967773,7.1805577,0.5430346,4.247537,4.8233833,-1.887945,5.996892,5.0382166,3.304858,8.097326,4.836807,2.1725566,2.7197313,-3.0858386,2.4589036,5.547516,7.3331695,1.7075201,4.036089,6.5402637,3.3570726,-0.44920728,2.2559786,4.426299,5.470168,-1.6794987,1.9279293,3.1558049,5.7468266,-0.22869258,-2.3591263,0.38383394,8.482263,1.0438238,-4.1985445,0.77321017,1.410679,6.7027497
996,5.9564486,-0.95196325,5.76256,7.6224008,0.39129055,4.368852,4.5778856,-1.0162401,6.0170407,6.691845,4.104599,7.8485117,4.202236,1.2295667,2.3702343,-2.46414,2.2314136,6.8160024,7.1122828,1.2748033,4.1900263,6.8497663,2.0565767,-0.6100567,2.4770725,5.249593,4.6107063,-1.8703873,2.343894,4.1625476,5.321839,-1.3677123,-1.6367184,-0.15633519,8.473678,-0.30966693,-3.7231224,0.8410658,2.1816175,7.252704
997,4.763316,-0.9826802,5.7570863,8.001336,0.25370818,4.4952207,4.5440955,-0.22481962,6.0311146,8.25239,4.824361,7.0105386,3.0798867,0.64073956,2.3879995,-1.8141584,1.9962308,7.8074684,6.7341776,0.56963605,4.3741755,6.997127,0.7051125,-0.48363185,2.629294,5.9637623,3.539429,-2.014702,2.5621102,5.177674,4.4567533,-2.3158495,-0.69415355,-0.34575158,8.446373,-1.1514689,-2.8597276,0.6602028,2.867556,7.8589406
998,3.2697153,-1.0174282,5.6632442,8.338843,0.17142682,4.6304374,4.701138,0.51819825,6.1634345,9.679846,5.058459,5.4698,1.9552414,0.5280408,2.5547009,-1.1701238,1.8742808,8.560395,6.0899825,-0.23968169,4.553454,7.020999,-0.57133734,-0.08119028,2.8029094,6.488918,2.3083887,-2.0478044,2.557083,6.0558352,3.1902459,-2.9089634,0.2537226,-0.04741269,8.436686,-1.5680825,-1.7961547,0.5054442,3.4097528,8.3949995
999,1.560328,-0.9283894,5.485161,8.637682,0.18913779,4.764516,5.0276847,1.2647426,6.4913425,10.79024,4.2909617,3.5750947,1.3280329,0.7431611,2.7476456,-0.55987304,1.9138948,9.126846,5.095833,-0.9974181,4.676339,6.9543767,-1.6565278,0.5354879,3.141846,6.7658486,0.9826643,-1.8906167,2.3631082,6.687015,1.7099259,-3.0663562,0.94771737,0.6986458,8.379364,-1.7295825,-0.67697084,0.55478406,3.8769996,8.712391
1000,-0.21417245,-0.5999655,5.300078,8.87889,0.33025652,4.8796115,5.506952,2.087721,7.03899,11.214303,2.3273022,2.1729205,1.3036538,1.1003448,2.9356813,0.008673237,2.1256163,9.530723,3.7274666,-1.5632656,4.6792574,6.8259096,-2.4624703,1.249867,3.7672563,6.721342,-0.3714196,-1.473361,2.0933692,7.0436687,0.2733607,-2.7989602,1.2635541,1.6791707,8.191831,-1.7861687,0.39956066,0.88366765,4.377031,8.666884
1001,-1.8697201,-0.019118233,5.277478,9.032483,0.5549562,4.964494,6.139755,3.0739994,7.725376,10.490367,-0.29065844,1.9724325,1.6551718,1.5127977,3.108069,0.54536134,2.5031881,9.746635,2.0412824,-1.8076931,4.517549,6.6551046,-2.9448767,1.9142284,4.6934257,6.236164,-1.6665004,-0.7847376,1.9293696,7.1688685,-0.9136594,-2.1718688,1.2881131,2.6516364,7.853928,-1.8093168,1.3718864,1.5174521,4.9825625,8.117437
1002,-3.2388763,0.63746786,5.595159,9.070892,0.7384358,5.0320992,6.963733,4.2812138,8.258309,8.342214,-2.5331712,2.7910244,2.339256,1.908514,3.2495859,1.070461,3.030192,9.696975,0.18806422,-1.6188663,4.223794,6.4432554,-3.1135702,2.4055169,5.789534,5.184232,-2.767697,0.053447522,2.061731,7.1118298,-1.7719762,-1.2810112,1.2431288,3.4891458,7.3987613,-1.8093108,2.195517,2.4631724,5.676126,6.9204936
1003,-4.193518,1.0036614,6.253119,8.985657,0.72530967,5.119871,8.054643,5.6190968,8.041661,5.0439525,-3.6732621,3.631133,3.4595332,2.2072387,3.3262305,1.6141088,3.678603,9.26984,-1.5993158,-0.95734173,3.9578989,6.168011,-3.0392284,2.67612,6.831229,3.5463705,-3.505879,0.7622152,2.5691895,6.871823,-2.3399954,-0.24833547,1.3561628,4.2010264,6.8486843,-1.7901498,2.835715,3.6997876,6.2944617,4.9686513
1004,-4.586753,0.70349145,6.9357433,8.838205,0.45804593,5.253543,9.464427,6.6434336,6.3676066,1.6313176,-3.7033894,3.6863756,4.7873735,2.4067457,3.3029885,2.2055175,4.401737,8.35726,-3.078987,0.045264985,3.9682636,5.782222,-2.8515308,2.7542336,7.6174455,1.5007459,-3.720697,1.041498,3.3108284,6.426377,-2.6994166,0.7863069,1.7806638,4.852187,6.1695647,-1.7761824,3.2705007,5.142969,6.4910083,2.3280396
1005,-4.2223334,-0.29554683,7.1471066,8.803846,0.06647058,5.4035144,11.065416,6.4570494,3.2316144,-0.47792116,-3.1836975,3.064175,5.936906,2.6404486,3.179998,2.8448808,5.11812,6.901657,-4.1109657,1.0481008,4.4207344,5.2119136,-2.7044604,2.6924908,8.062962,-0.5970074,-3.2880766,0.8226924,3.9969277,5.8262825,-2.9010594,1.6832253,2.5755785,5.4700413,5.2657146,-1.7929615,3.4876418,6.611465,5.81849,-0.5467146
1006,-3.1192496,-1.4628209,6.6381154,9.039366,-0.18936884,5.5168986,12.411027,4.269859,0.099547476,-0.7424995,-2.680778,2.2917938,6.7857394,3.0320902,2.97187,3.4877148,5.697577,4.937444,-4.691627,1.6278361,5.222956,4.389713,-2.6950045,2.5137937,8.210536,-2.3225992,-2.17564,0.4019118,4.4406247,5.1985316,-2.96273,2.3334079,3.7037406,5.98556,4.015307,-1.8232502,3.4783108,7.8443036,4.0433187,-2.811962
1007,-1.8099368,-2.1429417,5.64445,9.495512,-0.057548773,5.6101356,12.9053335,0.5433931,-1.1001567,-0.16482545,-2.2188368,1.6650103,7.3939304,3.5782769,2.6826916,4.0637445,5.981872,2.624563,-4.85336,1.49964,6.0483603,3.3622017,-2.7902844,2.20338,8.183059,-3.3233223,-0.56080693,0.2741318,4.705548,4.6113224,-2.9169817,2.6868525,5.037204,6.216837,2.360024,-1.7727796,3.2522318,8.613291,1.4930075,-3.7508295
1008,-0.90473217,-2.2094073,4.561939,10.028365,0.61620057,5.756356,12.229029,-3.0019073,0.14788851,0.2741694,-1.7160918,1.2494054,7.8337226,4.19,2.311722,4.5090775,5.849941,0.26074263,-4.5538783,0.68102056,6.567672,2.3619015,-2.8641572,1.7524823,8.114056,-3.436601,1.1498277,0.7800715,4.953282,3.989105,-2.8223875,2.7483337,6.3835683,5.918095,0.4325542,-1.5033616,2.8887157,8.862606,-1.0527204,-3.270408
1009,-0.4538177,-1.9274281,3.615526,10.578063,1.871683,5.9200606,10.496383,-4.958335,2.7157483,0.85917765,-1.2559751,1.0400531,8.169227,4.7516026,1.8583544,4.7954473,5.2930126,-1.7792718,-3.7195194,-0.47562018,6.6761265,1.6763258,-2.8323014,1.205296,8.086735,-2.7196047,2.527201,1.8853453,5.200619,3.1750283,-2.7172725,2.54757,7.536227,4.926307,-1.3975933,-0.9751622,2.5707107,8.717497,-2.8879676,-1.7759038
1010,-0.097926445,-1.5026598,2.894549,11.146652,3.5872624,5.796723,8.094003,-5.2427936,4.9861894,2.0016785,-1.0141678,1.0052583,8.4605665,5.146502,1.3248138,4.9473963,4.43639,-3.2033002,-2.414958,-1.437805,6.5228186,1.4095877,-2.7225652,0.64378893,8.110892,-1.3774768,3.363262,3.2527778,5.282044,2.0696805,-2.5677333,2.1255639,8.34288,3.3383572,-2.6923714,-0.37495834,2.491861,8.348788,-3.7428508,0.16187896
1011,0.43956825,-1.0328486,2.446803,11.734366,5.3474627,4.8666244,5.6004457,-4.5359025,6.1367784,3.3602448,-1.1906191,1.0400425,8.752611,5.2869635,0.72666353,5.034423,3.4758747,-3.9448807,-0.9123922,-1.7879752,6.346923,1.4204487,-2.6132329,0.12842372,8.141527,0.34556425,3.70739,4.4753714,4.9970617,0.76130867,-2.2808096,1.5614322,8.769255,1.5277417,-3.204307,0.008226005,2.6764786,7.874532,-3.7452223,2.0209806
1012,1.1734539,-0.61506027,2.2715166,12.325776,6.4071903,2.8436565,3.8069448,-3.4072359,6.3747773,4.366298,-1.7485731,1.0285087,9.055587,5.1453447,0.10469429,5.136207,2.5828428,-4.14372,0.45100886,-1.4119291,6.2923303,1.4580729,-2.5485122,-0.32801378,8.111182,2.2426171,3.7198205,5.261317,4.2728577,-0.4708225,-1.8000734,1.0029441,8.906851,-0.059845086,-2.9546216,0.074244194,2.9695437,7.3909707,-3.1844628,3.4801788
1013,1.9556805,-0.3311603,2.3035834,12.870493,6.02829,0.25645405,3.3090818,-2.049516,6.302557,4.7399244,-2.4803524,0.8960401,9.340367,4.759262,-0.47646675,5.302961,1.8557698,-4.0071263,1.452494,-0.4501441,6.351752,1.2961721,-2.5019593,-0.74054086,7.951747,4.16068,3.5212588,5.4956822,3.2423716,-1.3315341,-1.187358,0.62706256,8.897946,-1.1318953,-2.1389313,-0.007338639,3.2316272,6.9973755,-2.3226433,4.4616823
1014,2.6168046,-0.19723468,2.4486082,13.256714,4.061196,-1.7743037,3.7736742,-0.33307296,6.3124614,4.3962703,-3.2207003,0.56848234,9.544244,4.2361493,-0.9490995,5.5381784,1.3277596,-3.7012615,2.0348623,0.85139674,6.419959,0.8004696,-2.373396,-1.1169498,7.6081476,5.9753456,3.145192,5.231956,2.182793,-1.705659,-0.57804877,0.5425151,8.839585,-1.617082,-1.0279092,0.016163295,3.4587975,6.7504025,-1.3386374,5.044691
1015,3.0460286,-0.17048906,2.6286604,13.345151,1.1344153,-2.4935772,4.176648,1.7622155,6.3770046,3.2554743,-3.8211946,-0.05513595,9.572543,3.762097,-1.2713295,5.8138337,0.9923615,-3.3258371,2.2574468,2.250872,6.356831,-0.02800062,-2.0189588,-1.4233711,7.062477,7.565458,2.589212,4.6614895,1.3526995,-1.6825963,-0.066127025,0.7467818,8.757562,-1.6080433,0.10871127,0.292557,3.7249177,6.6425085,-0.35178614,5.3474097
1016,3.2107372,-0.18668793,2.8032703,13.057875,-1.7448407,-1.8222985,4.0257897,3.7987018,6.198395,1.3953629,-4.0276637,-1.0392215,9.301818,3.5772197,-1.4413043,6.103394,0.8234374,-2.9346867,2.230104,3.561507,6.0334926,-1.0389502,-1.3304262,-1.5647535,6.374643,8.82158,1.8987765,4.0450125,0.8658237,-1.4331702,0.33829108,1.172856,8.646343,-1.2800937,1.075946,0.8295323,4.0907755,6.6270804,0.5461053,5.4584627
1017,3.1463485,-0.1872753,2.9678621,12.437443,-3.7091975,-0.121573746,3.8712435,5.322921,5.4667883,-0.7116893,-3.5560699,-2.2261963,8.638012,3.8633285,-1.4727521,6.4025707,0.7852325,-2.5602467,2.0657377,4.66926,5.381044,-1.9924258,-0.33598536,-1.4100512,5.704005,9.681355,1.1888837,3.6012232,0.69225967,-1.0949482,0.6698948,1.7499206,8.504262,-0.8251393,1.7951571,1.5622891,4.5785894,6.64017,1.2740642,5.426073
1018,2.9371223,-0.13139623,3.1408484,11.624871,-4.409348,1.8798501,4.5235343,6.2220097,3.9558458,-2.3498552,-2.40783,-3.1620688,7.643551,4.5859165,-1.3338386,6.7153735,0.8279657,-2.2254133,1.8530647,5.5313487,4.425534,-2.6823487,0.769647,-0.8648315,5.260058,10.142864,0.5692632,3.4262118,0.74446565,-0.7428296,0.96651393,2.428029,8.335023,-0.40470958,2.2893012,2.4273226,5.186727,6.5991087,1.7591884,5.2821426
1019,2.6906278,-0.0010651215,3.3480678,10.777697,-4.0937805,3.4298122,6.1067123,6.3181205,1.6651475,-2.9804711,-1.0674958,-3.4466226,6.550784,5.51339,-0.9276654,7.012965,0.86878,-1.9399939,1.6456403,6.158425,3.2745624,-3.0266855,1.7213975,0.07007588,5.2057524,10.223374,0.061076347,3.5092418,0.9508016,-0.41171435,1.2553948,3.176911,8.132681,-0.12647915,2.6340153,3.3973384,5.894791,6.387992,1.950971,5.0750604
1020,2.5054233,0.1996535,3.6104987,9.998425,-3.288732,4.2586417,8.013066,5.155936,-0.8524037,-2.5834467,-0.10670425,-3.1275208,5.5639215,6.441909,-0.17151676,7.2026644,0.7875909,-1.6842406,1.4663299,6.588144,2.066782,-3.0525632,2.3249927,1.3045996,5.6009793,9.89099,-0.40144396,3.8024683,1.2796211,-0.12220956,1.5533848,3.9777873,7.8688107,-0.042407025,2.9094956,4.4807987,6.641299,5.848739,1.8583317,4.8831353
1021,2.4418614,0.45332333,3.9374807,9.319134,-2.4215565,4.5641813,9.483491,2.5916607,-2.5368407,-1.7531438,0.40422764,-2.524949,4.755875,7.3160834,0.9196907,7.128413,0.47289985,-1.3961644,1.326956,6.8633504,0.9278709,-2.822518,2.5292513,2.7028382,6.3997855,9.0208235,-0.89638036,4.2569585,1.7351837,0.10489837,1.8679329,4.814813,7.488664,-0.15834388,3.1677947,5.700942,7.2793255,4.8085732,1.5959084,4.788255
1022,2.507297,0.74097854,4.3252397,8.724458,-1.6982869,4.6504984,10.085141,-0.66377354,-2.5508947,-1.2275555,0.7401029,-1.8473798,4.151729,8.15763,2.1983826,6.590653,-0.08915556,-0.9955588,1.2568293,7.020913,-0.049518205,-2.3846881,2.4170127,4.1196218,7.435188,7.417092,-1.4239175,4.7895713,2.3392634,0.24312091,2.195885,5.666769,6.917195,-0.44581538,3.4131808,7.057933,7.5346117,3.181057,1.3867624,4.830467
1023,2.6569393,1.0487052,4.7597036,8.177863,-1.1684607,4.7062993,9.817513,-3.418645,-0.87931436,-1.0274242,1.0753157,-1.1440128,3.7818046,8.97757,3.3617115,5.4191923,-0.7391255,-0.46196768,1.3190184,7.0858173,-0.8147998,-1.7716256,2.1599808,5.4285674,8.37455,4.943645,-1.8445764,5.2259207,3.0870378,0.26923168,2.5228555,6.4995265,6.0750628,-0.85086256,3.5937686,8.475142,7.0333414,1.1270512,1.4448551,5.013591
1024,2.8218193,1.3631167,5.221014,7.6376176,-0.8143627,4.7943387,8.965106,-4.875935,1.6759739,-0.46460208,1.4543902,-0.4208883,3.6802216,9.746478,3.9758024,3.653227,-1.1836241,0.0988483,1.5771443,7.0639997,-1.3640726,-1.0223755,1.9625721,6.5555577,8.732712,1.7553304,-1.9057524,5.349482,3.8857906,0.19712938,2.82957,7.2607346,4.9042974,-1.2950453,3.613658,9.762937,5.4939423,-0.871446,1.7440466,5.3671956
1025,2.978826,1.6625565,5.685033,7.0663595,-0.6000456,4.9137926,7.886498,-5.0547314,4.0207443,0.9007958,1.7413093,0.2718256,3.8649826,10.384479,3.6323373,1.7173064,-1.2043991,0.5365059,2.0242558,6.9428225,-1.7280766,-0.1977541,2.00549,7.4940567,8.0321865,-1.5614173,-1.43859,5.1368966,4.5644236,0.10491792,3.105886,7.87839,3.4014337,-1.6643065,3.3802853,10.675587,3.040052,-2.197917,1.9291488,5.9078875
1026,3.211634,1.9256499,6.119081,6.4389997,-0.4852745,5.048446,6.8564234,-4.4699993,5.5142612,2.7902985,1.6564348,0.83894134,4.3145227,10.747288,2.2225933,0.3174317,-0.87076926,0.83309305,2.5820367,6.7079926,-1.9472808,0.62168795,2.4053392,8.247476,6.036612,-4.209002,-0.686196,4.884178,5.0111337,0.07738329,3.3580554,8.26901,1.6530085,-1.798191,2.884979,11.074581,0.32054088,-2.4257746,1.6857767,6.503464
1027,3.6395974,2.1480656,6.477222,5.7478404,-0.42474312,5.185339,6.015224,-3.6176383,6.173435,4.6105194,1.0810627,1.2523575,4.97676,10.636412,0.11259819,0.02588207,-0.44164756,1.0943372,3.183384,6.3516808,-2.0628242,1.3507323,3.193166,8.699951,2.8909054,-5.5919313,-0.3554277,4.81399,5.286139,0.12272515,3.5992377,8.363467,-0.14500014,-1.523212,2.2789812,11.039545,-1.8088402,-1.5224454,1.2437,6.964783
1028,4.2228703,2.3324466,6.7089996,5.006115,-0.36866233,5.316636,5.399137,-2.7667983,6.3242087,5.943362,0.157099,1.5848125,5.795848,9.867446,-2.0126405,0.9108679,0.021013899,1.3974247,3.8009968,5.862424,-2.1213117,1.9186099,4.296289,8.533019,-0.82367927,-5.3873377,-0.9696397,4.6522183,5.594072,0.23171082,3.83731,8.137055,-1.7249658,-0.7625359,1.8790205,10.770812,-2.8158872,0.08828156,1.2364851,7.284048
1029,4.7071023,2.461084,6.787222,4.252464,-0.27239424,5.4388976,4.9883866,-2.0074863,6.272697,6.6629806,-0.87340677,1.8986652,6.713715,8.364712,-3.5766575,2.4707594,0.78458035,1.7599711,4.402194,5.2205515,-2.1655002,2.2813091,5.5278473,7.365058,-4.1188135,-3.538019,-2.063462,4.0454526,6.108184,0.4909528,4.0737624,7.611031,-2.8611605,0.34574446,2.041784,10.389309,-2.7870724,1.7354683,2.0410464,7.5874214
1030,4.767385,2.501189,6.7376046,3.5482922,-0.11087487,5.5548797,4.741517,-1.3450173,6.200962,6.820062,-1.8278689,2.1665792,7.6399994,6.2047067,-4.4270744,3.902051,2.0938365,2.15689,4.9018874,4.410995,-2.2091181,2.4234087,6.630184,5.1198196,-6.088155,-0.76875067,-2.4953184,3.246873,6.748973,1.0331345,4.291007,6.8216105,-3.4846702,1.4677725,2.9361088,9.858804,-2.2800412,2.961853,3.5343301,7.920802
1031,4.1467834,2.468123,6.6437826,2.953204,0.11441291,5.6744256,4.6152596,-0.75875217,6.1848464,6.5144806,-2.6358142,2.298337,8.441996,3.5933585,-4.7189465,4.5377235,3.8471718,2.547592,5.161779,3.4570417,-2.2195594,2.3588657,7.3906183,2.214116,-6.6000967,1.5073396,-1.7656695,2.763098,7.3367953,1.8565181,4.4156823,5.804007,-3.686845,2.2577815,4.397925,9.062014,-1.8985894,3.7159994,5.4180017,8.162672
1032,2.7559133,2.4782684,6.6139674,2.4840615,0.38277742,5.8110003,4.574859,-0.22782555,6.233739,5.8311553,-3.3056204,2.2024415,8.996009,0.8455439,-4.5530972,4.123944,5.649651,2.984773,5.049479,2.438923,-2.1347535,2.137783,7.742502,-0.7150728,-6.0867724,2.3950875,-0.3671802,2.725071,7.819397,2.778053,4.3158374,4.6286473,-3.6142893,2.5381715,6.023382,7.906278,-1.9410053,4.113904,7.469944,8.002421
1033,0.8207493,2.657347,6.7423744,2.0943913,0.66838986,5.9772086,4.596894,0.2591517,6.31865,4.8300185,-3.8592486,1.8157707,9.263764,-1.6021813,-3.8072443,2.91115,7.0681095,3.6225784,4.471061,1.4663523,-1.907235,1.8461763,7.7617774,-3.13964,-4.8630514,2.057947,0.9834679,3.0814946,8.225279,3.520783,3.8697796,3.4500616,-3.3729727,2.3407934,7.4084516,6.3948264,-2.3513787,4.1601276,9.4713125,7.0058093
1034,-1.0463557,2.89308,7.085488,1.7184131,0.9500194,6.1841426,4.666472,0.69981486,6.388403,3.567448,-4.2781115,1.1008998,9.319416,-3.227693,-2.3566766,1.6394945,7.8989296,4.468594,3.3583448,0.6733116,-1.5412704,1.5863123,7.584806,-4.73414,-3.0524561,1.2918864,1.9327618,3.8179884,8.579702,3.7671509,3.0832424,2.494975,-3.0188365,1.8422532,8.337702,4.6461444,-2.896259,3.7240655,11.089621,4.95574
1035,-2.1386259,2.8239625,7.585169,1.3780876,1.217492,6.4415174,4.7706017,1.0752915,6.3832054,2.1311996,-4.479585,0.05083985,9.281233,-3.5956063,-0.4736152,1.1495028,8.304606,5.1468096,1.7608247,0.2543394,-1.1006842,1.4458096,7.3259153,-5.3826623,-0.90572983,0.9149957,2.5517724,4.8702555,8.82376,3.2473168,2.1843886,1.942816,-2.5965188,1.2627839,8.820663,2.8434515,-3.3279707,2.7222846,12.024655,2.2986484
1036,-2.1458025,2.3430789,8.0510845,1.2220393,1.4713329,6.751164,4.888791,1.3506798,6.2547684,0.668759,-4.332747,-1.2605703,9.177849,-2.5809221,1.1703225,1.7084482,8.602404,5.080131,-0.009533156,0.37306634,-0.6483468,1.4701759,7.043929,-5.1861887,1.127545,1.3223805,3.0898242,6.089615,8.724863,1.9126289,1.5711912,1.7856952,-2.154272,0.7710654,8.997935,1.1710368,-3.4323847,1.2762989,12.284411,0.049990874
1037,-1.3695258,1.8548142,8.359735,1.3600405,1.7096313,7.0974426,4.985804,1.4841814,5.993901,-0.6187725,-3.7240493,-2.6023283,8.876149,-0.46487537,2.040168,2.8566837,8.8848,3.9188218,-1.4375434,0.9253606,-0.15122086,1.6629798,6.7554684,-4.410931,2.6602538,2.4312186,3.7523222,7.265942,7.894868,0.09185302,1.5540032,1.8714207,-1.740416,0.44164875,9.020475,-0.2002004,-3.052313,-0.28242686,12.148012,-0.92128044
1038,-0.51425076,1.7406967,8.552163,1.7084876,1.9283897,7.4504614,5.0112886,1.4472158,5.6497197,-1.5351235,-2.6602867,-3.606083,8.202157,2.1573362,2.1384423,3.9529552,8.961775,1.8159164,-2.0791073,1.511239,0.46961287,2.009165,6.4563966,-3.3723881,3.5803876,3.9532702,4.6638303,8.078424,6.017693,-1.5620099,2.0481617,2.1070926,-1.4041656,0.27437508,8.986,-1.1129525,-2.1668942,-1.515511,11.862339,-0.46810597
1039,-0.1707073,1.92622,8.720223,2.103774,2.130214,7.780287,4.906444,1.247371,5.3162665,-1.9686254,-1.3238025,-3.9689064,7.169109,4.6454315,1.8795002,4.6824803,8.604279,-0.6205499,-1.7973269,1.8075113,1.186927,2.4855566,6.1318283,-2.3293974,4.011062,5.6594725,5.8344836,8.015227,3.2078063,-2.4229925,2.567371,2.4875433,-1.1791689,0.23380737,8.9373255,-1.4638934,-0.9643911,-2.0516877,11.517442,0.83768606
1040,-0.4610109,2.127193,8.940158,2.4728737,2.3162751,8.060456,4.620665,0.93903923,5.084761,-1.9240146,0.006465388,-3.6597197,6.017604,6.622763,1.7223274,5.0643034,7.7359433,-2.6983376,-0.7949524,1.9080471,1.8915155,3.0617232,5.7627096,-1.4386618,4.1586785,7.433744,6.9747024,6.4632,0.25424606,-2.320585,2.711192,2.9301088,-1.0522643,0.27691525,8.888018,-1.264125,0.21936932,-1.7826337,11.16491,2.131972
1041,-1.1325057,2.1631575,9.257522,2.8471732,2.47373,8.259873,4.136526,0.6110256,4.9953527,-1.486371,1.1010264,-2.8915727,5.0211754,8.054506,1.9092108,5.1815553,6.4387155,-4.020078,0.47916982,2.1731856,2.5352676,3.683705,5.329032,-0.7580137,4.2065935,9.162709,7.322532,3.2951827,-1.6265346,-1.7467158,2.5812035,3.3108876,-0.9666455,0.37143964,8.845329,-0.6517849,1.0914754,-0.9033765,10.887371,2.7388766
1042,-1.8099916,1.9508306,9.65736,3.3066761,2.5716162,8.339734,3.4909334,0.35484233,5.026014,-0.7703899,1.8539963,-1.938264,4.3319473,9.085978,2.408507,5.007522,4.8924,-4.5701227,1.5208579,2.8280666,3.1545548,4.253004,4.809888,-0.26628172,4.277864,10.614282,5.9639072,-0.3701982,-1.7560543,-1.371217,2.4510508,3.6138027,-0.88000417,0.50180423,8.818817,0.16593315,1.5430511,0.25810605,10.722111,2.3852916
1043,-2.1278646,1.4549471,10.047303,3.9477282,2.5630293,8.263005,2.7788994,0.23168473,5.122823,0.10457387,2.2642548,-1.0008546,3.9850793,9.871284,2.9712362,4.4373116,3.3519487,-4.5511026,2.0170338,3.7992558,3.8163958,4.6362443,4.191089,0.11156105,4.439025,11.449257,2.7738888,-2.675637,-0.8325445,-1.1710777,2.4064195,3.8798141,-0.7833134,0.6618091,8.819559,0.9923611,1.6333355,1.4278921,10.592185,1.1679013
1044,-1.7814771,0.80662626,10.297354,4.8242836,2.3921356,8.016743,2.1345928,0.2557863,5.242084,1.0241796,2.3869255,-0.17555217,3.9628432,10.495466,3.2261846,3.4590743,2.118598,-4.198974,1.9605757,4.8531685,4.5852942,4.6937866,3.482602,0.47182631,4.722269,11.388827,-1.1336913,-2.6305377,-0.14886405,-0.83569515,2.4588945,4.1142416,-0.6810257,0.84707665,8.856825,1.6883564,1.4911858,2.4500504,10.340212,-0.5313145
1045,-0.66174215,0.4350504,10.36958,5.810355,2.0123756,7.646414,1.6940391,0.39927065,5.370774,1.8910395,2.2959025,0.5231047,4.237534,10.950032,2.8294396,2.321847,1.4115875,-3.698549,1.5598223,5.783756,5.4709525,4.302306,2.7415757,0.89473915,5.140929,10.377806,-4.25196,-0.61832106,0.09184995,-0.41056135,2.600311,4.3027782,-0.5810729,1.0520892,8.934974,2.1778526,1.236972,3.2659655,9.8350935,-2.1648273
1046,0.9584487,0.8985103,10.424118,6.49825,1.4149772,7.277198,1.5551504,0.6131171,5.5165267,2.6357648,2.0631447,1.1239715,4.782614,11.123746,1.6607807,1.5017028,1.2072935,-3.1626844,1.0591608,6.487784,6.3678174,3.3904877,2.09326,1.415048,5.677452,8.590343,-5.829299,2.1094987,0.68458384,0.024995781,2.825329,4.4372554,-0.49239892,1.2705078,9.051569,2.4322178,0.95474225,3.8791382,9.065634,-3.2675428
1047,2.5072548,2.4632623,10.662611,6.285148,0.6679047,7.063449,1.7597414,0.85036445,5.6849737,3.2185802,1.7506287,1.6653025,5.5617595,10.819129,-0.05404311,1.4227326,1.2853388,-2.652168,0.6191771,6.9510098,7.0698004,2.010798,1.7127775,2.0292351,6.2542048,6.2924523,-6.1545973,4.212548,2.0479121,0.38480946,3.1096988,4.5129457,-0.42403942,1.4954677,9.197127,2.4532275,0.69734126,4.3271723,8.137711,-3.7071779
1048,3.5030868,4.9095216,10.951856,4.604602,-0.0008496014,7.049273,2.2898438,1.075659,5.8653827,3.6240969,1.4100378,2.1729987,6.505081,9.822796,-1.8339167,2.1596296,1.4961704,-2.2202091,0.30300152,7.214323,7.373537,0.38618422,1.731326,2.7572153,6.7171226,3.6982837,-5.9006553,5.010152,3.845296,0.5401455,3.3843613,4.543412,-0.37619123,1.7204677,9.356079,2.2632203,0.5006336,4.6593556,7.185026,-3.6747115
1049,3.7992353,7.6699524,10.573563,1.3558432,-0.18426494,7.0957804,3.025959,1.2684561,6.0323167,3.8566816,1.0844623,2.6531444,7.4874754,8.0196705,-3.220703,3.3510034,1.8910865,-1.9322125,0.11423459,7.3435855,7.1855493,-1.1657921,2.1132655,3.685915,6.8334904,0.95356643,-5.43808,4.498951,5.5264864,0.5980392,3.604404,4.5547695,-0.33779022,1.9417987,9.508497,1.9011194,0.39272147,4.9214554,6.287358,-3.4620643
1050,3.5034719,10.04374,8.536629,-2.5311959,0.26009026,7.149607,3.7357378,1.4291059,6.1616874,3.9358747,0.8079522,3.0975034,8.330635,5.480652,-4.0072117,4.389949,2.534721,-1.8632668,0.024592444,7.402621,6.547259,-2.4029229,2.6248417,4.8761353,6.293788,-1.731363,-4.714983,3.0378296,6.7350516,0.92778915,3.7594807,4.5352273,-0.2944933,2.1595855,9.632888,1.4196957,0.39499068,5.1501803,5.4499636,-3.2861688
1051,2.7985892,11.495562,4.629688,-5.39775,0.47704276,7.3727674,4.3129473,1.5443268,6.2431192,3.8934388,0.60298043,3.496137,8.839565,2.4686108,-4.1920514,4.778561,3.303431,-2.0458906,-0.010554772,7.433497,5.579541,-3.2615552,2.9542975,6.1955667,4.817103,-3.9271243,-3.5964522,1.2521526,7.3724947,1.851646,3.7924893,4.4080744,-0.22276592,2.3780806,9.709018,0.88056475,0.51800966,5.3737144,4.624681,-3.2452435
1052,1.8316828,11.976455,0.037974484,-6.032487,-0.6575307,7.4115086,5.0535526,1.5908648,6.2662687,3.7767055,0.47989732,3.8473876,8.860647,-0.6074385,-3.779621,4.401731,3.9469304,-2.3849132,-0.028439706,7.4541545,4.412703,-3.806893,2.8840852,7.3284793,2.4559236,-5.0964503,-2.3161037,-0.14917777,7.5339518,3.3295472,3.5921633,4.091265,-0.07661448,2.6105,9.7181,0.3443346,0.75709105,5.6113505,3.740984,-3.3384178
1053,0.6810233,11.89404,-3.3779368,-4.0947523,-2.5034907,6.588898,6.3060184,1.6782253,6.1969147,3.6272924,0.44294268,4.159247,8.334923,-3.272601,-2.749108,3.596516,4.297342,-2.6960926,-0.048521042,7.469159,3.1529589,-4.1142483,2.366681,8.025304,-0.20839286,-4.972673,-1.3941836,-0.8636137,7.390598,4.987206,3.06821,3.6105866,0.20058085,2.888081,9.639133,-0.14482813,1.0918164,5.8684835,2.735201,-3.4880152
1054,-0.62257504,11.707287,-4.2113347,-0.58923423,-3.1515636,5.2915015,7.776682,2.0511708,5.9673867,3.43306,0.5018,4.4441595,7.3173494,-5.152322,-1.2607516,2.9707851,4.3596177,-2.8753994,-0.08223839,7.478639,1.8904749,-4.1962743,1.4844621,8.298591,-2.348778,-3.7194703,-1.0027368,-1.094546,7.0800133,6.4320436,2.219838,3.1348395,0.6444353,3.2616384,9.441821,-0.5752895,1.4913294,6.1303935,1.5796893,-3.5502417
1055,-2.0077996,11.515429,-2.3092656,2.2601993,-2.2420359,4.4113827,8.994385,2.7321446,5.4681516,3.1529114,0.6795146,4.711527,5.9402156,-6.1603146,0.2273268,2.9833019,4.1897206,-2.9786017,-0.14345871,7.4817204,0.7231439,-4.007427,0.38609055,8.342642,-3.358444,-1.8120984,-0.8088441,-1.0807645,6.700051,7.452019,1.1694058,2.8730419,1.2645597,3.7817287,9.0751505,-0.9723732,1.9222376,6.3635297,0.313679,-3.3282118
1056,-3.230428,11.017253,1.1987854,2.9453807,-1.0962203,4.0572853,9.911744,3.3877969,4.6132293,2.8336847,1.0016854,4.957495,4.340568,-6.494961,1.188583,3.6185837,3.7651656,-3.117044,-0.26300156,7.4760613,-0.22857165,-3.4996314,-0.7361272,8.322625,-3.059582,0.11968907,-0.4720727,-0.87577903,6.3556957,7.997488,0.12396844,2.9333665,2.0816438,4.463166,8.450979,-1.3795271,2.3510346,6.5305967,-0.93549865,-2.624202
1057,-3.8740382,9.97624,4.6193504,1.5638303,-0.5162527,3.9607897,10.660692,3.6360853,3.4602962,2.6242042,1.4756804,5.1488295,2.6153524,-6.419742,1.3397261,4.4776363,3.071293,-3.3122497,-0.49252373,7.454554,-0.82808036,-2.6967223,-1.6550595,8.263754,-1.66595,1.5186522,0.010043062,-0.50696135,6.1509347,8.111511,-0.7357006,3.2654226,3.1524487,5.2495785,7.4304476,-1.8173444,2.7334454,6.6155715,-1.9700158,-1.3647238
1058,-3.6147416,8.693231,6.7119193,-0.8427416,-0.115202956,3.9935172,11.270158,3.24507,2.255167,2.6427991,2.093581,5.206161,0.84230465,-6.056746,0.71765685,5.1231613,2.256062,-3.4711318,-0.870149,7.4005427,-0.95954436,-1.7460715,-2.1729681,8.101978,0.33905026,2.1041381,0.4330995,-0.04427092,6.1340756,7.8721313,-1.3418478,3.7097015,4.529421,5.9680104,5.845835,-2.2321339,2.992818,6.641892,-2.5942469,0.27714813
1059,-2.4568167,7.7537208,7.2044287,-3.1602154,0.57847685,4.3338027,11.620075,2.1538076,1.3637916,2.8721044,2.8331413,5.0040627,-0.8596474,-5.3578057,-0.40376472,5.3359985,1.59261,-3.5005426,-1.3674672,7.283013,-0.58841,-0.8907218,-2.2338543,7.8036532,2.3815713,1.8961647,0.6851258,0.46426404,6.2953806,7.344102,-1.7383088,4.0888686,6.175134,6.2743073,3.624648,-2.4632638,3.017902,6.6612515,-2.6943936,1.9323072
1060,-0.6589638,7.421172,6.3406954,-4.815697,1.3474364,5.2708015,11.51268,0.41575715,1.1300213,3.2293813,3.613143,4.411045,-2.2926822,-4.2486877,-1.611481,5.1615534,1.2772,-3.4112854,-1.8863509,7.0584874,0.19524765,-0.35544455,-1.9618315,7.4183254,4.013614,1.112799,0.8569741,1.016888,6.5994067,6.550666,-2.0234346,4.269173,7.894927,5.6943526,1.0349989,-2.315703,2.7469208,6.713076,-2.260506,3.2474453
1061,1.4339635,7.457864,4.3438373,-5.7557764,1.5224439,6.623076,10.702677,-1.7135456,1.695353,3.772304,4.2593293,3.3670187,-3.2297041,-2.8260226,-2.4893963,4.8132324,1.298289,-3.2932703,-2.3224313,6.685626,1.1979762,-0.23654497,-1.5597531,7.0319033,5.0385427,0.055325296,1.1134175,1.6536397,6.991755,5.4663563,-2.281752,4.171161,9.36173,3.9334295,-1.1886433,-1.806631,2.3076007,6.8038363,-1.3739899,4.059788
1062,3.4657526,7.2973647,1.4788673,-5.9776235,0.61014545,7.5940146,9.201832,-3.660511,2.7525208,4.7630463,4.525676,1.9333435,-3.539205,-1.3991265,-2.8029919,4.5120387,1.4984156,-3.2268677,-2.6182392,6.14691,2.2033677,-0.4816255,-1.1762902,6.7057433,5.4786906,-0.9922177,1.5246819,2.4556532,7.379652,4.0281363,-2.521571,3.7563035,10.284169,1.3258483,-2.2135272,-1.2889708,1.9391806,6.9367194,-0.19047146,4.431217
1063,5.0984774,6.339389,-1.5767107,-5.254758,-1.1668772,7.4612713,7.615057,-4.8966274,3.6026611,6.299107,4.1142607,0.31723776,-3.2699826,-0.29178557,-2.587077,4.359726,1.7087507,-3.2385569,-2.7616887,5.4622135,3.0534587,-0.94613415,-0.8616265,6.463087,5.464861,-1.8432274,2.0155861,3.5019326,7.596496,2.1851285,-2.62749,3.0308015,10.61438,-1.1618649,-1.7233603,-1.0150623,1.7304273,7.130045,1.12892,4.5514736
1064,6.045225,4.3827543,-3.7925901,-3.586905,-2.8403141,6.3474073,6.5685616,-5.3711767,3.7799158,7.979053,2.8372955,-1.0527254,-2.6610036,0.39517018,-2.041704,4.3440714,1.8166697,-3.3063457,-2.762943,4.685172,3.6833355,-1.4665973,-0.60406476,6.306267,5.1424356,-2.438515,2.429301,4.7802787,7.375515,0.01843116,-2.3716052,2.099233,10.562926,-2.5531282,-0.13896734,-0.7425405,1.6749377,7.395136,2.4843569,4.5806746
1065,6.1375723,1.8906865,-4.57814,-1.6741865,-3.5817974,5.0042686,6.058482,-5.3501678,3.3560803,9.267312,0.9580987,-1.6347907,-2.0558379,0.800177,-1.3514823,4.422267,1.7669395,-3.3792267,-2.6417112,3.8875713,4.1064243,-1.9132429,-0.37859815,6.231648,4.623723,-2.8159504,2.6243825,6.1319222,6.4231744,-2.132577,-1.5844334,1.2547227,10.391029,-2.4791193,1.6643713,-0.14757752,1.8236742,7.7312818,3.7985408,4.531699
1066,5.43875,-0.34331143,-4.2186756,-0.2688077,-3.4198606,3.9659572,5.787811,-5.116364,2.6226208,9.981895,-0.8118549,-1.175803,-1.6292194,1.1063608,-0.600887,4.561274,1.5411487,-3.396046,-2.4267194,3.1411319,4.3768125,-2.2120218,-0.16962385,6.232836,3.9774768,-3.049182,2.5342972,7.306826,4.643356,-3.7567995,-0.45624542,0.92550766,10.227985,-1.2976272,2.9309986,0.7003005,2.195435,8.145977,4.940121,4.246882
1067,4.3268657,-1.7859958,-3.3701537,0.5104167,-2.8071842,3.3186347,5.570272,-4.864513,1.7966129,10.277381,-1.7692401,0.052990414,-1.2301564,1.414347,0.19184993,4.7257633,1.1413193,-3.298377,-2.1565924,2.5023599,4.554876,-2.3408852,0.028954273,6.298729,3.2392516,-3.1942804,2.1690946,8.10997,2.31932,-4.497879,0.447604,1.3029897,10.09101,0.23259515,3.4143665,1.5260988,2.7619746,8.647587,5.6816163,3.5094655
1068,3.3784254,-2.404074,-2.4954722,0.92033434,-2.0648544,2.9844236,5.3332233,-4.7024493,0.96365744,10.367191,-1.6026803,1.4208179,-0.6546447,1.7414443,1.0153216,4.861684,0.58888555,-3.0380507,-1.8729955,2.0038595,4.687881,-2.312651,0.22051871,6.412835,2.4295728,-3.2634182,1.5840076,8.512116,0.007247548,-4.3109665,0.6972603,2.0766623,10.013255,1.4477098,3.2878923,2.2124207,3.5279632,9.206798,5.701321,2.2895865
1069,2.9950652,-2.4650767,-1.7342185,1.1877906,-1.3151176,2.8878527,5.037389,-4.683474,0.1258955,10.34299,-0.43438584,2.3088148,0.044978354,2.053815,1.8368309,4.8972173,-0.06543088,-2.585807,-1.6047274,1.6546984,4.804657,-2.1566246,0.41005647,6.5548487,1.5721214,-3.2240186,0.8511505,8.630671,-1.7390176,-3.3410695,0.42322943,2.7623677,10.064503,2.0796473,2.8546007,2.8244174,4.5334425,9.682293,4.692867,0.93926084
1070,3.102429,-2.2226284,-1.0618715,1.4254776,-0.58674425,2.9719641,4.641455,-4.8260746,-0.7425413,10.14412,1.3415838,2.3843427,0.6413069,2.3422613,2.6175225,4.7613144,-0.73832655,-1.945033,-1.3512863,1.4494715,4.9184422,-1.905853,0.6046485,6.7029266,0.70765275,-3.015205,0.05399226,8.622978,-2.5592797,-1.8728001,0.13041057,3.1788273,10.243334,2.1761599,2.3648002,3.4534774,5.7994304,9.732773,2.6068907,0.059794188
1071,3.3440754,-1.8387529,-0.4538325,1.6808461,0.12074384,3.1833386,4.0959544,-5.1102157,-1.6533898,9.606364,3.2465076,1.644561,1.0238158,2.6583216,3.33561,4.400558,-1.3318738,-1.1641462,-1.0800306,1.3799857,5.0322084,-1.5914152,0.8119259,6.8357944,-0.10006087,-2.5764415,-0.6984834,8.588838,-2.3599362,-0.3411335,0.20383331,3.4864726,10.445319,1.8671182,1.9839045,4.1431193,7.24148,8.820354,-0.11454963,0.057633974
1072,3.5751443,-1.4498745,0.08911951,1.9717207,0.81563294,3.4593956,3.352885,-5.459034,-2.5699859,8.550473,4.8800063,0.37072977,1.3077848,3.071044,3.9717267,3.783838,-1.7615821,-0.33501756,-0.74333113,1.4407822,5.142862,-1.2416399,1.0380378,6.935078,-0.77063847,-1.8843881,-1.2614195,8.5417595,-1.314519,0.81982154,0.6595598,3.9085078,10.533688,1.24137,1.8159782,4.9128914,8.569403,6.4610615,-2.5799234,0.71717906
1073,3.8975098,-1.112288,0.5740838,2.3066468,1.5051955,3.7197165,2.390908,-5.7261844,-3.3880942,6.8937793,6.0530043,-0.93673277,1.670118,3.642307,4.472357,2.9064553,-1.9717525,0.4288376,-0.30566865,1.6263276,5.2428465,-0.88288057,1.2858886,6.988401,-1.22788,-0.98475,-1.4791372,8.454898,0.20169985,1.3840029,1.2851862,4.5475397,10.37432,0.35977116,1.9097339,5.798833,9.263045,2.708718,-3.8751268,1.2036545
1074,4.2545547,-0.72850883,1.0082072,2.6929674,2.1879663,3.8638034,1.2521783,-5.7226877,-3.9586935,4.7399683,6.8056626,-1.7331606,2.1458347,4.4166846,4.7298346,1.8020636,-1.934629,1.0299804,0.23665068,1.9271327,5.319492,-0.539673,1.5542153,6.9926147,-1.4280858,0.0063767354,-1.2478045,8.332084,1.7388638,1.3820391,1.8880641,5.3927317,9.827179,-0.7010448,2.2305186,6.837615,8.718611,-1.5409437,-3.5147824,0.8815138
1075,4.4991755,-0.15858008,1.3827372,3.1267836,2.8456154,3.7834127,0.067168735,-5.304926,-4.162697,2.3814847,7.263303,-1.6529119,2.619971,5.346078,4.595926,0.57079667,-1.6524075,1.4287177,0.8548054,2.3309643,5.353902,-0.23427315,1.838047,6.955356,-1.3789356,0.9454842,-0.5657575,8.230289,2.9125044,0.9988424,2.3935535,6.3708143,8.749134,-1.8432945,2.621417,7.9654727,6.571193,-4.917519,-1.7845732,0.22705145
1076,4.677056,0.55331606,1.6945058,3.5869043,3.4348297,3.3962998,-0.9690903,-4.4791527,-3.9871297,0.19234538,7.4680204,-0.6165598,2.9783106,6.230377,3.9513426,-0.5882301,-1.1817425,1.6683254,1.5073814,2.8250103,5.3207498,0.014079916,2.130548,6.893473,-1.1348444,1.7232763,0.47723022,8.212138,3.4782891,0.45100352,2.7945974,7.363985,7.023989,-2.9564784,2.8070524,8.942568,3.0635252,-6.5139275,0.031004293,0.20684487
1077,4.8504705,1.2259051,1.9613613,4.0498223,3.885428,2.6899886,-1.674189,-3.4210005,-3.529595,-1.5259876,7.3431206,1.1910677,3.2177875,6.794291,2.8208098,-1.4127892,-0.6542749,1.8518859,2.1692374,3.390967,5.1881804,0.19159546,2.4254024,6.8288774,-0.7725468,2.3004096,1.7544732,8.275283,3.3247838,-0.07421381,3.0839376,8.211879,4.6306663,-3.8750103,2.4790027,9.493741,-0.8633537,-6.2646713,0.6051521,0.83336985
1078,5.0705733,1.785831,2.2063622,4.497165,4.1135483,1.7457849,-1.9558334,-2.372356,-2.9305398,-2.6401305,6.7912173,3.411811,3.4290652,6.8227882,1.4233086,-1.7109473,-0.22086346,2.0683978,2.8466163,3.9947112,4.9169884,0.29591247,2.7185676,6.783707,-0.36410016,2.7013357,3.1463711,8.30559,2.4515758,-0.4159431,3.2488866,8.738147,1.7547262,-4.2921453,1.456259,9.591152,-3.9200833,-4.4240203,0.018169895,1.3700097
1079,5.384642,2.3009844,2.4376469,4.901146,4.049551,0.7224835,-1.8351227,-1.5049577,-2.3035347,-3.1769786,5.814146,5.644242,3.7085767,6.2119064,0.0797331,-1.4779478,0.06428238,2.3425734,3.566615,4.579098,4.4623528,0.34431797,3.0089202,6.7760315,0.03922408,2.9846885,4.547865,8.074613,0.99447596,-0.4295356,3.3237736,8.818317,-1.131197,-3.7819703,-0.08634639,9.505022,-5.0761895,-1.5663629,-0.488659,1.5798831
1080,5.7517567,2.8161824,2.6465526,5.2157526,3.6717682,-0.19458333,-1.4193488,-0.8588317,-1.711353,-3.256488,4.5498867,7.562999,4.058908,4.947538,-0.93109256,-0.89774346,0.2803893,2.6623461,4.351531,5.0592732,3.7855752,0.37908983,3.299063,6.8159494,0.41002005,3.213583,5.8517513,7.3037605,-0.7329701,-0.05206297,3.441737,8.435441,-3.3934999,-2.1123636,-1.4273821,9.504411,-4.1127877,1.187799,-0.120514676,1.7852267
1081,6.1221957,3.2950892,2.814345,5.3911676,3.0292208,-0.85621405,-0.8557591,-0.3748457,-1.178814,-3.0254016,3.2149553,8.976552,4.327705,3.1313183,-1.4460305,-0.24748312,0.54696524,3.028808,5.1957335,5.315915,2.8819957,0.46256208,3.5995586,6.901757,0.7387035,3.4360678,6.9328322,5.8025484,-2.2936974,0.55756325,3.7833638,7.649828,-4.617558,0.31802678,-1.5636938,9.596305,-1.7621465,2.8747456,0.7796243,2.1426582
1082,6.4782662,3.678054,2.9141357,5.3971043,2.236165,-1.193789,-0.28147477,0.03230917,-0.7130536,-2.6169455,2.0147943,9.836888,4.272091,1.0566598,-1.4295986,0.25342548,0.9164331,3.4700766,6.0543933,5.197398,1.8196367,0.6526568,3.9381475,7.017398,1.0214558,3.6754405,7.6519437,3.6128843,-3.2978783,1.0033202,4.385029,6.546232,-4.897719,2.5798023,-0.030104566,9.609678,0.6453431,3.3354068,1.5747019,2.6104648
1083,6.825552,3.8989782,2.9160695,5.241864,1.4366375,-1.2246296,0.2183958,0.4210078,-0.31437057,-2.1331744,1.0814759,10.226783,3.7408075,-0.8340551,-0.9885085,0.5711674,1.3651301,4.0267806,6.8368535,4.553127,0.7633805,0.9579098,4.3636694,7.1340995,1.2440802,3.927434,7.8873343,1.0512431,-3.5170803,0.9368833,5.027862,5.2778563,-4.6663055,3.9322374,2.702835,9.40848,1.9067757,3.0397098,2.121574,3.1867955
1084,7.146112,3.8706691,2.8063176,4.9806337,0.7563939,-1.0233263,0.6244492,0.81181324,0.021542722,-1.6412054,0.4604051,10.30914,2.7925968,-2.164263,-0.35957077,0.83366996,1.8613094,4.7275567,7.392021,3.3086874,-0.047636602,1.3057811,4.9216843,7.217161,1.3691584,4.164423,7.5886707,-1.3862582,-2.880572,0.41703695,5.446094,4.082758,-4.2980537,4.228378,5.7314467,8.857423,1.5801406,2.660972,2.6367743,3.9048736
1085,7.3418484,3.498804,2.62098,4.701105,0.2656821,-0.6813966,0.9637259,1.2023139,0.30240574,-1.177822,0.1345646,10.246915,1.6364335,-2.7904463,0.19564992,1.1710763,2.4135556,5.562804,7.495686,1.5629077,-0.38049087,1.5931401,5.605219,7.231938,1.341963,4.351919,6.8275404,-3.2296145,-1.5287876,-0.06985469,5.616077,3.1203873,-3.9615405,3.7120755,8.290372,7.723846,0.091993764,2.6764357,3.339632,4.775743
1086,7.1880407,2.7448301,2.465441,4.4850135,-0.03148453,-0.27571046,1.2777252,1.5830877,0.53609604,-0.75789106,0.058953237,10.145444,0.5013594,-2.7706192,0.5307467,1.6092525,3.0674248,6.461297,6.8823304,-0.3580129,-0.1379977,1.8284883,6.34717,7.1329713,1.1203247,4.4774313,5.792298,-4.265532,0.12534028,0.008603746,5.7162404,2.327854,-3.6962798,2.7116995,9.970799,5.91737,-1.6450766,3.0335438,4.41336,5.7669883
1087,6.3281007,1.7270432,2.4686697,4.37452,-0.18182711,0.1446156,1.6005946,1.9448392,0.72747016,-0.3824316,0.1851395,10.043132,-0.43777543,-2.2490656,0.6688277,2.1002834,3.8765733,7.261849,5.3576217,-1.978135,0.4962259,2.1998303,7.0911465,6.8226037,0.706291,4.571069,4.7062836,-4.6025004,1.5715755,0.84632385,5.8384285,1.4905367,-3.4651709,1.4845822,10.750383,3.764069,-2.8835256,3.2225866,5.9203873,6.7881937
1088,4.444789,0.78817296,2.6650958,4.3715353,-0.2514399,0.5555492,1.953616,2.2790427,0.8773105,-0.04437315,0.47217903,9.933385,-1.0768964,-1.3932272,0.7488378,2.6017404,4.8602147,7.6817164,2.9666958,-2.8722916,1.0581298,2.8789554,7.831737,6.1199756,0.16266137,4.689547,3.7345898,-4.512505,2.4845028,2.2555945,5.8502016,0.42375374,-3.139435,0.20587115,10.875855,1.8341801,-3.3920238,2.8214839,7.585039,7.627375
1089,1.6437937,0.38270217,2.9541252,4.43998,-0.28970447,0.94849014,2.3486674,2.5763798,0.983249,0.26779366,0.8889317,9.79298,-1.3855484,-0.38024327,0.92745715,3.1185253,5.9553165,7.3354144,0.12748212,-2.8322427,1.1442555,3.7512507,8.543126,4.835711,-0.37490192,4.8624234,2.9501595,-4.2395144,2.8111386,3.8622515,5.50987,-0.8582309,-2.5285623,-0.94670236,10.667544,0.5616124,-3.2950647,1.8915855,8.908277,7.920716
1090,-1.358205,0.7188954,3.3100317,4.4912553,-0.31819212,1.320594,2.7917802,2.8251617,1.0417168,0.56752867,1.4130691,9.602322,-1.4073284,0.6228403,1.3059267,3.6974812,6.9813232,5.8939843,-2.4126716,-1.9786355,0.848087,4.514405,9.103474,2.949583,-0.70836174,5.0496325,2.3477407,-3.9225192,2.6720998,5.3096833,4.6627426,-2.0935712,-1.5396451,-1.7138443,10.387416,0.045243368,-2.8515701,0.8271454,9.578874,7.3560896
1091,-3.715971,1.455326,3.9206731,4.411311,-0.3675425,1.6698924,3.28467,3.010458,1.0503607,0.8681553,2.0294404,9.351887,-1.2443943,1.4968516,1.9165974,4.3950486,7.632828,3.365663,-3.9171689,-0.8707196,0.6509314,5.0605063,9.3052225,0.7062394,-0.65134734,5.1846814,1.8621249,-3.6112092,2.2381446,6.384562,3.3773594,-2.947704,-0.3431497,-1.8255137,10.18558,0.0543495,-2.3330564,-0.03951351,9.674881,5.9771266
1092,-5.09216,1.91164,4.864234,4.1238503,-0.48952317,1.9932097,3.8274906,3.1141076,1.01039,1.1808227,2.728179,9.035845,-1.0230563,2.1949427,2.7545514,5.223684,7.5193434,0.26566797,-4.066848,-0.21579824,0.78941524,5.531683,8.946818,-1.5026859,-0.15144826,5.2822084,1.3895563,-3.3040087,1.6567115,7.048507,1.9234322,-3.2593794,0.7086463,-1.2073045,10.083421,0.17827624,-1.8932041,-0.61875486,9.474579,4.142669
1093,-5.6151366,1.6201012,5.850834,3.6787543,-0.6904304,2.2791243,4.418739,3.1164753,0.9283371,1.5125593,3.5017262,8.6391945,-0.85638624,2.732097,3.808181,6.0728946,6.2934756,-2.5334635,-3.0701437,-0.1818359,1.0671291,6.0430374,7.936893,-3.3426645,0.6147285,5.458394,0.8318537,-2.970029,1.0297759,7.385626,0.6151127,-3.084912,1.3633258,-0.063666046,10.00814,0.054407664,-1.4880362,-0.9576955,9.214251,2.2306068
1094,-5.461721,0.6036609,6.4683375,3.2990088,-0.9100833,2.5077903,5.0466037,3.001579,0.8176808,1.8647935,4.339677,8.12642,-0.8200795,3.1490812,5.0529494,6.6316533,3.897002,-4.2320766,-1.6185572,-0.3062467,1.2983742,6.5673842,6.3244586,-4.6564007,1.2711295,5.799962,0.15598926,-2.5516233,0.4302975,7.5201454,-0.32444686,-2.5751703,1.6217374,1.2776057,9.85585,-0.44905987,-0.93445736,-1.07668,9.026513,0.48904273
1095,-4.6816654,-0.73031646,6.5212426,3.2276068,-1.0975794,2.6700366,5.6841526,2.7636402,0.7001267,2.23333,5.2209396,7.4377995,-0.9443081,3.4721484,6.4069977,6.4111876,0.802809,-4.5307627,-0.5758285,-0.19594213,1.5204382,7.0183406,4.2473454,-5.4359527,1.4145406,6.241211,-0.5403768,-1.9767143,-0.059116524,7.559516,-0.803671,-1.8855484,1.6604065,2.566902,9.527718,-1.2042917,-0.072064444,-0.88407856,8.961581,-0.94470024
1096,-3.2977226,-1.8460536,6.1193776,3.5073738,-1.2432822,2.777818,6.298471,2.4103386,0.6042901,2.611347,6.1043954,6.4971566,-1.2135532,3.686292,7.6876507,4.995677,-2.0315611,-3.7306166,-0.2776891,0.09708215,1.8162432,7.3163033,1.8840469,-5.6719456,0.8128401,6.6027,-0.99677473,-1.2278736,-0.32231897,7.573962,-0.8539461,-1.1556661,1.6763247,3.7061024,8.948395,-1.9574084,1.083184,-0.19351573,8.96578,-2.0147223
1097,-1.4440161,-2.3272967,5.570503,3.9692597,-1.3419416,2.8519807,6.8606887,1.9629346,0.5610274,2.9958682,6.921568,5.233866,-1.563743,3.7366934,8.643224,2.4534605,-3.6405594,-2.580574,-0.35975978,0.4050156,2.213409,7.38513,-0.52189666,-5.2229548,-0.45169657,6.7203007,-0.8958332,-0.4352346,-0.26100174,7.5934215,-0.60475564,-0.49578884,1.7897022,4.7003694,8.0801525,-2.5173812,2.3094125,1.1396052,8.822874,-2.751823
1098,0.6040589,-1.9914593,5.1861696,4.3904014,-1.3911881,2.9078658,7.349085,1.4560217,0.5971141,3.395098,7.5756593,3.6207647,-1.8728637,3.565213,9.094377,-0.5038205,-3.5921745,-1.8170356,-0.4018659,0.6874032,2.7012115,7.1503773,-2.627084,-3.894856,-1.8988264,6.548087,-0.1107428,0.1600592,0.09657491,7.614443,-0.22829738,0.035355095,2.034866,5.5772557,6.91716,-2.8522387,3.302358,3.0330172,8.182392,-3.2595522
1099,2.479756,-0.8406843,5.104374,4.584725,-1.4153814,2.9476967,7.751796,0.93676305,0.7283342,3.831016,7.949583,1.7222747,-1.9621774,3.1707013,9.069628,-2.8967018,-2.088345,-1.5278094,-0.29571086,0.9628095,3.2507637,6.571543,-4.0755434,-1.75892,-2.779219,6.2248263,1.1345475,0.40038386,0.5892865,7.627656,0.13774514,0.43465027,2.3987186,6.3351293,5.4648705,-3.034998,3.834044,5.1214204,6.755218,-3.6311452
1100,3.7843091,0.9852377,5.2365594,4.3820314,-1.4425564,2.957406,8.069507,0.46213853,0.95311534,4.331154,7.9233875,-0.2739309,-1.6482562,2.6695602,8.770903,-4.0580325,0.21207027,-1.209849,-0.03434033,1.2636805,3.8233361,5.6769867,-4.714435,0.65115315,-2.5254292,5.997574,2.4015522,0.31525195,1.0594311,7.6430035,0.4315794,0.7326106,2.8557355,6.927126,3.7358022,-3.1180665,3.8169434,6.9205647,4.5547237,-3.8571446
1101,4.2151613,3.1538527,5.3587747,3.645857,-1.4504157,2.9103713,8.312195,0.093899705,1.249997,4.908316,7.401042,-2.0901065,-0.86812705,2.317365,8.397941,-3.9252598,2.4778123,-0.47131488,0.3494816,1.6292444,4.3742604,4.55019,-4.6991954,2.6362767,-1.117668,5.979616,3.280504,0.026966965,1.441095,7.683669,0.6491797,0.9662346,3.380763,7.265235,1.7837508,-3.0454516,3.2954931,8.092742,1.9712559,-3.8259575
1102,3.7897274,5.1701145,5.2741375,2.3956356,-1.3588716,2.7891555,8.490903,-0.11010724,1.5826559,5.5371284,6.343642,-3.475998,0.19219013,2.414764,8.02495,-2.9236012,4.1326327,0.59730023,0.7132753,2.0597389,4.8516994,3.2805705,-4.3378506,3.786581,1.0205126,6.0693474,3.4875808,-0.32904607,1.7292774,7.7686396,0.80963963,1.1643486,3.947317,7.2407827,-0.24094798,-2.6630127,2.4535975,8.606728,-0.40844098,-3.3947496
1103,2.9470832,6.642901,4.897893,0.8745589,-1.0955865,2.6259685,8.614047,-0.1135042,1.912665,6.144281,4.7954016,-4.3270087,1.1222008,3.086034,7.6322207,-1.6462736,5.0718007,1.6628276,0.9337324,2.5079231,5.199743,1.9398252,-3.8681111,4.0808835,3.3486347,6.076046,2.9122477,-0.5994583,1.9274812,7.9016557,0.9385822,1.3443959,4.5222254,6.76619,-2.080745,-1.8473282,1.6294233,8.679589,-2.10982,-2.4879472
1104,2.317281,7.5264277,4.1905956,-0.56496924,-0.66801536,2.5202854,8.69137,0.07325638,2.2134995,6.624344,2.8874867,-4.6703053,1.5109241,4.1281447,7.224706,-0.5514842,5.4969573,2.5017512,1.0115961,2.9285889,5.370642,0.5951391,-3.369871,3.7193222,5.4210186,5.815522,1.6852903,-0.6354034,2.0466692,8.066191,1.0641807,1.5137519,5.062845,5.8264832,-3.4681413,-0.68762624,1.2310635,8.560042,-2.9813678,-1.2041923
1105,2.3332028,8.009162,3.0811558,-1.6175796,-0.18744616,2.586331,8.737431,0.3802656,2.474907,6.8754916,0.8274118,-4.5319567,1.1952927,5.120569,6.913744,0.18959491,5.6524563,3.0870028,1.0139796,3.3025265,5.3340387,-0.67162496,-2.8064506,2.9832644,6.9656773,5.173423,0.17054938,-0.37382174,2.1531463,8.232667,1.2030668,1.6728058,5.5203648,4.5036163,-4.2752223,0.4716407,1.5126107,8.335952,-3.1941776,0.19022326
1106,3.067402,8.193749,1.515483,-2.071863,0.1733431,2.8568654,8.771978,0.70124215,2.6944406,6.8374543,-1.1153147,-3.8628638,0.36939484,5.699073,6.871943,0.64521635,5.6918426,3.484317,0.9997034,3.626142,5.082395,-1.7627732,-2.1164365,2.18134,7.9201365,4.1698103,-1.1945351,0.09277353,2.377383,8.376738,1.3307945,1.819766,5.850115,2.9498012,-4.552679,1.2308223,2.3823805,7.9389725,-3.0797126,1.417407
1107,4.3368673,7.929781,-0.41064095,-1.7996771,0.3156271,3.245434,8.819391,0.9446018,2.867653,6.5166435,-2.6564574,-2.6406162,-0.48725295,5.77273,7.1802297,0.97389245,5.670406,3.7554731,1.002002,3.8999298,4.6351013,-2.589807,-1.298812,1.6008557,8.40717,2.9325407,-2.110744,0.5533063,2.8191214,8.486945,1.3713064,1.9561528,6.0251956,1.3371196,-4.418297,1.3877455,3.4628925,7.3198104,-2.9212403,2.319673
1108,5.837854,6.9176655,-2.355939,-0.8383658,0.3767628,3.6467218,8.893313,1.0661626,2.9891036,5.9872108,-3.60088,-1.0349665,-0.8677417,5.549922,7.737152,1.3031044,5.58404,3.929786,1.0399947,4.12421,4.0356054,-3.1091068,-0.44411302,1.4341271,8.614138,1.5902587,-2.4802983,0.8147582,3.4468377,8.555772,1.2365217,2.091343,6.045695,-0.17520738,-3.9416866,1.0213246,4.3586693,6.5649033,-2.8348846,2.857272
1109,7.2282224,4.99507,-3.8352516,0.42993623,0.6906406,4.080363,8.955954,1.0436492,3.0640287,5.3637047,-3.9322424,0.6009513,-0.52313954,5.364151,8.343453,1.6544973,5.4074717,4.020863,1.1295456,4.2975855,3.3391395,-3.3369431,0.3064353,1.7254521,8.653353,0.22272517,-2.311833,0.82301104,4.118548,8.5721655,0.88828456,2.244611,5.93738,-1.4535258,-3.1393323,0.41189742,4.8824916,5.832939,-2.809739,3.0569668
1110,8.233977,2.377093,-4.493771,1.3437637,1.4490877,4.6733212,8.889178,0.83051074,3.124265,4.760983,-3.7935271,1.9342182,0.48415425,5.466953,8.816062,1.9174424,5.1329803,4.060622,1.2843581,4.4146247,2.598034,-3.3304546,0.8346876,2.3776436,8.513153,-1.0938033,-1.6371189,0.70019996,4.7011476,8.516043,0.3663299,2.4415998,5.7411695,-2.4037218,-2.0481968,-0.09996476,5.0906343,5.220828,-2.8104525,2.9883063
1111,8.756094,-0.38932627,-4.213283,1.460279,2.4513128,5.5244246,8.511059,0.36913344,3.2342784,4.2660756,-3.385744,2.814436,1.9455297,5.965141,8.980882,1.9030795,4.8137803,4.119166,1.5071598,4.4623375,1.8545715,-3.1531348,1.0950792,3.2097888,8.118772,-2.2376187,-0.53727347,0.7035389,5.178316,8.341211,-0.24078105,2.7041256,5.501584,-2.9901254,-0.7818329,-0.24505708,5.167895,4.7040277,-2.8282197,2.7406776
1112,8.8781185,-2.675404,-3.016802,0.9838042,3.3131187,6.618909,7.6282845,-0.33373857,3.4589682,3.9341357,-2.8829618,3.2679756,3.6683514,6.845924,8.589896,1.4690605,4.577731,4.2894573,1.7763861,4.4178963,1.1451946,-2.8513944,1.1194664,4.0357723,7.4343653,-3.0746708,0.7842877,1.114913,5.653326,7.9481673,-0.8527071,3.036999,5.261667,-3.242375,0.4873331,0.10401694,5.278531,4.1683726,-2.8727248,2.3855364
1113,8.781292,-3.9989665,-1.1237237,0.6167311,3.8870835,7.771579,6.107112,-1.1326318,3.7864566,3.7994168,-2.401025,3.4065714,5.5225406,7.937263,7.284868,0.67889607,4.549521,4.652491,2.0365996,4.252486,0.51099294,-2.4530563,0.99282074,4.73018,6.515292,-3.549561,2.0169048,2.1015296,6.229649,7.163326,-1.4235352,3.4138708,5.0638127,-3.238078,1.59563,0.93804765,5.470921,3.4658835,-2.9386184,1.9499443
1114,8.643066,-4.1621294,0.9494186,0.9551818,4.377068,8.653059,3.9414291,-1.7466542,4.075793,3.8672395,-1.9970149,3.3502023,7.39616,8.782715,4.7647967,-0.09004115,4.6925507,5.236396,2.2049975,3.9468985,0.0032848886,-1.9813789,0.82051045,5.2535033,5.473189,-3.7245312,2.8708575,3.6306634,6.8586617,5.7580853,-1.90138,3.759189,4.9472575,-3.0675423,2.4443614,2.154548,5.6553035,2.4669898,-2.9681692,1.4191105
1115,8.563112,-3.2600472,2.615688,2.05893,5.045242,8.881479,1.312712,-1.8756149,4.1454115,4.075552,-1.6754782,3.1932135,9.1277,8.625891,1.2452818,-0.30154547,4.8178353,5.947826,2.206841,3.519059,-0.32730243,-1.4687954,0.6982152,5.6322513,4.4034996,-3.7239864,3.1915302,5.4708786,7.2600784,3.5779064,-2.1596842,3.9429066,4.9303665,-2.7966747,3.0122254,3.594742,5.627979,1.1356541,-2.835338,0.77534604
1116,8.5358515,-1.5691041,3.5776675,3.5688293,5.918504,8.060555,-1.3500986,-1.3898506,3.9919245,4.295376,-1.4040494,3.0044744,10.494212,6.8127317,-2.2381935,0.15914525,4.945645,6.57673,2.0004404,3.0460641,-0.45521617,-0.95547575,0.6903445,5.9169254,3.345677,-3.6516287,2.972856,7.2533526,6.9921813,0.8044122,-2.0189621,3.8574462,4.98448,-2.446321,3.3360074,5.062984,5.136122,-0.3768829,-2.3973632,0.076650284
1117,8.489575,0.5660447,3.911694,5.049971,6.7050867,5.940761,-3.4288898,-0.5646578,3.8688529,4.419017,-1.1579403,2.8385124,11.2985115,3.4443355,-4.41641,0.5269471,5.298892,6.9915347,1.5390956,2.6558044,-0.39021736,-0.4739646,0.8232562,6.145827,2.2934103,-3.5416865,2.3120148,8.60246,5.755712,-1.9064374,-1.460824,3.5824864,5.0462804,-2.0105789,3.4874444,6.349813,4.007033,-1.7175219,-1.6366937,-0.48597515
1118,8.37666,2.7980301,3.8925583,6.182945,6.8889756,2.7940426,-4.4079905,-0.060279734,3.9667869,4.442374,-0.9542794,2.7315948,11.478318,-0.49550432,-4.584558,-0.03358726,5.618336,7.27326,0.8294985,2.4832861,-0.16151667,-0.037891567,1.0935035,6.3275633,1.2308816,-3.3504853,1.3670775,9.325857,3.751089,-3.7906706,-0.8222909,3.3633537,5.083295,-1.5059075,3.55595,7.27952,2.2955146,-2.4925585,-0.7689116,-0.68752545
1119,8.232168,4.8515406,3.766294,6.7792425,6.071278,-0.44620886,-4.1754394,-0.2902558,4.112769,4.466324,-0.8089214,2.693629,11.132966,-3.6712434,-2.67732,-1.0525928,5.4315705,7.581931,0.07424178,2.5930862,0.20306532,0.35381702,1.4806842,6.4399853,0.16970052,-2.9797225,0.3323696,9.512098,1.6075194,-4.522496,-0.5369526,3.2990377,5.128151,-0.97601026,3.6250954,7.758179,0.30793002,-2.4871922,-0.102767855,-0.4797818
1120,8.1518955,6.579588,3.590704,6.753734,4.3710427,-2.7382734,-3.1020665,-0.9197695,4.0639157,4.6091084,-0.6893554,2.7222643,10.477093,-5.124162,0.51925796,-1.1289825,5.0325675,7.856029,-0.4685923,2.9357433,0.6861789,0.70486057,1.9546119,6.4401155,-0.8303469,-2.3300703,-0.5741901,9.423091,-0.074947536,-4.25676,-0.67937696,3.254893,5.2482414,-0.4373194,3.7478533,7.778403,-1.5414106,-1.733133,0.258127,-0.016881097
1121,8.235005,7.9099283,3.2046854,6.1659937,2.4102395,-3.7015946,-1.8290331,-1.352648,3.84707,4.8805633,-0.54191035,2.8168566,9.753144,-4.8169303,3.5228596,0.34759095,5.0176067,7.831934,-0.7554637,3.394256,1.274567,1.0157984,2.4763489,6.2828584,-1.6708136,-1.3742385,-1.1235623,9.303525,-1.0269372,-3.3516169,-0.9662958,3.1163502,5.487292,0.14305337,3.9372165,7.3882403,-2.9186292,-0.45620802,0.5068286,0.5452224
1122,8.545535,8.7157,2.3621962,5.326248,0.8381658,-3.6800733,-0.80825764,-1.3663396,3.6197839,5.205443,-0.330544,2.9743745,9.142154,-3.4292061,5.365103,2.7923532,5.366149,7.236368,-0.90100074,3.862112,1.95638,1.2865694,2.999153,5.944059,-2.2575831,-0.20928851,-1.1139318,9.263879,-1.3104662,-2.185066,-1.1009457,2.9217136,5.833814,0.8115537,4.1644225,6.6604376,-3.6871006,0.99176186,0.93724054,1.182646
1123,9.088127,8.740585,1.0012891,4.7534213,-0.07620732,-3.2004845,-0.11412607,-1.0596836,3.484417,5.5212073,-0.04547284,3.1852567,8.733055,-1.6823767,6.115873,5.3346114,5.636241,5.9149237,-0.93920445,4.258805,2.7159586,1.5200881,3.472882,5.436212,-2.5519972,0.9638304,-0.44497418,9.266901,-1.203972,-1.04641,-0.97947466,2.7738624,6.251119,1.5835096,4.3553925,5.6776786,-3.9098704,2.2458234,1.7221603,1.9665366
1124,9.7501545,7.662055,-0.55399066,4.818903,-0.39851347,-2.591571,0.36042702,-0.57608587,3.4815485,5.8032045,0.30251643,3.4375103,8.547407,0.021246454,6.3100815,7.399788,5.3445525,4.037753,-0.7875728,4.5237923,3.5124319,1.7253524,3.851737,4.8059006,-2.5879455,1.9350079,0.81876826,9.18186,-1.0631115,-0.05435618,-0.64303726,2.74579,6.7152023,2.4166417,4.393812,4.5357876,-3.7548218,3.06193,2.8631213,3.004634
1125,10.18512,5.290582,-1.72024,5.3673773,-0.25416625,-1.995669,0.72648144,-0.0020532834,3.625003,6.0462484,0.68886614,3.7228942,8.577416,1.563649,6.3833294,8.671168,4.1664343,2.180061,-0.40251777,4.6726065,4.2774124,1.9146097,4.1023846,4.115571,-2.4424498,2.5813546,2.459692,8.85147,-1.1611048,0.83856016,-0.14507663,2.871643,7.217913,3.1987655,4.1479855,3.3629844,-3.383802,3.3740585,4.2695622,4.419612
1126,9.672181,1.8648299,-2.039523,5.840663,0.21199213,-1.4999924,1.0521246,0.6271013,3.917836,6.247003,1.0814786,4.0410028,8.813631,2.9585023,6.486286,8.9355135,2.221148,1.0376482,0.10974021,4.816211,4.955935,2.0820975,4.207332,3.4261029,-2.1912625,2.8966126,4.192042,8.136245,-1.5647461,1.7322725,0.5277365,3.1742094,7.7439656,3.745542,3.536366,2.3338778,-2.902744,3.263227,5.8315825,6.2413306
1127,7.232059,-1.6396323,-1.5913683,5.9135003,0.747644,-1.1477407,1.3605815,1.3074559,4.3574324,6.393089,1.4469253,4.401237,9.255533,4.2095733,6.481263,8.112017,0.14681414,0.9034027,0.6574464,5.054124,5.5268974,2.1835976,4.166872,2.7929862,-1.8840612,2.9588125,5.7589602,6.955872,-2.1361644,2.628728,1.4575253,3.6830633,8.231231,3.8255935,2.622068,1.632334,-2.3726954,2.8958185,7.4202247,8.108759
1128,2.5870514,-3.6327286,-1.2722052,5.763688,1.2013004,-0.9083102,1.6500922,2.0504692,4.936999,6.45518,1.7568665,4.823106,9.89803,5.1841784,6.0282726,6.4501963,-1.3200737,1.4408993,1.3484178,5.419329,5.9507957,2.1485517,4.009538,2.2686388,-1.5456591,2.8811452,6.994497,5.3347263,-2.6586657,3.3670049,2.732075,4.4340024,8.51429,3.2441125,1.6686488,1.3475788,-1.8286808,2.4616609,8.856891,9.01948
1129,-2.6131027,-3.0279536,-1.8014028,5.511855,1.7149472,-0.74495524,1.9195255,2.873264,5.641972,6.380781,1.9951351,5.3329644,10.683236,5.529933,4.854851,4.6245375,-1.8819003,2.0567641,2.3069077,5.92253,6.11449,1.9146593,3.8055246,1.896885,-1.1892532,2.7735407,7.8365407,3.4068315,-2.962018,3.7073383,4.345367,5.440978,8.270779,1.9911735,1.0543753,1.396943,-1.2859384,2.1206627,9.948301,7.8522773
1130,-5.891344,-0.6834219,-2.2065332,5.2359633,2.3845637,-0.6477011,2.1729126,3.7962844,6.4382343,6.09112,2.1655354,5.9536376,11.421697,4.773923,3.1831872,3.3863063,-1.7466066,2.4425192,3.481399,6.54866,5.8442607,1.4754871,3.656834,1.7013454,-0.8266086,2.7194026,8.297521,1.3714066,-2.9384358,3.5011618,6.1258154,6.60795,7.0502605,0.3848043,1.0211288,1.6124103,-0.7573311,1.9711194,10.582639,4.5735264
1131,-6.488873,1.1034014,-1.510641,5.1438303,2.9909513,-0.60533196,2.4084985,4.838059,7.251693,5.486962,2.2980826,6.6879983,11.74291,2.725244,1.8280407,2.9614325,-1.2558091,2.6427324,4.747617,7.1971583,4.9667044,0.93264127,3.6449494,1.6804985,-0.4701105,2.7658284,8.419881,-0.54924107,-2.4960303,2.841722,7.756912,7.5810432,4.538616,-0.9435979,1.4143927,1.9171761,-0.26306233,2.044711,10.743728,0.36313763
1132,-5.044713,1.2620683,-0.3448629,5.199984,3.3150358,-0.5961859,2.6159494,6.0011377,7.9420223,4.4751406,2.4480379,7.507954,11.186986,-0.11685093,1.5693177,3.0275261,-0.6410755,2.7949703,6.019155,7.6261315,3.406993,0.50534004,3.7694576,1.8098733,-0.12992887,2.9247923,8.247667,-2.1339512,-1.5822308,2.1139886,8.949589,7.7392073,1.057313,-1.3570387,1.7726389,2.310891,0.1968256,2.3215911,10.435028,-3.4486878
1133,-2.2589157,0.7278827,0.5000329,5.352082,3.359864,-0.59680724,2.783417,7.252981,8.284036,3.025704,2.6756313,8.358181,9.447541,-2.77603,2.3933046,3.3904967,-0.070492454,2.992823,7.2360992,7.4704814,1.326892,0.43162027,3.9652512,2.036882,0.1901176,3.1813514,7.82432,-3.2139564,-0.3006989,1.8472736,9.675895,6.5465326,-2.3084018,-0.73339325,1.9111987,2.727397,0.6612461,2.754258,9.659925,-5.970401
1134,0.9242777,0.87308353,1.0748554,5.5814204,3.213763,-0.5983793,2.9039726,8.511508,7.990241,1.2442664,2.9868965,9.1571045,6.554323,-4.5465264,3.431995,4.1869597,0.35327986,3.2684054,8.316351,6.383442,-0.8152043,0.75664365,4.219013,2.2827084,0.4924727,3.5052261,7.200986,-3.7533324,1.0427122,2.406303,10.080515,3.9203148,-4.4468746,0.23850845,2.1469326,3.0955343,1.1630299,3.2813234,8.475265,-6.9216404
1135,3.3943772,2.1332994,1.6399873,5.804649,2.9035037,-0.5915544,2.9771502,9.64548,6.8106236,-0.59770644,3.2479012,9.775455,2.8566961,-5.280415,3.6344428,5.3527575,0.67949194,3.5994031,9.114249,4.268023,-2.4267893,1.1758977,4.601947,2.4876125,0.77518606,3.8610952,6.4349704,-3.8732455,2.0899265,3.7732768,10.02994,0.25287336,-4.8453016,0.5524478,2.6226902,3.444667,1.6845341,3.8194544,7.011674,-6.693856
1136,4.5985174,4.0761666,2.2039385,5.8683424,2.4376187,-0.5462359,3.0145805,10.499014,4.6923585,-2.1135004,3.1811645,10.054362,-0.99126035,-4.9054728,2.5795038,6.4331656,1.2113878,3.9631588,9.417459,1.4424336,-3.048476,1.2279024,5.097052,2.676093,1.0257763,4.21317,5.577495,-3.7732,2.6313026,5.5548487,8.963817,-3.5559514,-3.4528987,-0.009810827,3.0090806,3.8948092,2.2095563,4.2619295,5.4203563,-5.965631
1137,4.637734,6.115132,2.7507362,5.608952,1.8738024,-0.41833684,3.0525527,10.940507,1.9078679,-2.879271,2.5640516,9.952851,-4.014666,-3.195842,0.9624093,7.016208,2.3435895,4.36522,8.9858885,-1.4165086,-2.497979,0.8166572,5.528379,2.960088,1.2354656,4.5249467,4.6647882,-3.6199837,2.6622813,7.1826816,6.4747696,-6.2914224,-0.90827835,-0.46859506,3.16146,4.5166383,2.7587452,4.489287,3.8163788,-5.215301
1138,3.8566096,7.8704624,3.3502882,4.9104285,1.3074031,-0.17969762,3.1536934,10.909067,-0.9505709,-2.5292037,1.5510582,9.660277,-5.30953,-0.44566694,0.23976135,7.1823545,4.04073,4.7287307,7.6517897,-3.5670898,-1.0124633,0.45575848,5.796069,3.4071417,1.4068418,4.759173,3.7213013,-3.4890687,2.3032951,8.243183,2.9568703,-7.3486013,1.215707,0.08825533,3.3320048,5.2098374,3.3061328,4.3843017,2.2923474,-4.5918484
1139,2.601535,9.144628,4.035333,3.7070284,0.84982294,0.16006835,3.382763,10.425448,-3.1799474,-1.008093,0.8261329,9.40087,-4.7419763,2.2166095,1.1913728,7.331881,5.714071,4.7267075,5.546715,-4.6110616,0.6617537,0.7605423,6.002513,3.9002728,1.5378746,4.8862753,2.7732613,-3.3716605,1.700227,8.686232,-0.6461584,-6.9733458,1.7010198,1.3185724,3.6928992,5.8284974,3.7134478,3.881022,0.977365,-4.0452404
1140,1.1995907,9.8406315,4.6938663,2.0283453,0.6330106,0.5639632,3.770177,9.570445,-4.3535185,1.1421556,1.2231197,9.153542,-3.1065698,3.8840365,3.2747936,7.6905966,6.630005,3.9288018,3.3132012,-4.682754,1.7449076,1.7894691,6.265208,4.202818,1.6089916,4.901413,1.8617685,-3.2153497,0.9747564,8.735706,-3.4755518,-5.448767,0.7944244,2.307489,4.342308,6.304606,3.7677753,3.0464454,0.036869362,-3.4916468
1141,-0.056303605,9.967517,5.104083,0.08929529,0.77823997,1.0255164,4.2956767,8.447827,-4.583922,3.0251813,2.962045,8.662654,-1.559842,4.599227,5.6467514,8.182213,6.193037,2.3866997,1.8224802,-4.2240753,2.0580714,3.133801,6.6165576,4.1198587,1.600937,4.8356094,1.0415254,-2.9662583,0.22019482,8.668767,-4.9793296,-2.9825392,-0.27136657,2.6870534,5.2997847,6.6238804,3.2666173,2.1209555,-0.42807823,-2.9070818
1142,-0.9781544,9.664799,5.1002145,-1.7386982,1.2857908,1.6393815,4.907289,7.1249433,-4.342519,4.0600786,5.446238,7.6561155,-0.8610703,4.850668,7.947594,8.333616,4.158758,0.9120915,1.3924743,-3.599149,1.9190978,4.42351,7.0283904,3.5649378,1.5294933,4.7456846,0.3628009,-2.594733,-0.4834119,8.653052,-4.9460316,-0.18462728,-0.46386808,2.7812922,6.3858657,6.6903863,2.1596613,1.4452888,-0.47844416,-2.3211358
1143,-1.5171248,9.150889,4.689607,-3.13663,1.951112,2.564887,5.5296836,5.569423,-4.0569854,4.1906695,7.834875,6.013127,-1.0146741,4.9087214,10.058254,7.2957745,1.0719085,0.4063106,1.5461287,-2.946507,1.6532825,5.5125823,7.3890777,2.5477107,1.4688158,4.6859736,-0.14923607,-2.1012518,-1.0544099,8.695033,-3.5449579,2.0824666,0.30077204,2.9922662,7.396079,6.259913,0.66610616,1.2809533,-0.2882507,-1.7679895
1144,-1.719844,8.62504,3.997319,-4.010343,2.4454474,3.8555763,6.0131197,3.6652067,-3.8808374,3.5810256,9.5629225,3.8852725,-1.5138083,4.6839957,11.678953,4.5312724,-1.6280063,0.82632434,1.803913,-2.335698,1.4126648,6.3874497,7.5172777,1.1768565,1.5314943,4.687106,-0.50410163,-1.5096768,-1.4102285,8.69739,-1.2625381,3.3148115,1.4364847,3.4475832,8.180899,5.0872927,-0.76359963,1.6233377,0.019610064,-1.2711836
1145,-1.6681693,8.207613,3.147428,-4.453442,2.5002809,5.330084,6.100976,1.3800162,-3.6704214,2.4044578,10.469,1.765857,-1.8094451,4.0682874,12.43994,0.7397353,-2.5794392,1.2363672,2.1201968,-1.8081245,1.252587,7.0787086,7.2378497,-0.33598638,1.7901636,4.7660737,-0.7403575,-0.8551262,-1.486511,8.575869,1.2883685,3.5461314,2.395894,4.1372066,8.572824,3.1518774,-1.6626793,2.171487,0.4322887,-0.85834855
1146,-1.448427,7.9380245,2.2135034,-4.597956,2.0275216,6.6333013,5.555165,-1.007371,-3.1257532,0.9288071,10.717243,0.2903799,-1.6464432,3.26969,12.373177,-2.4663875,-1.5233381,1.2310226,2.4452243,-1.3339036,1.1942395,7.6245494,6.45491,-1.734921,2.1929557,4.948423,-0.9047409,-0.17125009,-1.2558959,8.345522,3.5774462,3.0775905,3.0131655,5.015728,8.361393,0.7454171,-1.7831596,2.5660684,0.9296769,-0.55788106
1147,-1.135997,7.801882,1.2402686,-4.506918,1.1221808,7.452407,4.4093704,-2.9518754,-2.1050866,-0.362099,10.62307,-0.196153,-1.160832,2.6596534,11.883931,-3.95911,0.7251416,1.4498942,2.6725254,-0.8888822,1.2418481,8.052849,5.17977,-2.8178668,2.5546064,5.25547,-1.019712,0.5151646,-0.7260639,8.117755,5.27107,2.2253966,3.3907278,5.9851165,7.3426623,-1.6176956,-1.1956826,2.7143002,1.4141613,-0.3675418
1148,-0.78217894,7.76049,0.2825558,-4.157559,-0.000104241575,7.708926,3.040124,-4.072181,-0.83617026,-0.96140987,10.447841,0.11541447,-0.680639,2.402146,11.321904,-3.7237418,2.9621813,2.3842063,2.689239,-0.52903616,1.384359,8.371791,3.5132284,-3.4794593,2.6451313,5.664542,-1.0522661,1.1759875,0.07761234,8.030066,6.2178307,1.2264353,3.6697974,6.897485,5.438491,-3.4152067,-0.29596293,2.8275151,1.7942233,-0.25251028
1149,-0.41502893,7.76924,-0.5728952,-3.4952064,-1.0767214,7.560395,1.8830309,-4.4242897,0.28985626,-0.69736236,10.299501,0.68672055,-0.41508594,2.400007,10.858322,-2.401929,4.439109,3.6911888,2.3207695,-0.3042376,1.5900419,8.567288,1.6225991,-3.663174,2.320107,6.0991554,-0.90627456,1.7673252,1.1202191,8.1658,6.356252,0.22849745,3.9107556,7.586613,2.8130887,-4.3197827,0.33118182,3.1017253,2.0558414,-0.18473436
1150,-0.05042778,7.787952,-1.2151517,-2.5162585,-1.8617512,7.257101,1.137731,-4.303179,1.0402489,0.22751158,10.183338,0.996406,-0.3391812,2.4971385,10.580504,-0.6493067,5.104183,4.7174177,1.5467566,-0.13976426,1.831119,8.611161,-0.26423824,-3.301442,1.6308655,6.465671,-0.4640927,2.2314336,2.3427546,8.492828,5.637655,-0.6680727,4.0865655,7.9138284,-0.1065365,-4.199893,0.29508427,3.4583786,2.2596717,-0.15566593
1151,0.30123135,7.7899704,-1.5462732,-1.3246839,-2.181821,7.008703,0.75006646,-3.9672246,1.3972042,1.4758492,10.060676,0.7665121,-0.2757179,2.6179461,10.526435,1.1222535,5.1794214,5.0830445,0.60046124,0.10145037,2.1223407,8.474863,-1.8822243,-2.3485239,0.8695275,6.7082148,0.32353234,2.5327318,3.642845,8.825513,4.0469093,-1.3325627,4.1227546,7.8278475,-2.7242873,-3.0340512,-0.22947201,3.6960084,2.5046172,-0.15933892
1152,0.6338604,7.7682858,-1.5276173,-0.113798894,-1.9793003,6.9164267,0.5475788,-3.555627,1.4483713,2.760765,9.849408,0.0020220834,-0.021783734,2.7968023,10.680024,2.6560383,4.7880397,4.800597,-0.19322622,0.46154577,2.5189855,8.136767,-3.010131,-0.90568185,0.47700837,6.84736,1.3610082,2.7022026,4.88428,8.836088,1.7409117,-1.563559,3.967184,7.4001226,-4.490205,-1.0372496,-0.5682709,3.804839,2.8232946,-0.18744452
1153,0.9443207,7.7346587,-1.2005835,0.9198116,-1.3199604,6.963845,0.3510833,-3.114818,1.299131,3.8953693,9.442203,-1.0756603,0.53844875,3.18361,10.982657,3.6719162,3.945279,4.174773,-0.61559516,0.8641565,3.0559595,7.5852504,-3.575971,0.71613646,0.80534256,6.958644,2.422153,2.8282192,5.933933,8.168556,-0.82113665,-1.2038009,3.7021692,6.7774763,-5.178702,1.2038598,-0.09865185,3.9478946,3.113609,-0.23492743
1154,1.229912,7.712183,-0.6654929,1.6616421,-0.35464585,7.0565605,0.031611547,-2.6302493,1.0444816,4.78501,8.7705,-2.1618173,1.3400236,4.0041776,11.335526,3.7826867,2.7847033,3.6253033,-0.637546,1.2281277,3.7002544,6.8282566,-3.6883144,2.1267214,1.918176,7.0963697,3.2409492,2.9869127,6.685382,6.6439705,-2.9992929,-0.3960622,3.5820377,6.0744395,-4.9939547,3.0160754,1.2716268,4.1617236,3.1939244,-0.29292145
1155,1.4894841,7.724262,-0.038040362,2.1027808,0.74287903,7.0784187,-0.4576201,-2.05058,0.77649945,5.4152265,7.8491507,-3.0356805,2.1253226,5.4051924,11.516846,2.626031,1.7533926,3.4165146,-0.35984686,1.5454746,4.375563,5.894845,-3.553966,3.0587926,3.607359,7.246232,3.5949535,3.1870472,7.0626016,4.403511,-4.337132,0.3468072,3.803681,5.326312,-4.3777213,4.066938,3.1721723,4.2817574,2.9066298,-0.32116452
1156,1.7329738,7.783456,0.5840108,2.3050358,1.8265556,6.9314404,-1.0699645,-1.325051,0.601594,5.8392134,6.743235,-3.6567025,2.5671892,7.2480874,11.051829,0.24028617,1.4714142,3.5137758,0.07692988,1.8522584,5.0069947,4.815762,-3.3571365,3.4341254,5.5487976,7.329508,3.3499975,3.3850482,7.041855,1.8479407,-4.741183,0.5133668,4.236694,4.5710077,-3.7074115,4.41743,5.135917,4.109379,2.2353551,-0.24725659
1157,1.9963462,7.8864236,1.1276096,2.3519578,2.7998128,6.557643,-1.6911829,-0.45408744,0.64287394,6.149377,5.488015,-4.11561,2.4340682,9.056309,9.380884,-2.6145625,2.158274,3.8709755,0.50968397,2.1762512,5.535345,3.6094909,-3.1868756,3.293358,7.4217563,7.218134,2.495947,3.5517046,6.6876893,-0.5593181,-4.31232,0.02962895,4.55693,3.9368834,-3.141899,4.300015,6.830768,3.533977,1.3604311,-0.022874156
1158,2.3396888,8.018612,1.5319302,2.3183792,3.615314,5.950087,-2.1998007,0.47951663,1.0114456,6.421389,4.0421185,-4.4956894,1.6585989,10.271415,6.4929404,-4.852423,3.1139617,4.668221,0.80634147,2.509353,5.914344,2.2966833,-3.0257175,2.724866,8.953103,6.78037,1.1900319,3.714099,6.142405,-2.4708595,-3.1906517,-0.7163647,4.601958,3.561787,-2.682816,3.9478078,8.096141,2.5828743,0.58157825,0.32177636
1159,2.8110826,8.160128,1.7382374,2.262287,4.265479,5.1482005,-2.5255938,1.3322473,1.7556041,6.641209,2.3225565,-4.7369757,0.30842328,10.648248,3.2211616,-5.9309196,3.219393,5.852454,1.0030618,2.8106835,6.105851,0.9350138,-2.7743363,1.8629313,9.958642,5.9799714,-0.25502583,3.9093719,5.5601535,-3.737312,-1.5892631,-1.1906015,4.484103,3.4482098,-2.2990215,3.534374,8.913066,1.4273329,0.15938008,0.702488
1160,3.4151084,8.2799835,1.6969378,2.228691,4.769877,4.214899,-2.6656752,1.9638369,2.8185954,6.6585617,0.3286427,-4.5716987,-1.4280437,10.364314,0.6414499,-5.9377613,2.1048272,6.9169188,1.410115,3.043968,6.067559,-0.3577191,-2.3065414,0.9218553,10.410579,4.931957,-1.5076026,4.1136556,5.0535607,-4.385425,0.17301315,-1.0298705,4.417545,3.4616158,-1.9818664,3.1584668,9.357258,0.3190595,0.19752255,1.0741246
1161,4.1306334,8.316866,1.3835769,2.25577,5.16178,3.2087486,-2.6554258,2.2952936,4.0345736,6.232844,-1.7043065,-3.6421783,-3.1628096,9.803391,-0.6215757,-5.203389,0.38898262,7.4233723,2.3930566,3.1652272,5.7398496,-1.4168935,-1.5598928,0.18707632,10.459439,3.8046265,-2.3783977,4.253257,4.68309,-4.5394554,1.7600465,-0.15157652,4.5094256,3.4201295,-1.7396753,2.851143,9.544368,-0.5106001,0.62921035,1.4885216
1162,4.943919,8.1557255,0.8103388,2.375376,5.476799,2.1679177,-2.5263243,2.3285403,5.1802964,5.203373,-3.3240578,-1.8724943,-4.2700443,9.334352,-0.62494814,-4.215208,-1.1022302,7.292958,3.949961,3.0961044,5.092809,-2.0860295,-0.61997354,-0.08074822,10.342932,2.6648474,-2.8398504,4.262946,4.4655004,-4.3462996,2.94043,1.3048065,4.6953506,3.1504226,-1.5678091,2.598852,9.588,-0.92385936,1.2761917,2.053427
1163,5.8376675,7.616964,0.037875693,2.5983505,5.745109,1.1125648,-2.2798922,2.1341312,6.071607,3.662851,-4.1836405,0.24405055,-4.1759033,9.165622,0.036273178,-3.4555087,-2.0182872,6.6446176,5.706754,2.781481,4.217202,-2.3038228,0.304083,0.22621135,10.228888,1.4510505,-2.9230356,4.1108446,4.383839,-3.9311514,3.6416628,3.0794108,4.7976274,2.5315597,-1.4193097,2.373316,9.577242,-0.8950709,1.9337058,2.8445082
1164,6.7330637,6.4850683,-0.8028776,2.8804913,5.9844823,0.06480924,-1.8864746,1.8297503,6.6406755,1.91873,-4.306659,1.955309,-2.8131454,9.245025,0.57503057,-3.093038,-2.4509454,5.628563,7.2614036,2.273798,3.3202262,-2.1440675,1.0274678,1.022564,10.115861,0.083135664,-2.62399,3.8084314,4.3940287,-3.382061,3.9273262,4.8807793,4.604622,1.5716,-1.2090302,2.1649494,9.567032,-0.48774627,2.4492135,3.852558
1165,7.4268484,4.6134586,-1.4932864,3.096364,6.190052,-0.9184453,-1.307812,1.5642163,6.930145,0.2783411,-3.9374232,2.8311517,-0.6656204,9.340266,0.38209733,-2.8712018,-2.5932329,4.3974333,8.411458,1.7541863,2.5889559,-1.754917,1.5021156,2.112042,9.855884,-1.4097431,-1.8984077,3.4489071,4.4328303,-2.75722,3.9369261,6.4554677,3.946933,0.46704412,-0.8727178,2.0126555,9.580055,0.18037292,2.764911,4.986677
1166,7.588726,2.1076906,-1.7639667,3.097412,6.3285704,-1.7221031,-0.5411254,1.5007914,7.0194454,-1.0932814,-3.268522,2.928638,1.6044205,9.191728,-0.66104174,-2.2930033,-2.568947,3.1258943,9.155103,1.4406087,2.0612414,-1.2705286,1.7928917,3.2967422,9.253696,-2.850439,-0.760635,3.2424014,4.4329348,-2.1105444,3.824211,7.636442,2.7894757,-0.44722152,-0.4425607,1.996899,9.622503,0.96429485,2.9109156,6.1056204
1167,6.8932242,-0.5507765,-1.4512261,2.887953,6.3603754,-2.209775,0.337695,1.7744895,6.943147,-2.165859,-2.37688,2.5966506,3.5137196,8.594406,-2.1196406,-1.021467,-2.3799806,2.0136137,9.584113,1.4409279,1.6322399,-0.7752198,1.9976269,4.4299064,8.171476,-4.0135493,0.5818618,3.4472988,4.329579,-1.5187689,3.70896,8.362518,1.2901683,-0.86050063,-0.03428816,2.1741385,9.703358,1.7176902,2.960282,7.053432
1168,5.2572627,-2.6822367,-0.7254931,2.7123044,6.2783265,-2.3320508,1.1883893,2.4221299,6.649899,-2.9750416,-1.3127402,2.2512352,4.901218,7.483138,-3.3551157,0.80075735,-1.8978047,1.2624482,9.796972,1.6704018,1.1707592,-0.30939263,2.2004635,5.4153314,6.5847945,-4.7837696,1.7233697,4.174571,4.05153,-1.0741612,3.6485426,8.66478,-0.24696422,-0.63534653,0.28768435,2.5271032,9.838096,2.3233626,2.9726212,7.6931734
1169,2.9704092,-3.8247411,-0.081399694,2.7996762,6.1087112,-2.1837711,1.8900048,3.348535,6.0318427,-3.5641072,-0.19120039,2.2226052,5.855572,5.938871,-4.0090427,2.642727,-0.9997875,0.99978065,9.883787,1.8912146,0.6345779,0.11926073,2.4638944,6.1841516,4.566505,-5.1883044,2.244156,5.244846,3.5587528,-0.8267034,3.6403258,8.635753,-1.5023582,0.15087205,0.619679,3.0154104,10.029998,2.7000182,2.9608474,7.9403725
1170,0.56145513,-3.9184217,0.08218475,3.0757253,5.9008446,-1.9125817,2.4034045,4.3749514,5.00361,-3.9586616,0.78522,2.6659248,6.5060678,4.067794,-4.1216903,3.9823744,0.2927067,1.2145227,9.909632,1.846183,0.10644438,0.51577187,2.831179,6.6669116,2.2489283,-5.2542567,1.9174533,6.2726007,2.9527423,-0.7327091,3.6548662,8.397835,-2.2684383,1.253606,1.163683,3.6562715,10.237022,2.767013,2.9047408,7.797594
1171,-1.4673935,-3.1491976,-0.1746763,3.3047004,5.733353,-1.601736,2.758872,5.316737,3.56541,-4.158969,1.3816189,3.5199761,6.8518224,1.9372292,-3.880369,4.565395,1.8376815,1.8278812,9.854494,1.3803889,-0.24873753,0.8728533,3.3177824,6.775704,-0.16349518,-4.863955,0.8239893,6.900224,2.5127146,-0.6969971,3.674365,8.071565,-2.5073037,2.3689775,2.081234,4.5221376,10.329299,2.4120286,2.8075726,7.3709617
1172,-2.83595,-1.8035392,-0.44959304,3.403241,5.6632166,-1.2635807,3.014842,6.02938,1.8193997,-4.120798,1.4361659,4.521051,6.768349,-0.33299065,-3.389809,4.4095244,3.45387,2.8007789,9.564946,0.480794,-0.25617164,1.183334,3.8944132,6.4191556,-2.3552556,-3.8122115,-0.59373474,6.9964166,2.5109396,-0.6706141,3.7042048,7.751619,-2.3213973,3.2626529,3.4161863,5.665008,10.030792,1.5365667,2.754319,6.8297977
1173,-3.5303051,-0.21992986,-0.3615908,3.4818065,5.6707044,-0.89858943,3.2272575,6.4224772,-0.04109195,-3.738709,0.9730611,5.3251114,6.17689,-2.4662795,-2.6653833,3.7541199,4.9712815,4.107571,8.746243,-0.7252619,0.18349175,1.5039684,4.491094,5.5566697,-3.9670641,-2.1000047,-1.6400907,6.722598,2.9507847,-0.66244525,3.7545028,7.500945,-1.8727748,3.844196,5.1167703,7.002015,8.879775,0.211851,2.876752,6.3233905
1174,-3.7026715,1.2881562,0.24463741,3.6735716,5.6777225,-0.52975553,3.4325416,6.4620934,-1.7589219,-2.8952367,0.26035574,5.733765,5.1868157,-4.1227536,-1.7643679,2.997382,6.275977,5.5622597,7.0385003,-1.9598448,0.96804583,1.9947023,5.025858,4.2347736,-4.803495,-0.15299071,-1.7624005,6.4043703,3.555109,-0.6780228,3.8259082,7.3546624,-1.3080641,4.155233,7.0638247,8.133593,6.376558,-1.1389123,3.1541178,5.9424405
1175,-3.5050008,2.5124512,1.3278549,4.015484,5.5818086,-0.19531493,3.6428843,6.171556,-3.08093,-1.5947446,-0.2706571,5.8359566,4.0101037,-5.12897,-0.86150384,2.5188165,7.3524523,6.6738563,4.280951,-2.8155243,1.6979835,2.8015397,5.400254,2.5542622,-4.9440355,1.3994648,-0.9105521,6.265257,3.9910488,-0.70815516,3.910348,7.3261414,-0.72068506,4.311087,9.03593,8.208046,2.554491,-1.8109206,3.2824602,5.715836
1176,-3.0079377,3.3624098,2.7415855,4.4469686,5.2700253,0.07703676,3.8539279,5.6254053,-3.8630579,-0.05931025,-0.23979509,5.877029,2.7580438,-5.539757,-0.18870856,2.4716244,8.263461,6.7727504,0.8751735,-2.9166262,1.8995128,3.8158305,5.478384,0.65557605,-4.601532,2.1526458,0.5241536,6.32278,4.0293126,-0.74316347,3.992514,7.4164286,-0.14408782,4.4414153,10.661299,6.300456,-1.3791367,-1.4633964,3.0900202,5.5817957
1177,-2.2929919,3.8535192,4.2950816,4.844532,4.6443615,0.2940993,4.058817,4.9250884,-4.1323953,1.3573511,0.49415973,5.9772367,1.3895271,-5.483559,0.074212365,2.729841,9.035041,5.411878,-2.1977556,-2.2342248,1.5638732,4.7051764,5.164166,-1.2255341,-3.941635,2.1114924,2.0305173,6.5067797,3.580477,-0.76313806,4.0527334,7.6224456,0.4397118,4.6427546,11.484439,2.4357893,-3.5978167,-0.83748823,2.8862355,5.4760323
1178,-1.4839445,4.0960894,5.8095646,5.0385127,3.6755402,0.50508744,4.2581873,4.1606407,-4.04193,2.3686292,1.8011104,5.992218,-0.16091928,-5.0065804,-0.11609391,2.9961102,9.563147,2.7601812,-3.9513822,-1.3113744,1.1805484,5.304191,4.463718,-2.793436,-3.0632675,1.5981779,3.2497413,6.74593,2.6864386,-0.72949255,4.0761185,7.940208,1.0810721,4.9395795,11.174101,-1.9635681,-3.144802,-0.86350757,2.7862709,5.4471536
1179,-0.63533455,4.2385983,7.1429706,4.828687,2.4637825,0.77637976,4.462566,3.380941,-3.7672756,2.87156,3.3702302,5.6153955,-1.8038989,-4.071569,-0.6101523,2.9975362,9.713472,-0.35139695,-3.9901903,-0.83863264,1.0347883,5.701673,3.435744,-3.835222,-2.0875142,1.0312825,4.081636,6.9488053,1.4842324,-0.58742374,4.0710254,8.363806,1.8273132,5.2515287,9.731192,-5.112967,-0.53479874,-1.0107969,2.6849513,5.5612774
1180,0.2288809,4.405252,8.170198,4.0495834,1.2605076,1.1315608,4.688561,2.5912108,-3.4320982,2.9225082,4.848481,4.6159043,-3.2295592,-2.7333052,-1.088591,2.6920214,9.5151005,-2.8700285,-2.5362368,-0.83921456,1.0056713,5.9944124,2.1930327,-4.29008,-1.1998872,0.70249504,4.6265693,6.9932504,0.15785524,-0.2846851,4.0939164,8.881645,2.660931,5.3811913,7.5316586,-6.3109055,2.5377703,-0.113095395,2.783326,5.742459
1181,1.0576669,4.66851,8.767734,2.6848469,0.39691857,1.5146939,4.940693,1.7785504,-3.0865495,2.6532176,5.9789295,3.0422714,-4.086854,-1.2964003,-1.247556,2.2870684,9.15052,-4.118254,-0.23455614,-0.7150072,1.0476401,6.208459,0.8946466,-4.2149053,-0.5687665,0.67794263,5.043734,6.766237,-1.1105989,0.18338269,4.2594905,9.472057,3.4178514,5.073684,5.1489925,-6.1348667,4.488873,1.9278455,3.110975,5.822807
1182,1.8320123,5.0498295,8.814147,0.94124395,0.12988785,1.861564,5.184259,0.9460024,-2.717863,2.2070231,6.6794806,1.2182397,-4.232242,-0.16864961,-1.0105414,2.0196245,8.780105,-4.0428786,2.0796876,-0.038655143,1.2709749,6.332523,-0.33090752,-3.7068548,-0.24382909,0.86322397,5.4425507,6.202308,-2.186385,0.727971,4.7016444,10.09057,3.7444315,4.201447,3.1344397,-5.42676,4.93496,4.364603,3.4874125,5.6520624
1183,2.555342,5.5296535,8.212899,-0.81120986,0.49347576,2.2319283,5.3457794,0.12082567,-2.278397,1.716282,7.0203304,-0.4593186,-3.750448,0.45461625,-0.5175035,1.9907284,8.469736,-3.0279152,3.7938712,1.0899943,1.6734643,6.310856,-1.3976338,-2.8550253,-0.1401748,1.1327727,5.8552556,5.2910743,-3.007639,1.1670442,5.4780817,10.626351,3.207649,3.0094087,1.8550324,-4.646267,4.340247,6.539941,3.907069,5.1704035
1184,3.1997478,6.047178,6.9416084,-2.218665,1.2393044,2.8058395,5.3331904,-0.67245376,-1.7226454,1.30227,7.1351714,-1.7085941,-2.8191652,0.6840188,0.052977398,2.1954892,8.236971,-1.5704477,4.755136,2.31501,2.1322095,6.0595055,-2.218326,-1.7604127,-0.09005109,1.4192615,6.258136,4.0654764,-3.5685701,1.2895461,6.4692574,10.848326,1.6216977,2.1354532,1.3174489,-3.9305534,3.2968085,8.1909895,4.458457,4.384298
1185,3.7182438,6.5105243,5.0940213,-3.1023638,1.9327328,3.6837516,5.0385695,-1.4220982,-1.0405924,1.0760095,7.137379,-2.4200895,-1.6314012,0.7803949,0.60526544,2.5991125,8.094516,-0.07000274,5.128514,3.355294,2.5314076,5.539412,-2.716194,-0.5742548,0.07762826,1.7318513,6.5986996,2.5885894,-3.8593524,0.95639336,7.3631873,10.483599,-0.6148601,2.180739,1.2278103,-3.3076026,2.201414,9.302583,5.115832,3.3169699
1186,4.092658,6.8330965,2.873309,-3.452438,2.1898189,4.72295,4.3839097,-2.086834,-0.28588217,1.1289202,7.079384,-2.6319096,-0.3802183,0.96903086,1.1280578,3.1678739,8.054643,1.2225298,5.1453567,4.103404,2.7997956,4.798454,-2.8748386,0.5216113,0.46477944,2.119072,6.806176,0.9570964,-3.8035429,0.1954183,7.8052325,9.50562,-2.649969,3.1768084,1.3955456,-2.8152869,1.2417278,9.94253,5.716151,2.0234144
1187,4.348641,6.966979,0.544709,-3.2898324,1.8916253,5.6289763,3.4347513,-2.5740762,0.41739887,1.5013123,6.9561057,-2.482979,0.768271,1.3548259,1.646936,3.8722234,8.111903,2.1659017,4.9724817,4.574686,2.904188,3.9488323,-2.7494178,1.3864067,1.0818974,2.6196237,6.787006,-0.674818,-3.265299,-0.7551722,7.649604,8.278551,-3.825812,4.5858126,1.8541312,-2.529484,0.47296685,10.198003,6.0634212,0.6204598
1188,4.523941,6.9092307,-1.6092911,-2.585358,1.2499245,6.203588,2.4129004,-2.8047576,0.9322495,2.1435063,6.740232,-2.1536121,1.7139437,1.9413964,2.1964843,4.6838984,8.219337,2.6767886,4.707121,4.8430133,2.8478384,3.114745,-2.4307523,1.971243,1.8789222,3.2331796,6.4291825,-2.0916495,-2.1740673,-1.5082227,7.0757346,7.23929,-4.062029,5.8347626,2.5381234,-2.564882,-0.14244016,10.155185,6.0463147,-0.7280042
1189,4.6335745,6.6946454,-3.32943,-1.346226,0.72242755,6.479247,1.5184109,-2.7787964,1.1968848,2.926773,6.4241533,-1.799045,2.4337149,2.694891,2.8213286,5.5695806,8.264191,2.7093534,4.4244156,5.00368,2.660051,2.3893497,-2.0039942,2.3121674,2.7881603,3.9056585,5.6357803,-3.0862026,-0.6868819,-1.7028811,6.4488225,6.5434394,-3.6272717,6.6993666,3.1507142,-2.9944353,-0.70401895,9.870548,5.7020245,-1.8685223
1190,4.6734405,6.388601,-4.446097,0.23388287,0.7966696,6.6100197,0.7575436,-2.545606,1.2432278,3.710881,6.0344043,-1.507804,2.9551015,3.5940826,3.5823705,6.4709644,8.052334,2.2820673,4.21411,5.1482882,2.3709633,1.8211395,-1.528385,2.4907568,3.7473855,4.5187054,4.378563,-3.5677595,0.8088094,-1.1891748,6.06517,6.0850515,-2.826885,7.2401443,3.3462074,-3.744543,-1.3129892,9.347679,5.1968412,-2.7094336
1191,4.6500545,6.0695066,-4.9446464,1.7749612,1.7237767,6.63042,-0.03601489,-2.1285622,1.1509537,4.400557,5.6146603,-1.3044599,3.3191202,4.64709,4.548523,7.255596,7.330232,1.5390793,4.161312,5.3408775,1.9898039,1.4266016,-1.0361959,2.5982387,4.7022657,4.894437,2.7418454,-3.5891669,1.9076146,-0.08023918,6.006614,5.6830072,-1.8928864,7.587863,2.913982,-4.5819397,-2.0342658,8.539022,4.750476,-3.2285197
1192,4.6000123,5.797206,-4.9602237,2.9093103,3.3701503,6.3272696,-1.0224459,-1.4987653,1.0240172,4.959325,5.200619,-1.1781466,3.5573378,5.883604,5.7551265,7.633785,5.899277,0.78531104,4.276091,5.596245,1.5082643,1.2114413,-0.53894615,2.716029,5.5996976,4.8324723,0.93700695,-3.2691462,2.412595,1.3426722,6.196492,5.187093,-0.97875637,7.8159065,1.8490231,-5.1652017,-2.876572,7.371466,4.5519743,-3.439162
1193,4.5833325,5.585042,-4.701105,3.47805,5.2943325,5.373367,-2.1432455,-0.6596477,1.0096322,5.4045253,4.7955585,-1.1102626,3.685712,7.328124,7.0944653,7.1024966,3.8616319,0.39121786,4.475958,5.858425,0.9321004,1.1826655,-0.031554803,2.9084296,6.378067,4.181354,-0.721498,-2.7314517,2.3977973,2.7816772,6.525871,4.5051503,-0.17825696,7.924961,0.36157596,-5.1291413,-3.7433755,5.8147445,4.683176,-3.3351672
1194,4.6537566,5.3868723,-4.366026,3.5462554,6.9978814,3.6262069,-3.064887,0.1986638,1.2689251,5.789836,4.348058,-1.0885541,3.7062314,8.945496,8.132282,5.138382,1.8612285,0.5178886,4.7126794,6.007398,0.30693325,1.34193,0.50900793,3.220491,6.954877,2.9219563,-1.8933976,-2.1241422,2.1093163,4.0452595,6.897121,3.6009817,0.46153855,7.8922977,-1.1633183,-4.236936,-4.407631,3.9964373,5.0710244,-2.8500943
1195,4.8200264,5.095956,-4.0955257,3.2739592,8.173436,1.3348076,-3.3875113,0.73020947,1.8276918,6.160972,3.7602816,-1.1022402,3.6112654,10.56614,8.051532,1.8556243,0.852584,0.9471604,5.0420237,5.930588,-0.30399275,1.6660869,1.1265141,3.676066,7.2156234,1.2184615,-2.3265128,-1.6173419,1.7877504,5.0830927,7.195968,2.4824119,0.9443877,7.7284207,-2.3040283,-2.562005,-4.6260242,2.2462335,5.529988,-1.89317
1196,5.0211735,4.563253,-3.949136,2.7868288,8.789053,-0.93632066,-2.8876195,0.7771747,2.4962668,6.5212584,2.951049,-1.1221828,3.3962476,11.876256,6.155773,-1.5008175,1.1383994,1.5252254,5.473812,5.566853,-0.84969074,2.094955,1.8804187,4.269574,7.015729,-0.6037956,-1.949823,-1.2924062,1.5488666,5.929647,7.281933,1.1987253,1.3216705,7.49499,-2.7964265,-0.50378555,-4.327454,0.9261178,5.8918715,-0.46221992
1197,5.121537,3.6575732,-3.8924336,2.1278708,9.005611,-2.574443,-1.6170266,0.6209671,3.0696273,6.8305745,1.9224229,-1.0852486,3.087396,12.581391,2.7210171,-3.4127781,1.7657858,2.4509566,5.9500604,4.8362236,-1.2840943,2.5324774,2.8242004,4.9424663,6.210917,-2.1621158,-0.92634785,-1.0417327,1.4204053,6.631308,7.0200095,-0.15197562,1.6521343,7.283294,-2.6260293,1.445356,-3.6528795,0.19013996,6.100684,1.2936144
1198,4.913182,2.3727787,-3.8025727,1.2877467,9.033472,-3.1596549,0.06471239,0.7487786,3.5521002,6.9976335,0.75679016,-0.9021251,2.7713308,12.622222,-0.9945865,-3.2827604,1.6931545,3.5721107,6.4099083,3.64277,-1.554984,2.8589165,3.9635844,5.5464964,4.7261558,-3.1631484,0.34842446,-0.65269446,1.4356817,7.2199035,6.312521,-1.4319927,1.9380751,7.187805,-1.9508734,2.9511886,-2.8319259,-0.05154569,6.2016034,3.1274378
1199,4.1610684,0.93575853,-3.5297337,0.29056644,9.009849,-2.5794713,1.6072152,1.3913038,4.0713377,6.8799133,-0.4281353,-0.500342,2.597223,12.171895,-3.661754,-1.4120365,1.2493714,4.43248,6.760721,2.0393915,-1.5988524,2.9743123,5.2101617,5.830472,2.6551867,-3.4994013,1.3903706,-0.010337359,1.6424766,7.70914,5.1109023,-2.4968286,2.0854006,7.280399,-0.95719516,3.8921173,-2.0645657,0.010195172,6.2776837,4.7721605
1200,2.7494276,-0.20486832,-3.0265372,-0.7227924,8.940307,-1.0216732,2.5712378,2.3634248,4.666102,6.3220096,-1.499026,0.10342093,2.7314095,11.441266,-4.6667666,1.2511536,1.5592445,5.0425735,6.778014,0.25477424,-1.3455919,2.8809602,6.3830495,5.5133605,0.33819392,-3.2390378,1.8974941,0.81449425,2.0722346,8.069066,3.4260092,-3.211196,1.9292854,7.5650864,0.23409997,4.2593107,-1.4796131,0.21069483,6.3989024,5.9781113
1201,0.8531707,-0.60693145,-2.4207017,-1.5356982,8.734364,1.1089082,2.8386745,3.3019645,5.2491503,5.2389107,-2.3216438,0.75294006,3.263922,10.547833,-4.320095,3.5402522,3.0703697,5.6072025,6.0924387,-1.4037058,-0.78390056,2.7411077,7.299839,4.4419403,-1.6950402,-2.5890858,1.9195005,1.6680024,2.7402356,8.192916,1.3587273,-3.4201956,1.3461896,7.930208,1.569668,4.0463133,-1.1325368,0.44758862,6.599655,6.5461106
1202,-1.080011,-0.1336428,-1.8742294,-2.0081422,8.309984,3.335626,2.5671408,3.966454,5.69372,3.69607,-2.8003976,1.2051558,4.114989,9.549625,-3.4162545,4.8805346,5.3362236,5.907147,4.418759,-2.570351,-0.105141774,2.7965496,7.8750496,2.6970522,-2.954793,-1.8718953,1.7371783,2.4584413,3.6284745,7.8896637,-0.84657013,-2.9430237,0.43739995,8.1729965,2.9783003,3.2245212,-0.99224925,0.6605214,6.8741503,6.3851333
1203,-2.5897465,0.95996606,-1.3902946,-2.1291976,7.682551,5.283231,2.0262787,4.3324084,5.9053493,1.9029027,-2.893527,1.2843517,5.0470037,8.52409,-2.5895867,5.4066987,7.669716,5.351986,1.9853593,-2.9420938,0.32454735,3.1282763,8.092212,0.56757087,-3.1916564,-1.3939625,1.5759238,3.1901357,4.6429358,6.936294,-2.7921977,-1.730252,-0.35434225,8.165274,4.246173,1.8330895,-0.9101196,0.81100965,7.18095,5.5593915
1204,-3.458215,2.2082996,-0.84762174,-1.9543078,6.974273,6.7751427,1.4645469,4.499836,5.846666,0.12846503,-2.590313,1.0121071,5.809036,7.578384,-2.0659332,5.4697366,9.503993,3.4921668,-0.23946738,-2.5864754,0.3532364,3.5597994,7.941584,-1.5136673,-2.4183707,-1.2146938,1.4861072,3.902394,5.599105,5.2108583,-4.085022,-0.1319621,-0.465583,8.0249195,5.0054336,0.10053651,-0.65234554,0.91458684,7.4620423,4.2673182
1205,-3.7312067,3.2023976,-0.16399334,-1.5714046,6.3457317,7.8117085,1.0343347,4.575131,5.530772,-1.3867418,-1.9143157,0.6096699,6.2902737,6.792942,-1.806691,5.322743,10.492244,0.6479296,-1.1007972,-2.0069673,0.21882924,3.916399,7.456948,-3.1012254,-0.8882678,-1.0725144,1.4676853,4.612317,6.2459683,2.8268301,-4.566887,1.1583663,0.2958516,7.9874434,4.910161,-1.5736773,-0.08109998,1.1062312,7.6757774,2.736496
1206,-3.5580528,3.740515,0.6371115,-1.078249,5.9114985,8.482999,0.7733258,4.617821,5.007415,-2.4893844,-0.96711594,0.37915543,6.555633,6.1564355,-1.7126689,5.099187,10.616131,-2.093575,-0.18115224,-1.5456522,0.18019289,4.195952,6.7334595,-3.961216,0.94207597,-0.6150763,1.5726262,5.3081384,6.317601,0.15422654,-4.3105288,1.6196272,1.5684109,8.11338,3.8211257,-2.7893107,0.6462646,1.5864078,7.7919593,1.1068988
1207,-3.0463777,3.8249273,1.4649289,-0.53469646,5.7111573,8.884803,0.6347071,4.6467724,4.3509765,-3.140901,0.060822923,0.54738754,6.7557445,5.5535426,-1.7169175,4.860326,10.169568,-3.7143536,1.9375547,-0.93221426,0.34025016,4.470307,5.875636,-4.160781,2.585625,0.31864026,1.8479127,5.9521036,5.61896,-2.2788126,-3.467728,1.308038,2.7748704,8.250122,1.9022293,-3.2952437,1.1410086,2.3946285,7.7307496,-0.5676588
1208,-2.2463408,3.6133828,2.225307,0.061009582,5.7378125,9.071044,0.533816,4.668154,3.646168,-3.4043233,0.95676076,1.1762952,7.000657,4.8091326,-1.7828115,4.616342,9.5584755,-3.9333084,4.202905,0.18051435,0.6742017,4.781628,4.9473515,-3.943559,3.7353415,1.6549226,2.2860131,6.444494,4.133354,-3.9720032,-2.3023403,0.73999137,3.58554,8.190872,-0.38727254,-3.0046995,1.1501232,3.292309,7.378393,-2.190033
1209,-1.2403342,3.3685112,2.871731,0.7440871,5.972283,9.037754,0.3856456,4.699804,2.9718122,-3.3950236,1.5744331,2.1766906,7.28591,3.7504067,-1.8629996,4.3362427,9.100214,-3.0725284,5.856094,1.6592076,1.0160235,5.083049,3.986886,-3.550124,4.31918,3.2201262,2.856826,6.5996957,2.0906832,-4.6646523,-1.2467821,0.39812833,4.0593023,7.8001366,-2.4756856,-1.9629403,0.8594216,3.9965537,6.704008,-3.5609267
1210,-0.2131505,3.3487844,3.4221888,1.5353233,6.3865523,8.725023,0.13449758,4.779305,2.3886724,-3.2280715,1.8720998,3.376035,7.4869647,2.2791348,-1.8596783,3.9709554,8.94698,-1.5700029,6.728877,3.0443993,1.2178445,5.2854857,3.0511086,-3.12207,4.416455,4.852737,3.50729,6.1839986,-0.06934079,-4.410685,-0.65366775,0.37948173,4.401226,7.0548124,-3.9467494,-0.4139695,0.77660835,4.4757476,5.758533,-4.5122867
1211,0.58006716,3.6688964,3.9441214,2.419853,6.91638,8.034849,-0.21653233,4.9471416,1.9346244,-2.9895697,1.8928345,4.58388,7.4016075,0.4582572,-1.6275455,3.512365,9.100548,0.28076968,6.971399,3.9281154,1.277801,5.360654,2.2084062,-2.708757,4.1638336,6.421341,4.0932255,5.0233793,-1.8344997,-3.5079553,-0.50811815,0.5198283,4.7301526,6.0249014,-4.6987505,1.1810669,1.3166864,4.8711643,4.544031,-5.029055
1212,0.90179455,4.241787,4.547785,3.3604395,7.421589,6.8754435,-0.5853079,5.2082505,1.6240531,-2.733313,1.7222689,5.64024,6.8401732,-1.4454615,-1.0624771,3.0824547,9.469852,2.2818406,6.6947904,4.129398,1.3036714,5.348111,1.4987452,-2.3121195,3.7062104,7.800691,4.3440356,3.1832159,-2.8171482,-2.4083147,-0.5207805,0.6879015,5.0639,4.821331,-4.898416,2.3489208,2.5222762,5.1906734,2.9856791,-5.180236
1213,0.6273483,4.823154,5.390888,4.3159113,7.6541634,5.2421017,-0.825085,5.5040703,1.4430436,-2.4893968,1.4509039,6.4500422,5.7407026,-3.0632854,-0.2508434,2.9408271,9.965317,4.1424093,5.8420186,3.7408266,1.4362488,5.293758,0.91487134,-1.9177952,3.1784563,8.874672,3.9777539,1.0919871,-2.9375632,-1.5252676,-0.4551449,0.87021416,5.383436,3.538478,-4.7946587,2.8333197,4.0966644,5.2147675,1.0802089,-4.9772067
1214,-0.14078493,5.116303,6.622175,5.2264423,7.2639904,3.315785,-0.7948002,5.744004,1.3396635,-2.2708626,1.1497067,6.9952602,4.2194695,-4.1349273,0.4865981,3.2903345,10.573408,5.3562937,4.3317094,3.141088,1.7731702,5.2109222,0.4145276,-1.5079485,2.6967764,9.579066,2.9267793,-0.61604273,-2.4553766,-0.9847717,-0.2653246,1.0963688,5.664798,2.2294958,-4.5536523,2.6314857,5.6024075,4.691923,-0.9177745,-4.3566065
1215,-1.0303224,4.925437,8.221694,5.935223,5.912169,1.5077993,-0.47488925,5.8907666,1.2335274,-2.0730934,0.86142385,7.3168607,2.5063217,-4.606594,0.7869307,4.03447,11.296922,5.3260837,2.379902,2.8110175,2.3302171,5.0726695,-0.050302148,-1.0668694,2.3532436,9.931153,1.437923,-1.4724472,-1.7866355,-0.64624095,0.0054371958,1.39,5.879683,0.92495465,-4.202846,1.9074184,6.685529,3.6154058,-2.536937,-3.338605
1216,-1.615356,4.288864,9.891209,6.0979414,3.5712552,0.33952823,-0.026022276,5.9917245,1.0636597,-1.8750066,0.6074613,7.4812937,0.8440689,-4.5307717,0.51539034,4.7781596,11.988542,3.7579918,0.65209055,2.9084697,3.09042,4.804005,-0.50903034,-0.5879938,2.2147915,10.002434,-0.07589087,-1.3827928,-1.2240827,-0.34478372,0.32115892,1.7629267,5.9901366,-0.33151865,-3.6649313,0.9134303,7.234431,2.3026268,-3.4307027,-2.1453385
1217,-1.7229064,3.4549327,11.217255,5.30832,0.8388947,0.10247196,0.38985905,6.096998,0.8265725,-1.6496508,0.40246004,7.5535383,-0.5602515,-3.9536948,-0.13417079,5.100132,12.34166,1.0970608,-0.09196335,3.1549852,3.9816265,4.3070083,-0.9571697,-0.08653682,2.3227065,9.862792,-1.26339,-0.547817,-0.79523,-0.012172181,0.6694216,2.215123,5.9489913,-1.4607705,-2.842835,-0.05470272,7.379137,1.1561941,-3.61559,-1.0575787
1218,-1.4478854,2.7146235,11.975437,3.5120406,-1.2880305,0.52857906,0.8557638,6.2003202,0.5380903,-1.3735073,0.26446676,7.5826845,-1.5454817,-2.9376125,-0.77194554,4.8805695,12.177748,-1.5407495,0.42391858,3.4149086,4.7942157,3.531871,-1.3359303,0.3882633,2.6835363,9.550255,-1.9612366,0.6995229,-0.35538867,0.35441297,1.0524706,2.7341995,5.709093,-2.3603363,-1.7204936,-0.70157367,7.352504,0.3813197,-3.337277,-0.21454957
1219,-0.9601194,2.2599902,12.214567,1.1909842,-2.1418462,0.98866117,1.513207,6.262108,0.17934684,-1.0229104,0.21793507,7.596141,-2.0164459,-1.6417528,-1.0682533,4.3704634,11.637078,-3.1525118,1.775446,4.0429277,5.295465,2.4740295,-1.5423572,0.7628357,3.251986,9.083648,-2.1971602,2.0237129,0.23324725,0.7255272,1.4730709,3.2940428,5.238209,-2.9510114,-0.4229162,-0.79836357,7.3375554,-0.06766366,-2.8328996,0.39145803
1220,-0.381859,2.1594434,12.088491,-0.9646559,-1.6845403,1.1567112,2.2706914,6.240337,-0.26333913,-0.57193935,0.29854476,7.600936,-1.9765767,-0.3148762,-0.9186797,3.9308493,10.977851,-3.5058067,3.1909468,5.310972,5.2569084,1.139843,-1.4732959,0.9841074,3.9300797,8.494356,-2.1131566,3.1837635,1.006743,1.0504038,1.9207778,3.8532746,4.5318666,-3.2220469,0.8181789,-0.25636083,7.3789477,-0.37651855,-2.2307723,0.8199251
1221,0.22559805,2.4017038,11.699928,-2.4411008,-0.28641197,1.2800645,2.972924,6.1051364,-0.7438719,-0.012336805,0.5573716,7.590472,-1.5400735,0.81159407,-0.41072172,3.7783604,10.345033,-3.0006402,4.159776,6.9254293,4.3852453,-0.29477412,-1.0938722,1.0834473,4.6085334,7.8373847,-1.8672291,4.0737643,1.9134924,1.2806239,2.369343,4.358362,3.617742,-3.231154,1.7744445,0.836843,7.3797555,-0.74495035,-1.5602398,1.1288619
1222,0.83959216,2.9373753,11.082172,-3.0755713,1.4820449,1.7960471,3.6049693,5.798416,-1.1882777,0.6232268,1.0482887,7.5519376,-0.9036511,1.6208555,0.30617848,3.9539962,9.756914,-2.1707728,4.6550865,8.300216,2.5636358,-1.348509,-0.554995,1.1911191,5.2323065,7.160494,-1.5761344,4.6953397,2.869487,1.3944955,2.7866008,4.7535014,2.5520737,-3.0583549,2.3193474,2.2486932,7.1727405,-1.2860391,-0.79956067,1.3786793
1223,1.4599303,3.6961608,10.244014,-3.0539382,3.0685349,2.8926816,4.1703734,5.2034855,-1.5360723,1.2573736,1.798665,7.468854,-0.28862667,2.1277046,1.1204951,4.410172,9.168937,-1.387516,4.885945,9.013031,0.14878935,-1.4934828,-0.13373338,1.4130017,5.8162255,6.4650826,-1.3122855,5.1016793,3.8010974,1.3998356,3.146761,4.993546,1.4134082,-2.7570531,2.4567645,3.6900384,6.6199555,-1.9664631,0.055809323,1.655474
1224,2.1069362,4.58735,9.187382,-2.7381654,4.1738796,4.44582,4.533515,4.2057505,-1.7286187,1.7824461,2.7789648,7.3171945,0.12185678,2.4326282,1.992164,5.0786214,8.501979,-0.8298078,5.0282907,8.970289,-2.1478875,-0.5701774,0.1311788,1.734818,6.3873854,5.7133713,-1.1144124,5.3531804,4.662792,1.3204303,3.436815,5.054988,0.2953929,-2.3402948,2.29574,4.9212174,5.6897283,-2.6350484,0.9280572,2.06944
1225,2.8263843,5.4903917,7.8878865,-2.4354703,4.7707477,6.18359,4.4350376,2.831578,-1.699904,2.1031666,3.8887458,7.0633826,0.2312797,2.6577106,2.9411387,5.8823557,7.6399903,-0.54841506,5.154012,8.338363,-3.7204936,1.0711222,0.58198947,2.140351,6.93165,4.856836,-0.9869284,5.4949617,5.4347477,1.1827136,3.6569073,4.941774,-0.7058347,-1.8041998,2.007133,5.8265715,4.4681854,-3.1316943,1.6548306,2.7062252
1226,3.6885104,6.2348027,6.287079,-2.2692597,4.940123,7.806089,3.6369262,1.3691107,-1.4276317,2.2111864,4.985212,6.671395,0.049300566,2.8904254,4.0192995,6.7062473,6.430186,-0.50298184,5.2726417,7.399561,-4.4071784,2.784774,1.5757679,2.682838,7.369104,3.8418186,-0.8950487,5.552514,6.109536,1.01117,3.8178916,4.683701,-1.5118587,-1.1637642,1.7746823,6.4173594,3.095073,-3.3725877,2.067249,3.5687654
1227,4.7613516,6.5688047,4.3455963,-2.1749904,4.7507496,9.042318,2.1550283,0.31020525,-1.0016601,2.217156,5.9560313,6.106369,-0.33199847,3.1480985,5.2730045,7.3463554,4.7253036,-0.5585978,5.372343,6.4082212,-4.4319477,4.0321164,3.1586194,3.3917,7.527278,2.6342244,-0.7661027,5.543965,6.6774096,0.8300379,3.937524,4.326834,-2.0818768,-0.4716869,1.7453842,6.7661185,1.684521,-3.3395245,2.0797396,4.564869
1228,6.031988,6.147451,2.1772213,-1.9807698,4.2807326,9.738161,0.4035397,0.054863654,-0.5594829,2.2635193,6.7643995,5.327688,-0.79303604,3.3739426,6.68698,7.4734225,2.506713,-0.50684834,5.439121,5.498619,-4.1259065,4.6085696,5.12473,4.2149706,7.1373315,1.2911651,-0.5188338,5.50778,7.118434,0.6617228,4.035169,3.9197776,-2.4195118,0.1927533,1.9934585,6.924578,0.30269024,-3.020157,1.7337794,5.5399184
1229,7.2929635,4.651147,0.19618253,-1.5846564,3.7004664,9.937132,-1.0093337,0.619694,-0.10127533,2.431976,7.412077,4.2942686,-1.2258507,3.4666612,8.12338,6.6994963,0.051927056,-0.20573056,5.4962974,4.6728773,-3.7401786,4.568734,7.196953,4.9818544,5.921399,0.025044153,-0.14350085,5.522518,7.409242,0.5136566,4.1269903,3.5034077,-2.5624464,0.75325596,2.510328,6.880651,-0.9965498,-2.3838665,1.2039323,6.3338604
1230,8.123644,2.117885,-0.9498491,-1.1269523,3.229821,9.832635,-1.694181,1.650442,0.51690316,2.7630262,7.875035,2.9869623,-1.5293498,3.3376124,9.326672,4.83539,-2.0516567,0.19275756,5.621391,3.868195,-3.4166183,4.058569,9.0977745,5.349096,3.8210838,-0.827098,0.23136388,5.6656075,7.54303,0.3649291,4.2262897,3.109194,-2.5635226,1.162543,3.2200534,6.5740895,-2.1328776,-1.428895,0.77022684,6.8711815
1231,8.088831,-0.81114644,-0.80075145,-0.79777664,2.9650679,9.627665,-1.64301,2.6991808,1.3898575,3.2803442,8.064911,1.4397141,-1.5842774,2.9839752,10.058603,2.1848974,-3.1875916,0.2702779,5.820421,3.0723786,-3.2048512,3.2193255,10.565157,4.9290013,1.2666825,-1.0045745,0.45347136,5.9284687,7.5419645,0.18259035,4.3482027,2.7624655,-2.474876,1.4117683,4.0115623,5.9518366,-3.009631,-0.2633371,0.727926,7.2377844
1232,6.9772816,-3.2277162,0.4599272,-0.41275942,2.9101236,9.439648,-1.0797313,3.4761631,2.473747,3.9625242,7.821863,-0.21601076,-1.2697451,2.5475805,10.2674,-0.5063492,-3.0277405,-0.15179901,5.9542117,2.3849485,-3.077358,2.177191,11.433859,3.6687465,-0.9251362,-0.5961655,0.5826839,6.2393794,7.431808,-0.042092502,4.509248,2.482549,-2.3398845,1.5235791,4.7761455,5.019584,-3.5691917,0.8745462,1.2569162,7.6061153
1233,4.822568,-4.6010294,1.9865774,0.43555024,3.1387746,9.272966,-0.30599704,3.913963,3.6573927,4.709947,6.9602437,-1.7345992,-0.57376546,2.3006728,10.0845585,-2.490388,-1.6649181,-0.6363851,5.964272,1.8999751,-2.9856148,1.0573761,11.7370825,2.0389388,-2.148934,-0.0145220095,0.83095276,6.5813994,7.1907105,-0.29149288,4.719694,2.2800906,-2.1913767,1.536622,5.4362407,3.8510833,-3.8275561,1.7069632,2.336129,8.010967
1234,1.8484393,-4.924703,2.812884,1.8097727,3.7267544,9.036654,0.3766851,4.103585,4.8470793,5.318886,5.3845367,-2.8343894,0.27666983,2.4963784,9.646764,-3.4379122,0.3716004,-0.49921185,5.987992,1.5267161,-2.9048154,-0.0418061,11.664894,0.70530224,-2.3963687,0.40616095,1.2779468,6.9929748,6.7454896,-0.5464016,4.977197,2.1577032,-2.053311,1.4904696,5.9554477,2.5580854,-3.8417006,2.0465505,3.7377067,8.206127
1235,-1.4454836,-4.343706,2.5285747,3.305824,4.6975317,8.576595,0.73674977,4.19769,5.9855766,5.487112,3.2322423,-3.331933,0.8835897,3.1407688,8.999158,-3.5159192,2.358311,0.5716948,6.075363,1.0130901,-2.7862937,-1.075744,11.400645,0.10869945,-2.0700135,0.64295614,1.8540717,7.486686,6.0172486,-0.789801,5.2638803,2.1124141,-1.9435507,1.4162412,6.33176,1.2580662,-3.6463144,1.8723649,5.0977454,7.7857885
1236,-4.281555,-3.0039976,1.5707749,4.4476275,6.0294256,7.7110996,0.66087466,4.3229175,7.0235996,4.902462,0.94004494,-3.2168553,0.99149555,3.947682,8.203024,-3.1271882,3.8062003,2.3716583,5.97467,0.14499375,-2.4831548,-2.0077274,11.021231,0.33047745,-1.6590905,0.82044,2.497241,8.014813,4.9511795,-0.9903437,5.544693,2.1337986,-1.8753248,1.3332006,6.584357,0.06387719,-3.226346,1.3335502,6.0870867,6.5313196
1237,-6.031862,-1.3283578,0.8387513,5.122769,7.508197,6.276458,0.21421395,4.5077534,7.8821373,3.4235957,-0.86726063,-2.6724293,0.71168727,4.603452,7.412749,-2.5964425,4.629878,4.4222593,5.2762723,-1.0168434,-1.8027751,-2.7081392,10.537638,1.1393682,-1.5254729,1.0076407,3.20333,8.474552,3.5280075,-1.0894558,5.771543,2.1963878,-1.8553938,1.2492325,6.742472,-0.9144507,-2.550839,0.6933861,6.6057377,4.6473794
1238,-6.641983,0.0037273983,0.8476925,5.596459,8.705411,4.197675,-0.31434932,4.663505,8.432234,1.2646154,-1.6544045,-2.0351822,0.36222485,5.0140705,6.7694783,-2.0749717,4.9931107,6.221715,3.7188678,-2.055819,-0.759614,-2.9322655,10.004121,2.097364,-1.7869824,1.1932471,3.9889867,8.720253,1.7860576,-1.0072106,5.903971,2.2518864,-1.8789638,1.1632223,6.838489,-1.5774001,-1.6382297,0.23067181,6.800504,2.5625417
1239,-6.421983,0.5384778,1.4074756,6.1807566,9.182717,1.5949051,-0.5201992,4.697952,8.539813,-0.9984161,-1.2388655,-1.552662,0.15476254,5.2585096,6.308817,-1.6093013,5.110959,7.406066,1.443353,-2.4686155,0.27627566,-2.5269315,9.542682,2.7361705,-2.3278067,1.3296548,4.849155,8.580868,-0.14870524,-0.6794724,5.9484444,2.2317522,-1.9257923,1.0679741,6.903369,-1.8582906,-0.59349734,0.1432006,6.8796306,0.57901645
1240,-5.6112995,0.2997733,2.018787,6.9885383,8.624266,-1.1431632,-0.15361024,4.7096176,8.157975,-2.7313886,0.12527065,-1.1386147,0.14299946,5.440445,5.9914618,-1.206468,5.147525,7.832175,-1.0270823,-2.0246563,0.91867995,-1.6509559,9.242402,2.7560506,-2.921929,1.3333459,5.7204533,7.907784,-2.0588202,-0.13404824,5.985483,2.0680852,-1.9639465,0.9530823,6.9624357,-1.7441006,0.41992423,0.49502927,6.9266233,-1.1958095
1241,-4.2753315,-0.3305805,2.307678,7.8800516,6.9254584,-3.468746,0.5777135,4.9776926,7.3333683,-3.6582847,1.8773764,-0.51447994,0.333971,5.6376147,5.7517014,-0.8628091,5.1922593,7.5635633,-3.0999885,-0.84932053,1.2074493,-0.6215188,9.1003685,2.108139,-3.3476624,1.096454,6.465423,6.6697154,-3.6935039,0.43586123,6.125308,1.7291688,-1.9587203,0.8091586,7.031345,-1.2767743,1.2522709,1.2130319,6.856698,-2.7058868
1242,-2.490104,-0.8481225,2.2346034,8.589818,4.317207,-4.955474,1.0046293,5.5842094,6.159673,-3.9393835,3.4492526,0.47782904,0.69570905,5.8909426,5.5189548,-0.57612735,5.2739644,6.787224,-4.4330897,0.6720135,1.5368133,0.40085882,9.03944,0.93051535,-3.4128764,0.56950206,6.9300737,5.0327997,-4.871071,0.714015,6.391964,1.2607399,-1.8763523,0.63686764,7.1135535,-0.53429997,1.8269184,2.123801,6.509807,-3.844281
1243,-0.52164114,-0.8768604,2.05785,8.951839,1.313497,-5.4032235,0.5455721,6.153336,4.877168,-3.8602536,4.510304,1.798891,1.1574711,6.1825137,5.2340746,-0.34355795,5.3865848,5.719582,-5.0329037,2.0544655,2.2513278,1.4544579,8.9045515,-0.5437013,-2.9385264,-0.13826957,7.067066,3.3050835,-5.5360317,0.45468217,6.663709,0.8168334,-1.6935132,0.46024054,7.2019258,0.3924851,2.148565,3.0212424,5.793891,-4.5000362
1244,1.2309914,-0.31394073,2.075713,8.954336,-1.5056663,-4.6708684,-0.68344575,6.2350492,3.9037085,-3.5882504,5.0099654,3.3087983,1.6780785,6.4398313,4.857327,-0.15066904,5.512525,4.537039,-5.127317,2.9218657,3.4221237,2.611765,8.441507,-2.020285,-1.8221091,-0.72325385,7.0084014,1.7453231,-5.7188506,-0.34848952,6.756376,0.6243014,-1.4339725,0.3275479,7.28709,1.412188,2.2674327,3.7392962,4.7644134,-4.6713576
1245,2.4594655,0.7246638,2.4178445,8.59708,-3.6242013,-2.7365835,-1.8555042,5.8530116,3.4865682,-3.1999369,5.084879,4.867032,2.2746954,6.5613694,4.365337,0.034639567,5.635266,3.3461087,-4.96669,3.118552,4.891297,3.8524344,7.334532,-3.1896963,-0.21729201,-0.7775325,6.974635,0.41217697,-5.4505205,-1.4803206,6.5384192,0.85215306,-1.1919377,0.2797127,7.368392,2.4361815,2.2342846,4.1948733,3.586822,-4.482801
1246,3.0744467,2.0442548,3.046165,7.8145533,-4.7252173,-0.07091982,-2.0523632,5.470097,3.4533417,-2.7593827,4.9122443,6.3876553,2.9687333,6.424889,3.7558796,0.2580441,5.741049,2.1907582,-4.70139,2.6769865,6.3752613,5.001431,5.3553996,-3.8478508,1.3736528,-0.0286521,7.034771,-0.8043572,-4.6977677,-2.6342592,5.9772167,1.4898726,-1.0766944,0.31360844,7.4567695,3.3843253,2.074069,4.3899784,2.4432807,-4.094621
1247,3.1644533,3.4579594,3.8253493,6.5412917,-4.8871565,2.414036,-0.9417386,5.409407,3.4246383,-2.34322,4.6099277,7.834873,3.7084205,5.890513,3.0760493,0.56524074,5.815424,1.0807973,-4.3583727,1.750346,7.5417657,5.7427087,2.5842197,-3.9550574,2.3413363,1.3974248,6.9630346,-1.9966072,-3.3785746,-3.5052502,5.167792,2.355103,-1.1199397,0.39214885,7.5673122,4.191188,1.7860324,4.391084,1.4688134,-3.6225977
1248,2.8993192,4.807607,4.555413,4.7884493,-4.516279,3.993303,1.1335052,5.519218,3.0563073,-2.004972,4.223491,9.180689,4.325059,4.850879,2.453267,0.9817959,5.838814,0.025602723,-3.8740897,0.5778913,8.133663,5.7974305,-0.47515348,-3.543169,2.4087045,2.9775167,6.468356,-3.0532484,-1.5209521,-3.8241076,4.349511,3.2163663,-1.2594603,0.48372972,7.710541,4.803602,1.364179,4.3035426,0.7356434,-3.1233802
1249,2.4608674,5.9692993,4.995078,2.6749573,-3.9944067,4.489558,3.5283253,5.435332,2.1705189,-1.7109847,3.7635095,10.359763,4.5598707,3.3486013,2.0685742,1.5062387,5.7798085,-0.93968344,-3.1570249,-0.5479083,8.130689,5.1631584,-3.1132126,-2.6742609,1.8535348,4.1913147,5.5524673,-3.723897,0.56581897,-3.4171221,3.797279,3.9124107,-1.4198307,0.57526296,7.8891387,5.1757693,0.8240134,4.242266,0.26401445,-2.6168728
1250,2.0060763,6.8699965,4.9217396,0.45058826,-3.4557486,4.1089225,5.6472936,4.915966,0.8863337,-1.3653524,3.2725053,11.269829,4.186384,1.6715088,2.0324745,2.1378872,5.586286,-1.7525461,-2.1658337,-1.3486329,7.7776604,4.1027927,-4.86385,-1.5382168,1.2721301,4.9166837,4.4655867,-3.9038377,2.4138963,-2.2964005,3.6234093,4.3647747,-1.581586,0.6572807,8.098081,5.2750177,0.21777324,4.296364,0.04302759,-2.1117516
1251,1.6473491,7.5005813,4.2258444,-1.5201366,-2.8689194,3.220319,7.139769,3.9695709,-0.42038888,-0.9260703,2.8683882,11.83853,3.1647422,0.26641077,2.258785,2.8911948,5.1868114,-2.353315,-0.9675738,-1.6324095,7.4107833,2.8830082,-5.702122,-0.46322158,1.1056787,5.34207,3.3893259,-3.7152514,3.7014487,-0.6559873,3.7302945,4.5110893,-1.7621796,0.710283,8.323958,5.0977283,-0.37419367,4.498128,0.051790565,-1.6222773
1252,1.4432665,7.901595,2.9781437,-2.8778403,-2.2384245,2.2301536,7.9756293,2.8086736,-1.38069,-0.46525678,2.685564,12.073778,1.6839029,-0.49909294,2.5238268,3.7318604,4.521589,-2.7175572,0.2665307,-1.3249774,7.2441006,1.6020428,-5.8451014,0.23762794,1.4049647,5.644454,2.3368187,-3.3430908,4.3591175,1.2333707,3.9365225,4.2777367,-1.9597716,0.701481,8.543383,4.6840997,-0.8716209,4.815223,0.2690713,-1.1755121
1253,1.4000939,8.125523,1.4095243,-3.420238,-1.6784004,1.4312544,8.349633,1.6798238,-1.8426534,-0.093210824,2.766686,12.02405,0.071196884,-0.48559943,2.7020411,4.530876,3.5936139,-2.855594,1.3276196,-0.4655553,7.268066,0.22965619,-5.4791827,0.41178966,1.9335052,5.872726,1.2657783,-2.904051,4.4819794,3.1169913,4.077896,3.6264954,-2.1267595,0.59150136,8.723655,4.121861,-1.2225904,5.1738544,0.66657764,-0.80845344
1254,1.4843767,8.207542,-0.17545083,-3.1469948,-1.2943612,0.9076966,8.483822,0.7447569,-1.8492736,0.14497812,3.0467365,11.726881,-1.3257822,0.2199359,2.9181104,5.13768,2.4728587,-2.7912116,2.0543668,0.79945534,7.2762756,-1.255593,-4.645413,0.11908778,2.3891912,6.020184,0.18691926,-2.4257553,4.23401,4.7951035,4.0232425,2.6181517,-2.1819487,0.3560592,8.830026,3.533201,-1.4148206,5.498997,1.1972781,-0.55583465
1255,1.6436366,8.167105,-1.4879723,-2.2075472,-1.0511314,0.61462396,8.517539,0.082073234,-1.5252626,0.29220596,3.431551,11.218017,-2.2552598,1.3436077,3.439297,5.439159,1.2304583,-2.542237,2.3908715,2.2330422,6.984615,-2.7377837,-3.3114967,-0.37428966,2.6022427,6.0916724,-0.8145495,-1.8825617,3.808777,6.1377378,3.6766672,1.4390124,-2.0495756,0.02044407,8.841096,3.0417852,-1.4689612,5.74658,1.7950829,-0.4357731
1256,1.827747,8.029269,-2.3230443,-0.8500527,-0.7943292,0.51696444,8.514002,-0.2897793,-1.0096818,0.43483832,3.8678281,10.551119,-2.6610606,2.5188901,4.4139314,5.292887,-0.08427287,-2.1122112,2.4002755,3.5721471,6.1993194,-3.9570067,-1.5744405,-0.677775,2.634217,6.0967717,-1.632862,-1.2472317,3.412885,7.096419,3.0010545,0.35874605,-1.7110307,-0.32210287,8.764538,2.7269447,-1.4231188,5.9111586,2.3887205,-0.44369608
1257,2.0022173,7.839151,-2.6026757,0.6259311,-0.3785343,0.6267918,8.494975,-0.4128504,-0.42684093,0.6486781,4.351947,9.7794075,-2.682126,3.4583695,5.711618,4.487779,-1.3489254,-1.5282607,2.2450244,4.631786,4.934586,-4.6851892,0.21374606,-0.47402018,2.6896007,6.0186315,-2.2116678,-0.5333931,3.2324402,7.6927066,2.032812,-0.36834008,-1.232983,-0.54521257,8.637473,2.5918465,-1.316762,6.012164,2.91825,-0.5575853
1258,2.1496706,7.6568995,-2.3750494,1.9502593,0.24226844,0.954407,8.4578495,-0.38030386,0.13570608,0.974261,4.8996506,8.921651,-2.5410614,4.061128,6.9953027,2.8940685,-2.2766085,-0.9261742,2.1209698,5.367097,3.3664253,-4.895662,1.6014928,0.2992848,2.9128704,5.8043447,-2.5667036,0.19289625,3.38451,7.965679,0.8659288,-0.5886692,-0.7317906,-0.5619206,8.507219,2.572585,-1.1795455,6.074863,3.343162,-0.7480156
1259,2.2629797,7.5415993,-1.7663053,2.9588926,1.0203483,1.4754231,8.377381,-0.30340555,0.63963443,1.4248432,5.5154824,7.945389,-2.4242861,4.3672314,7.928016,0.6896408,-2.4973626,-0.5287822,2.1324527,5.8280706,1.6891806,-4.711529,2.3069112,1.456052,3.3066478,5.3748107,-2.7554708,0.83364725,3.8836708,7.913229,-0.37220377,-0.27214438,-0.28748354,-0.36375386,8.410254,2.5794125,-1.0280675,6.119016,3.6412532,-0.98585576
1260,2.3364158,7.5376325,-0.9183526,3.6091607,1.8704841,2.142451,8.20483,-0.2754814,1.0894786,2.0066996,6.1742663,6.7716985,-2.4242651,4.4492617,8.346742,-1.6025921,-1.7782087,-0.3939705,2.2402797,6.0717626,0.053843714,-4.240348,2.319534,2.7034395,3.804195,4.652478,-2.8373961,1.2903898,4.640179,7.4867992,-1.5345305,0.4972729,0.12476328,0.009987301,8.365278,2.5331004,-0.8683883,6.1567225,3.8035173,-1.2459906
1261,2.3593688,7.66857,0.05235324,3.9384897,2.716824,2.9030626,7.871981,-0.34955463,1.5104324,2.7325125,6.8049726,5.2981296,-2.5281708,4.3443832,8.312481,-3.3603747,-0.21990944,-0.22128777,2.4050517,6.1224747,-1.4096521,-3.5029078,1.850265,3.7815466,4.3313494,3.5990834,-2.844943,1.4898571,5.4896016,6.655625,-2.4773326,1.5260642,0.62737703,0.52834207,8.372672,2.3738723,-0.6990582,6.1946154,3.8289607,-1.5086893
1262,2.314204,7.9358478,1.0673593,4.0105586,3.5084507,3.6998394,7.302161,-0.5301642,1.9196262,3.6182623,7.2688775,3.4485812,-2.6202543,4.0452795,8.035261,-4.1908627,1.7099999,0.4217236,2.6855407,5.954515,-2.5909066,-2.4917672,1.2419221,4.558488,4.7945967,2.248002,-2.758103,1.4038228,6.2504807,5.4870687,-3.1067107,2.54111,1.3596089,1.190574,8.403634,2.052485,-0.51089704,6.236754,3.720004,-1.7597184
1263,2.1778233,8.31835,2.0809383,3.8791015,4.212396,4.4607697,6.431,-0.77599436,2.3018844,4.658369,7.3442063,1.2612004,-2.5061255,3.5431805,7.7346168,-4.058491,3.4228117,1.695305,3.0885918,5.4808216,-3.4136593,-1.2793509,0.8524376,5.0663977,5.0596795,0.7226516,-2.497653,1.0748837,6.794643,4.1602764,-3.412829,3.2802548,2.3874292,2.0124707,8.375064,1.5266411,-0.2842935,6.2877464,3.4777613,-1.9889055
1264,1.9260293,8.771451,3.0685751,3.5740309,4.80137,5.0977416,5.2376814,-1.012288,2.6052353,5.7842336,6.7629,-1.0172164,-2.0129497,2.9242527,7.5306926,-3.1680126,4.5632567,3.3717117,3.4406867,4.6109214,-3.835644,-0.0726058,0.91817784,5.443925,4.972954,-0.77490914,-1.9744653,0.6445282,7.097707,2.8839371,-3.4529297,3.5921888,3.6713233,3.007987,8.122874,0.7761419,0.0075043524,6.3567696,3.0976965,-2.1862931
1265,1.5407817,9.226614,4.014773,3.1035802,5.249838,5.524549,3.775841,-1.1511594,2.7701833,6.842082,5.350173,-2.9477181,-1.1867446,2.429557,7.436651,-1.8070594,5.1381516,5.026481,3.47082,3.3948863,-3.8630948,0.862173,1.4648068,5.8081746,4.4075365,-2.0148377,-1.1919237,0.33730352,7.233594,1.7832142,-3.300715,3.4665375,5.092368,4.155493,7.3962793,-0.16035317,0.37257007,6.460538,2.5702567,-2.3351817
1266,1.0225999,9.595389,4.9015164,2.467753,5.544446,5.6912355,2.179792,-1.1163006,2.784391,7.641943,3.2063053,-4.1063323,-0.39797884,2.2931125,7.433373,-0.26140085,5.372505,6.2762327,2.9788027,2.1159217,-3.5722852,1.3685288,2.331264,6.1616225,3.3115354,-2.8098967,-0.31766704,0.35922012,7.302387,0.85333884,-3.0029225,2.9961436,6.4877696,5.3198123,5.916884,-1.1301315,0.7441286,6.615986,1.8968425,-2.4027162
1267,0.4107758,9.785529,5.6981754,1.6815232,5.7032704,5.611987,0.62670094,-0.86887556,2.720708,8.059645,0.7339033,-4.2887187,-0.07379179,2.4652982,7.542466,1.2601693,5.4829435,6.8881993,1.9792936,1.1814749,-3.0942585,1.4975235,3.2929654,6.3959384,1.7577147,-3.0640574,0.38076618,0.76265013,7.3434134,0.01307763,-2.56055,2.3329718,7.679125,6.1814413,3.5704865,-1.8322779,0.94873357,6.8122134,1.1295118,-2.3352778
1268,-0.19726177,9.737088,6.3559494,0.8009459,5.7853117,5.3581686,-0.73122346,-0.4270147,2.717339,8.084075,-1.5503817,-3.505202,-0.25786045,2.658208,7.8325567,2.689165,5.527753,6.7730913,0.7450764,0.8664247,-2.5493443,1.4339734,4.1856027,6.3559184,-0.034798793,-2.7717323,0.7241152,1.4091005,7.320836,-0.79352355,-1.9399894,1.6710092,8.529814,6.3180037,0.6774942,-1.9114436,0.8407251,6.9911013,0.4060925,-2.0791056
1269,-0.66152453,9.466749,6.8143024,-0.06864132,5.8715553,5.015595,-1.8184224,0.13386503,2.9091156,7.7629733,-3.2424648,-1.9392986,-0.5398975,2.7006438,8.338842,4.0436487,5.3696527,5.9801946,-0.31628996,1.1324669,-1.9769439,1.3559238,4.9438453,5.9151473,-1.7494073,-2.0072856,0.7705843,2.0908897,7.185644,-1.5334245,-1.119362,1.2329113,9.028317,5.4716935,-2.007612,-1.2470782,0.5785905,7.101941,-0.10798676,-1.6320059
1270,-0.86758167,9.076107,7.0244565,-0.8029899,6.024007,4.6401167,-2.639121,0.7029873,3.3594077,7.1331835,-4.184162,0.016795889,-0.42052937,2.7103698,9.006874,5.251357,4.74018,4.7575955,-0.8881055,1.6874253,-1.3519669,1.3657933,5.5655894,5.032682,-3.0900705,-0.95389736,0.7778789,2.698102,6.918074,-2.1162374,-0.14676741,1.2239004,9.284311,3.7240086,-3.7726839,-0.20887145,0.58895594,7.1581798,-0.37221184,-1.0620267
1271,-0.77833617,8.70232,6.9715705,-1.3136654,6.2569876,4.2417846,-3.244061,1.1656241,4.0321393,6.216352,-4.479429,1.8532128,0.33403662,2.926466,9.745113,5.9972606,3.4403079,3.5820267,-0.90151906,2.2306213,-0.66875416,1.4990941,6.060082,3.764619,-3.89702,0.092099756,1.0048103,3.2571094,6.5062103,-2.4833257,0.84599537,1.7604319,9.370815,1.37512,-4.3509865,0.54559726,1.0734872,7.171618,-0.50667655,-0.44643205
1272,-0.40868723,8.457846,6.6656947,-1.5824933,6.5437403,3.7967336,-3.692457,1.4288774,4.811777,5.05831,-4.3833065,3.1711226,1.6691211,3.525264,10.437788,5.775306,1.6493957,2.9562562,-0.48999694,2.6382835,0.03334195,1.7577019,6.41478,2.2344425,-4.16353,0.825321,1.5334598,3.8343253,5.9148273,-2.6566358,1.6942465,2.813427,9.155401,-1.2084391,-3.7834444,0.6433129,1.7688812,7.126771,-0.6342576,0.18108435
1273,0.22279567,8.400304,6.107308,-1.6524996,6.8428574,3.2707427,-4.026194,1.4352382,5.5545273,3.753847,-4.1328115,3.8016648,3.415207,4.6181827,10.809866,4.190395,0.036939174,2.985829,0.2105537,2.9211922,0.7065011,2.1303844,6.5862966,0.59814864,-3.9510343,1.0823301,2.2492054,4.450738,5.089761,-2.7109568,2.2673948,4.1910625,8.324245,-3.576223,-2.2253602,0.34613135,2.3226,7.04894,-0.75559485,0.80738145
1274,1.1035769,8.5205555,5.261352,-1.5897205,7.1174593,2.6419716,-4.256406,1.1662015,6.1417484,2.4424546,-3.844197,3.7546058,5.39195,6.2393975,10.232177,1.3758178,-0.6272607,3.2629921,1.1127738,3.1028452,1.3128011,2.5924795,6.5103245,-0.9702597,-3.3119462,0.9222046,2.952294,5.0711,3.9919243,-2.7097144,2.501133,5.583744,6.643923,-5.260038,-0.14536157,0.33026043,2.7145298,6.962496,-0.81168896,1.403228
1275,2.2118554,8.729028,4.0626216,-1.4399204,7.339277,1.9150972,-4.359286,0.64252985,6.5115194,1.2888191,-3.5186646,3.1464705,7.363563,8.087782,7.7661085,-1.7143515,-0.17762174,3.460134,2.0445917,3.2046123,1.8326898,3.1009886,6.128433,-2.2908442,-2.307242,0.59723544,3.5020204,5.618142,2.6364796,-2.651503,2.3967943,6.68789,4.23541,-6.054872,1.5966876,1.0504726,3.1538267,6.8065214,-0.80157524,1.9324015
1276,3.5065818,8.839192,2.4595797,-1.2015207,7.486923,1.1225976,-4.281731,-0.074146576,6.6608496,0.45224595,-3.112814,2.19039,8.973017,9.20653,3.0458734,-3.5519276,0.45190006,3.7362924,2.8674238,3.255602,2.2731965,3.5963147,5.422378,-3.2201893,-1.0821711,0.4257184,3.9003472,5.9839206,1.1140392,-2.4567013,2.0224373,7.3479147,1.5462785,-6.0746613,2.2685404,2.3428407,3.761365,6.447029,-0.78761655,2.37506
1277,4.9174786,8.56587,0.49372354,-0.8443094,7.5527964,0.31639323,-3.9589105,-0.8797016,6.627083,0.043763056,-2.6198096,1.1755481,9.899318,8.46564,-2.4358704,-3.098433,0.1994507,4.0765886,3.664299,3.256014,2.640156,4.0121336,4.4363723,-3.708002,0.118962064,0.6279737,4.2556124,6.048395,-0.41835392,-2.0129004,1.527702,7.6041923,-0.914878,-5.4513197,1.777067,3.6398413,4.559894,5.7446194,-0.8323729,2.7240064
1278,6.32409,7.5826945,-1.6209507,-0.40520653,7.5617433,-0.4334331,-3.343138,-1.6320162,6.4664903,0.082729936,-2.1099918,0.3525375,10.163422,5.832174,-6.252576,-0.9543143,-0.2735724,4.244756,4.5522184,3.2097878,2.9111636,4.2901673,3.274412,-3.8078797,1.0483109,1.2379631,4.6686106,5.6993513,-1.772389,-1.2722878,1.1383685,7.611557,-2.7777104,-4.1904635,0.66615397,4.4504776,5.52358,4.62579,-0.95323026,2.9619431
1279,7.543615,5.6821704,-3.4966033,-0.119047366,7.563604,-1.0098011,-2.4436004,-2.1690762,6.2444263,0.479806,-1.6970947,-0.18546087,10.083392,2.3907897,-7.5998054,0.93276554,0.19571288,4.39593,5.4130654,3.1230338,3.060752,4.3967605,2.0738666,-3.6256979,1.5696905,2.136098,5.150169,4.8529954,-2.78009,-0.34466285,1.0858496,7.4953423,-3.8697715,-2.3660617,-0.25810513,4.6968417,6.486452,3.1343093,-1.0815076,3.053361
1280,8.374482,2.982101,-4.670744,-0.3846098,7.5556664,-1.2051091,-1.3806773,-2.3525438,6.030517,1.0647933,-1.4671533,-0.49208644,9.946489,-0.82148206,-7.154032,1.2774273,1.3061377,4.736907,6.047988,2.9502656,3.0975285,4.339957,0.96567696,-3.258757,1.694859,3.1389115,5.6110253,3.4938054,-3.3414962,0.50633585,1.4772422,7.2622185,-4.21971,-0.29913446,-0.42136598,4.692939,7.179038,1.432335,-1.0608665,2.9906213
1281,8.700189,-0.008446257,-4.711563,-1.3894732,7.422039,-0.77096176,-0.42333716,-2.1483362,5.8772135,1.6470947,-1.4410043,-0.6765966,9.872658,-3.1975782,-5.4814296,0.4152827,2.1367896,5.3628163,6.39027,2.6041477,3.0671022,4.1705155,0.03941624,-2.7713623,1.5431304,4.0776105,5.8969574,1.7266645,-3.4285285,1.0052092,2.201863,6.856784,-4.0223722,1.5669147,0.2810345,4.8061757,7.3792343,-0.2690686,-0.7381218,2.8751197
1282,8.534416,-2.5835662,-3.3649168,-2.6649134,7.0628757,0.34019476,0.1070142,-1.6886799,5.7932215,2.0785518,-1.5850304,-0.8380294,9.86994,-4.3316317,-2.9342074,-0.4826849,2.3887956,6.2262177,6.4721646,2.005884,3.0377393,3.9614704,-0.67107636,-2.2022777,1.2762681,4.8475695,5.8506894,-0.20199157,-3.0500164,1.0544685,2.9962845,6.2963915,-3.5354733,2.9309492,1.6407409,5.1730013,6.926766,-1.7679693,-0.09300629,2.9226987
1283,7.933204,-4.1981688,-0.88506943,-3.230668,6.629311,1.7741259,0.07024679,-1.1851333,5.756852,2.2899284,-1.8389133,-1.0459688,9.896459,-4.0180163,-0.20426302,-0.573463,2.4197857,7.134185,6.280774,1.1633546,3.082054,3.7803657,-1.1805173,-1.5797449,1.0443902,5.4258003,5.3818274,-1.9613764,-2.2565193,0.81860244,3.6421034,5.698703,-2.9609537,3.737256,3.379831,5.6605177,5.6868725,-2.8848095,0.67308086,3.3262253
1284,6.941585,-4.760736,1.8566929,-2.3990347,6.4192076,2.9622378,-0.41904494,-0.75878406,5.7520995,2.28052,-2.1382253,-1.3411132,9.877667,-2.4193935,1.8389261,0.0903956,2.597856,7.9411893,5.694837,0.2056207,3.243327,3.6711483,-1.5321335,-0.9300876,0.9565925,5.850772,4.501337,-3.2684066,-1.2050853,0.6211245,4.101262,5.171614,-2.409706,4.0949864,5.2429733,5.918886,3.65067,-3.4746065,1.1880455,4.0589814
1285,5.6994433,-4.6001534,3.9402175,-0.26805794,6.4629083,3.4089088,-1.1246907,-0.4239642,5.7782726,2.0807004,-2.4239514,-1.7344395,9.70506,-0.038847588,2.7190733,0.9395945,3.0118196,8.573362,4.5794005,-0.65370274,3.4897726,3.650607,-1.7738304,-0.27953264,1.0763862,6.1745605,3.2954872,-4.000127,-0.17163827,0.7251942,4.466668,4.723298,-1.9355925,4.1631484,6.982466,5.4793253,1.1467617,-3.4519587,1.1672194,4.8394184
1286,4.4780273,-4.132572,4.9883695,2.544049,6.4449277,2.8179853,-1.7382473,-0.1997461,5.8376627,1.7344446,-2.6409738,-2.2002196,9.252732,2.5070672,2.4839246,1.5546147,3.6364474,8.944339,2.9153495,-1.1858826,3.711133,3.7039397,-1.9365735,0.34544286,1.4305469,6.414428,1.873339,-4.1852674,0.5608381,1.1809134,4.830421,4.277985,-1.5640904,4.0805717,8.356055,4.0218234,-1.0872293,-2.8950303,0.6975401,5.381858
1287,3.4938908,-3.6190045,5.1390476,5.3371334,5.915869,1.2943854,-1.924561,-0.14639103,5.917004,1.3105128,-2.7390902,-2.6707628,8.429668,4.7096615,1.4918395,1.9109762,4.4430933,8.91966,0.85382503,-1.2203542,3.807672,3.7776625,-2.023592,0.9158447,2.0153856,6.5256248,0.34212002,-3.9017193,0.8464702,1.8434677,5.223467,3.7412753,-1.2952489,3.940208,9.187066,1.7164397,-2.2515926,-2.1548524,0.15903057,5.6448154
1288,2.781139,-3.1640038,4.7211676,7.571019,4.542922,-0.51376307,-1.548645,-0.23037566,5.9930744,0.89840686,-2.6875496,-3.049251,7.244002,6.305573,0.24095969,2.1837447,5.397742,8.316795,-1.3014381,-0.71906203,3.8181846,3.7933617,-2.024113,1.400018,2.7925541,6.404543,-1.1756641,-3.2023695,0.74479973,2.5041137,5.633068,3.0539043,-1.100439,3.7927275,9.439738,-0.7636265,-1.9986855,-1.6051334,-0.17791076,5.75378
1289,2.2673006,-2.7890558,4.037649,8.987498,2.4277518,-1.7345407,-0.87093174,-0.25357175,6.0669165,0.55594873,-2.4886053,-3.248779,5.8202662,7.3042607,-0.7798364,2.481347,6.4349203,6.9588766,-3.1846092,0.12339878,3.9379218,3.6811001,-1.9490635,1.7720292,3.6837733,5.9278183,-2.521656,-2.1466951,0.49438164,3.0299017,6.021896,2.214734,-0.92632645,3.6660397,9.229097,-2.658295,-0.5735223,-1.2284107,-0.27320042,5.8167243
1290,1.8604369,-2.481146,3.2942002,9.642815,0.15943933,-1.8725145,-0.3058358,-0.07131329,6.152032,0.27683422,-2.1648734,-3.2325385,4.3442636,7.882284,-1.2531388,2.785352,7.40927,4.790187,-4.493723,0.8399151,4.327986,3.4062293,-1.8457994,2.0221555,4.582277,5.0201015,-3.530558,-0.89536005,0.3998904,3.4314442,6.325926,1.2714263,-0.7078032,3.586727,8.750127,-3.5541112,1.399421,-0.711242,-0.13707444,5.889457
1291,1.4753724,-2.2128167,2.6005292,9.792325,-1.570931,-1.0167001,0.042187743,0.27650005,6.2425704,0.033342093,-1.7383932,-3.020093,2.9868715,8.229452,-1.082602,3.056607,8.09659,1.9974854,-5.0190434,0.90256727,4.8765755,3.0148528,-1.7574712,2.1575353,5.381824,3.7115293,-4.1018124,0.26598668,0.66971207,3.8171134,6.454396,0.29302153,-0.3899707,3.5935304,8.183403,-3.4954665,3.2599595,0.1329317,0.19926693,5.9925294
1292,1.0566194,-1.945983,2.002688,9.71063,-2.3547382,0.37748218,0.39563778,0.718717,6.3203454,-0.18498613,-1.228604,-2.6641648,1.8630201,8.4628105,-0.3189894,3.3017197,8.280893,-0.9476839,-4.559199,0.16213638,5.2512727,2.6868632,-1.682994,2.2013361,6.0052595,2.1405423,-4.2298408,1.045041,1.3105237,4.287705,6.298802,-0.6507474,0.04336598,3.7380042,7.6394634,-2.8060243,4.619661,1.2168685,0.6411158,6.0999546
1293,0.59821874,-1.636829,1.5235525,9.581789,-2.1565022,1.7713603,0.9456195,1.2381907,6.356031,-0.37948626,-0.6566738,-2.223962,1.0284748,8.625489,0.9212553,3.521998,7.8435483,-3.3946261,-3.0101461,-0.86070776,5.276052,2.6164505,-1.6064584,2.195109,6.41995,0.5050167,-3.9532833,1.3034427,2.1539478,4.8740087,5.749663,-1.493482,0.5434846,4.0681677,7.1592975,-1.8540807,5.428884,2.3380916,1.0892311,6.1490664
1294,0.13887495,-1.2513275,1.1920239,9.485721,-1.2081375,2.7716794,1.6561178,1.8191972,6.3026557,-0.55134326,-0.044837587,-1.7467908,0.49318108,8.724128,2.4762259,3.625304,6.8172565,-4.817662,-0.72673035,-1.2845523,5.154759,2.7737558,-1.5339596,2.1829813,6.6357336,-0.993386,-3.298182,1.1287237,2.9756415,5.530975,4.731542,-2.1680503,0.9893832,4.594778,6.7480226,-0.91931874,5.833269,3.3499944,1.4894866,6.07912
1295,-0.26020283,-0.78360033,1.0499846,9.438278,0.1380861,3.229265,2.3615263,2.4309587,6.108912,-0.69679123,0.58324635,-1.2588745,0.23740147,8.76788,4.115313,3.40674,5.4266586,-5.1421733,1.4670991,-0.61849684,5.164415,2.911824,-1.4815799,2.186393,6.6895623,-2.1825137,-2.2923276,0.7917834,3.6263592,6.14439,3.2538142,-2.5954657,1.2218142,5.256121,6.414816,-0.15856683,6.012778,4.2071066,1.8138955,5.8581467
1296,-0.5389375,-0.26290658,1.1381156,9.44017,1.5201899,3.1858585,2.9369452,3.0519915,5.74169,-0.80763173,1.2007698,-0.7646906,0.22629894,8.791398,5.5320196,2.6610847,4.0791245,-4.7001047,2.9084306,0.9277464,5.295853,2.7582924,-1.4436133,2.1988878,6.631326,-2.942405,-1.0294247,0.6214784,4.10693,6.550031,1.4493463,-2.6706548,1.1309297,5.9162474,6.2012925,0.38260254,6.1006966,4.9244933,2.0300994,5.490953
1297,-0.6557741,0.2583443,1.4742247,9.503195,2.6277595,2.7730813,3.368256,3.6754634,5.1920757,-0.8775724,1.7792825,-0.25222096,0.42277414,8.851732,6.4017816,1.3834362,3.2359667,-3.87238,3.5278664,2.8122535,5.3468766,2.1591225,-1.3644485,2.2012491,6.513923,-3.2285304,0.3060303,0.85701674,4.533194,6.5736156,-0.43239483,-2.283199,0.77045304,6.4266706,6.1730256,0.73739654,6.168097,5.5242186,2.0964196,5.0204635
1298,-0.59556335,0.7306223,2.042526,9.640835,3.2286942,2.153629,3.7156498,4.296049,4.4639497,-0.90326655,2.2926862,0.29990605,0.7988142,8.998931,6.4885163,-0.13208953,3.1631315,-2.8359795,3.6560814,4.586402,5.1162977,1.161517,-1.16009,2.1884964,6.3817477,-3.0800974,1.500757,1.5668947,5.009504,6.0631614,-2.0863805,-1.4158719,0.40569273,6.7311497,6.35653,0.9717409,6.2378573,6.004979,1.9789642,4.523341
1299,-0.36655712,1.1316454,2.801311,9.83262,3.1805136,1.5072595,4.041866,4.8930955,3.5641963,-0.8775292,2.7204998,0.91620684,1.3439363,9.234766,5.720647,-1.452505,3.7276075,-1.5578277,3.6639934,6.0081935,4.4488626,0.01063064,-0.79099214,2.1973016,6.2606144,-2.6026125,2.4095066,2.6677377,5.5093536,4.9159956,-3.2490742,-0.2738433,0.38754603,6.92072,6.6714525,1.137741,6.307113,6.340894,1.6755769,4.093342
1300,0.011471339,1.4747645,3.6993139,9.985771,2.4461699,1.0251279,4.371792,5.4135346,2.509518,-0.78071016,3.0512905,1.6196074,2.0665772,9.476712,4.182614,-2.2767065,4.4657807,0.03823163,3.784663,6.950586,3.2769508,-0.94503427,-0.32654467,2.299053,6.1581054,-1.9354601,3.0060713,3.99065,5.8346066,3.1464202,-3.7847605,0.72917986,0.8976257,7.164191,6.939862,1.2414464,6.3673716,6.503067,1.2296633,3.811816
1301,0.52215326,1.8008195,4.685148,9.919503,1.1243432,0.8803782,4.7174487,5.7621336,1.3456445,-0.5805208,3.2912564,2.4277613,2.9805336,9.532764,2.0635962,-2.518108,4.8959165,1.8959602,4.104615,7.29361,1.7016703,-1.4003501,0.08206091,2.5383887,6.076555,-1.2143148,3.3641317,5.3369346,5.6690226,0.98680496,-3.6988776,1.2215582,1.8038299,7.590365,6.9607553,1.2418119,6.4183493,6.4892206,0.72017276,3.7178967
1302,1.162998,2.1646724,5.700917,9.392678,-0.5329282,1.1505804,5.14397,5.810999,0.15331246,-0.25074753,3.4793437,3.3512497,4.0641217,9.09566,-0.34877172,-2.1953442,4.8178926,3.8047993,4.6082735,6.892385,0.0148240095,-1.2320361,0.34555867,2.8862903,6.0267835,-0.534751,3.5977488,6.508655,4.7340384,-1.0811943,-3.1182566,1.1580701,2.7845635,8.236197,6.5745373,1.0898353,6.473342,6.3394833,0.2296372,3.7974906
1303,1.9477743,2.625263,6.6588955,8.179686,-2.1752052,1.7010438,5.7725134,5.42477,-0.97418857,0.19184738,3.6965423,4.394434,5.18287,7.8065853,-2.6296663,-1.4152735,4.4300923,5.5280285,5.1577735,5.6434636,-1.3949372,-0.5790987,0.55040514,3.2864082,6.0224752,0.0623934,3.8041134,7.327461,2.9990056,-2.4868867,-2.3183231,0.82613724,3.591079,9.033005,5.6882935,0.79091275,6.5498233,6.1230726,-0.18747836,3.998013
1304,2.903424,3.2349126,7.40288,6.1711435,-3.4786406,2.1388276,6.6320977,4.5088906,-1.9426941,0.65072757,4.0451355,5.551326,5.999559,5.4684644,-4.272982,-0.54872847,4.1555796,6.9587655,5.4138412,3.641241,-2.2003078,0.19351605,0.8700912,3.7266066,6.0559688,0.57108426,4.033254,7.6586146,0.7845704,-2.8592463,-1.6519294,0.54124796,4.1786904,9.808329,4.285635,0.45164484,6.648579,5.900731,-0.51319426,4.2546515
1305,4.062734,4.009615,7.664342,3.4767323,-4.2081366,1.9899987,7.503314,3.1408534,-2.6289265,0.9523881,4.581258,6.772571,5.970994,2.374328,-4.9064674,-0.18607475,4.164583,8.129991,4.912795,1.3338023,-2.2859335,0.72659075,1.3693504,4.2359657,6.088647,0.9876351,4.2848697,7.4457703,-1.3678757,-2.1897645,-1.2760644,0.41183352,4.625907,10.347065,2.4551637,0.25952086,6.7523513,5.6845512,-0.75238687,4.5085406
1306,5.44469,4.855276,7.069334,0.53719157,-4.1771555,1.0720276,8.047867,1.7057552,-2.9076087,0.95063925,5.233056,7.8867664,4.5937133,-0.54429173,-4.5225854,-0.5607826,4.1389823,9.053504,3.4346044,-0.55516285,-1.8495277,0.94775814,1.9702698,4.844177,6.066962,1.2924542,4.5237527,6.742106,-2.9775763,-0.7960641,-1.011522,0.42551053,5.020701,10.470498,0.41437453,0.38285762,6.8727474,5.420969,-0.92004544,4.7113023
1307,7.0103235,5.456547,5.3349886,-1.8692424,-3.370446,-0.24006668,8.156012,0.70890903,-2.7842069,0.6800037,5.818685,8.561091,1.9125873,-2.1345816,-3.6168828,-1.2260041,3.7378085,9.643569,1.3398598,-1.4192576,-1.3021662,1.0372545,2.5926414,5.556162,5.9325986,1.451978,4.7080956,5.70617,-3.8478358,0.82303333,-0.5607718,0.587408,5.4334545,10.069652,-1.5460542,0.8459115,7.098951,5.0097823,-1.0449759,4.823026
1308,8.602629,5.2674646,2.7033644,-3.0307288,-2.2131615,-1.2847944,8.025715,0.35012794,-2.4351315,0.32934806,6.199859,8.477111,-1.2123518,-1.8373489,-2.8598013,-1.6437593,3.0157485,9.8631315,-0.60075057,-1.128772,-0.8973484,1.1511536,3.230337,6.3416634,5.6103163,1.4396944,4.821201,4.5455184,-4.0792727,2.210889,0.21982668,0.9069464,5.908739,9.095263,-3.1994236,1.4584935,7.5461884,4.3485518,-1.1701263,4.8084254
1309,9.937332,3.8547184,0.15552042,-2.9395041,-1.2767253,-1.7507082,7.8665886,0.45967242,-2.069313,0.05456775,6.380447,7.615802,-3.6626415,-0.046352644,-2.3550546,-1.6400036,2.2395442,9.82953,-1.7391412,-0.03663077,-0.5331855,1.3373295,3.9140565,7.1328616,4.998938,1.2706411,4.8864865,3.4393954,-3.9090965,3.1296442,1.282385,1.3752614,6.4259424,7.5324364,-4.475942,1.8581227,8.210796,3.3979185,-1.3143538,4.6344123
1310,10.734518,1.457435,-1.1723788,-2.3068376,-0.67497325,-1.7618546,7.7369733,0.77312297,-1.8114122,-0.10434443,6.4455123,6.270649,-4.9060135,2.2644446,-1.6755278,-1.2583646,1.670632,9.702394,-1.8814691,1.2815639,-0.011220886,1.6098373,4.6701055,7.811654,3.9960973,1.0326849,4.949425,2.4899638,-3.54972,3.562766,2.5042045,2.0006604,6.871013,5.3922553,-5.3982286,1.6462878,8.89274,2.2888658,-1.4220474,4.2909617
1311,10.925094,-0.98445,-0.844495,-1.7658811,-0.20211802,-1.492319,7.639483,1.0899891,-1.6915194,-0.17771862,6.469866,4.797998,-5.1407576,4.1966157,-0.53805876,-0.718696,1.4583396,9.572508,-1.250646,2.3428717,0.68503225,1.9728438,5.5031652,8.192542,2.5661287,0.8827756,5.041619,1.7164172,-3.1266549,3.6099904,3.782461,2.811304,7.024357,2.764125,-5.8933477,0.55469716,9.279974,1.4125178,-1.4047952,3.8412998
1312,10.694745,-2.5291197,0.70628315,-1.2888263,0.2808807,-1.0131371,7.584807,1.2749174,-1.6750406,-0.21086214,6.4894824,3.4319916,-4.833053,5.3397346,0.9444555,-0.33135575,1.547253,9.477387,-0.24380513,2.9350064,1.4270574,2.4365625,6.3847365,8.032188,0.8234883,0.97324234,5.1722326,1.0742708,-2.6901329,3.3963957,5.051667,3.7835782,6.560865,-0.038944956,-5.671431,-1.3365706,9.098685,1.2813842,-1.2936575,3.414299
1313,10.324805,-2.8219578,2.6136208,-0.55965906,0.76333475,-0.3552681,7.5783,1.2374028,-1.6891713,-0.23930548,6.5138774,2.2711349,-4.3348136,5.7227077,2.4656093,-0.25641826,1.7606646,9.451008,0.7984708,3.0767314,2.1086361,3.037819,7.2376194,7.0885863,-0.9423137,1.3171091,5.3591437,0.48903918,-2.2447364,3.0359285,6.2548394,4.735869,5.1656375,-2.3801558,-4.4735804,-3.388128,8.257559,2.0827684,-1.2710665,3.088246
1314,10.041768,-2.0617397,4.1335473,0.4363556,1.1247259,0.4096212,7.5969863,0.93812346,-1.640599,-0.27990994,6.5429153,1.3377585,-3.806332,5.567431,3.7706406,-0.43714118,1.9632539,9.526016,1.6745951,2.8850844,2.712025,3.8239446,7.901909,5.231589,-2.3507597,1.6921084,5.6295815,-0.088672034,-1.7690544,2.6337612,7.3173947,5.294009,2.8490539,-3.5952816,-2.6294103,-4.6994805,6.976488,3.4066782,-1.436266,2.8427
1315,9.962991,-0.66384095,4.9424124,1.3882042,1.2863692,1.1763824,7.593641,0.4103297,-1.4353158,-0.3205323,6.5771055,0.6258217,-3.2855852,5.113751,4.7531276,-0.7169831,2.1090755,9.709552,2.2897296,2.487558,3.2714984,4.8116517,8.093664,2.5832655,-3.056724,1.741505,5.9520407,-0.61472195,-1.2320732,2.302196,8.1608515,5.0540967,0.17310607,-3.5607593,-0.9665294,-4.9376054,5.6392417,4.656588,-1.6740986,2.6455724
1316,10.105519,0.9709919,5.03173,1.9935316,1.3195685,1.8812066,7.519849,-0.244056,-1.0082897,-0.30732602,6.6214523,0.11616176,-2.764322,4.554726,5.4266763,-0.95737654,2.2020082,9.976177,2.6079547,1.9972476,3.8175833,5.9360228,7.429246,-0.36650065,-2.8546631,1.309052,6.222444,-0.933889,-0.629513,2.160462,8.742792,3.8630462,-2.0249832,-2.775093,0.061758,-4.473664,4.4742675,5.5543327,-1.8179266,2.488636
1317,10.42565,2.5020962,4.475691,2.1904912,1.3780602,2.527104,7.3345485,-0.8960091,-0.35335222,-0.14542408,6.680624,-0.23021467,-2.2304626,4.0266113,5.859326,-1.0850807,2.259935,10.280169,2.6306705,1.5112678,4.3475533,7.0039077,5.6174583,-2.8283176,-1.8762081,0.7076861,6.382361,-0.90221477,-0.018469986,2.2926369,9.054653,1.9318811,-3.1503744,-1.923592,0.61721534,-3.756267,3.5415232,6.123971,-1.7830653,2.3684692
1318,10.850929,3.6146164,3.3632636,2.1606486,1.5822136,3.1509743,6.9980693,-1.4400501,0.46404207,0.27298465,6.7423487,-0.48177013,-1.6798295,3.6148474,6.12396,-1.0879982,2.3032298,10.572496,2.391555,1.1078608,4.832734,7.709377,2.772676,-4.106714,-0.75712323,0.43977627,6.4762006,-0.5528899,0.51702076,2.6951892,9.065745,-0.28530714,-3.0378487,-1.4379286,0.99283224,-2.9936867,2.8538818,6.477738,-1.5669509,2.2876675
1319,11.296898,4.0260787,1.8956771,2.1721575,1.9823428,3.7824671,6.4672875,-1.8257384,1.3221409,1.0197945,6.7547874,-0.732292,-1.1108106,3.3663101,6.2749705,-0.992201,2.3519104,10.813404,1.9520389,0.841939,5.2497396,7.7611294,-0.4729618,-3.977117,-0.19821563,0.5929437,6.553036,-0.057759564,0.93614674,3.2845898,8.707888,-2.2713418,-1.8402492,-1.2715573,1.3407525,-2.233337,2.4128265,6.707225,-1.2101294,2.2616572
1320,11.676988,3.5808303,0.44727278,2.3608227,2.6024005,4.4125843,5.6937466,-2.0559802,2.0811832,2.0860534,6.615313,-1.0737656,-0.5191001,3.306897,6.342333,-0.8415223,2.4218524,10.977821,1.392232,0.7433657,5.6033993,7.045081,-3.2762985,-2.671934,-0.2270145,0.8647191,6.63798,0.45458582,1.2526445,3.9514966,7.9416676,-3.6268039,0.035452392,-1.0117459,1.716993,-1.4772241,2.2092726,6.8667173,-0.7642165,2.31457
1321,11.9078455,2.3589828,-0.5557443,2.6273994,3.4541183,4.977503,4.626471,-2.1544888,2.6230063,3.3641772,6.1895347,-1.5495595,0.090044975,3.4577346,6.3327394,-0.6873966,2.5200696,11.055568,0.7990615,0.8164768,5.9183755,5.671678,-5.0744867,-0.7710043,-0.25429618,1.1029088,6.7517533,0.9520224,1.4997066,4.5983973,6.8198037,-4.235744,1.9935546,-0.26456884,2.0913048,-0.7475341,2.2204788,6.984766,-0.2743327,2.4684618
1322,11.911476,0.6831274,-0.8283551,2.7966332,4.4668927,5.355872,3.2432823,-2.1240194,2.877834,4.6675463,5.3683167,-2.1130447,0.6679172,3.8339896,6.233319,-0.5854179,2.6410215,11.050478,0.25406802,1.0402408,6.2101336,3.875205,-5.830912,0.9617186,0.20422864,1.4132782,6.8893394,1.4149185,1.7053419,5.1514754,5.4717293,-4.268875,3.4998922,1.0316485,2.3198214,-0.110184014,2.4046693,7.0784326,0.22928298,2.7330928
1323,11.622886,-0.9978968,-0.32064527,2.896561,5.4763083,5.379474,1.623244,-1.9297383,2.8492925,5.7900414,4.143676,-2.6312253,1.0995173,4.4133534,6.02167,-0.58754677,2.7651947,10.980809,-0.17619112,1.3733343,6.4625106,1.8846865,-5.837682,1.9445363,1.1492287,1.9033927,7.019527,1.7887295,1.8880148,5.5642486,4.03714,-3.9978287,4.314824,2.6215162,2.2545383,0.36782756,2.7119315,7.1654787,0.7329973,3.0993168
1324,11.010102,-2.2871644,0.7663492,3.2270074,6.33191,4.854248,0.00067786034,-1.5408213,2.6409304,6.590888,2.6427708,-2.9418147,1.2476711,5.0968804,5.6891193,-0.722159,2.8611598,10.879099,-0.4434557,1.765816,6.6261363,-0.117863014,-5.352895,2.0137227,2.2710226,2.619907,7.0861487,1.9989177,2.0598266,5.817402,2.620933,-3.6159244,4.4812183,4.162654,1.8852731,0.68973863,3.105612,7.2694325,1.2320915,3.535106
1325,10.094974,-3.0031822,2.0282912,4.1082907,6.9128556,3.6058347,-1.2697196,-1.0220199,2.4344375,7.0475583,1.0712193,-2.9148328,1.0607712,5.7243586,5.2670064,-0.97503704,2.8919175,10.787221,-0.51392967,2.1711466,6.635345,-1.9588577,-4.4414616,1.3910396,3.2312012,3.6061249,7.0099473,1.9656763,2.2336767,5.916195,1.2914851,-3.1911647,4.1783047,5.419661,1.3520064,0.93007153,3.571891,7.4135375,1.7155446,3.9838676
1326,8.953128,-3.2194974,3.0425477,5.5729327,6.967917,1.6242036,-1.8296428,-0.56502134,2.374372,7.2228203,-0.37730825,-2.478407,0.65147567,6.164239,4.81921,-1.297878,2.8240857,10.745889,-0.36194393,2.549045,6.4354024,-3.4422004,-3.0826135,0.5569624,3.8408513,4.850753,6.694088,1.6287225,2.4288018,5.886929,0.0955172,-2.7087755,3.6157324,6.3186855,0.8557929,1.1658559,4.116295,7.609854,2.1491776,4.3691072
1327,7.6939306,-3.1408248,3.5788033,7.2952003,6.085945,-0.7000426,-1.515992,-0.31040704,2.4644334,7.192392,-1.5520257,-1.6359596,0.27294767,6.4010367,4.385683,-1.6419379,2.6340742,10.783307,0.03142107,2.8547466,6.0092177,-4.394303,-1.3832123,0.055166777,4.1419044,6.204426,6.0307865,1.0099841,2.662655,5.769566,-0.9329814,-2.130265,2.9961762,6.9036136,0.5573373,1.4253924,4.751125,7.850738,2.4633899,4.61156
1328,6.442557,-2.9443455,3.6438644,8.786644,4.052176,-2.57479,-0.6185949,-0.1235196,2.6447577,7.0117464,-2.3452284,-0.49712235,0.20909995,6.5316763,3.9249773,-1.9803642,2.304227,10.905992,0.67055476,3.0203128,5.3914757,-4.755396,0.34273663,0.23079982,4.3589516,7.4153576,4.9178634,0.26843828,2.9256217,5.604627,-1.7695942,-1.4371754,2.5039158,7.2656283,0.51673305,1.6959137,5.478283,8.09954,2.5549557,4.662456
1329,5.3263955,-2.7192903,3.3834295,9.699903,1.256884,-3.2940483,0.18506698,0.22530928,2.9164107,6.7066965,-2.7291384,0.72917366,0.6470372,6.66584,3.3104575,-2.2943234,1.8120677,11.088104,1.5302649,2.9435663,4.667537,-4.6095657,1.732521,1.0995411,4.7388,8.219333,3.3064377,-0.32420877,3.1659691,5.416626,-2.395379,-0.65435475,2.289729,7.491062,0.6883666,1.9603442,6.280401,8.275115,2.3145695,4.545701
1330,4.4481435,-2.4984534,2.9693484,10.00335,-1.4383285,-2.6742194,0.48149174,0.7173669,3.3028324,6.27802,-2.7793417,1.8161315,1.608394,6.807021,2.3832443,-2.5259805,1.131732,11.256679,2.539452,2.5058556,3.9685476,-4.1131697,2.588115,2.4540057,5.4186025,8.337796,1.2919098,-0.49349293,3.3342502,5.1988444,-2.7967267,0.1467018,2.446786,7.6373024,0.9546893,2.221019,7.124959,8.238287,1.6849339,4.377787
1331,3.8557906,-2.3048158,2.5310955,9.90289,-3.2425025,-1.0261809,0.546389,1.2075882,3.7903194,5.7249327,-2.6341338,2.6145718,2.9647937,6.798031,1.0518574,-2.5283303,0.2773,11.2894,3.571685,1.6356817,3.4655085,-3.3992326,2.9400887,4.0425987,6.3566737,7.4405346,-0.80533,-0.13770142,3.481023,4.91121,-2.9827855,0.8654823,2.9872408,7.7266226,1.1739709,2.496518,7.970222,7.804581,0.7289006,4.3202233
1332,3.5432842,-2.1690679,2.1339624,9.652287,-3.8048263,1.0218449,0.919244,1.6735994,4.324468,5.048847,-2.4260204,3.0842235,4.4944954,6.364242,-0.5740089,-2.0930598,-0.60094666,11.072781,4.4499526,0.4030318,3.3324761,-2.526211,2.9756157,5.657703,7.247459,5.268303,-2.4690852,0.4794026,3.758995,4.5020604,-3.0107806,1.4070603,3.8381717,7.7483554,1.2246193,2.8026385,8.762649,6.803128,-0.3483763,4.4635873
1333,3.4700747,-2.1221714,1.7900198,9.431734,-3.2273378,2.804846,1.7914686,2.14616,4.811107,4.2461476,-2.230722,3.2592359,5.9414043,5.2636733,-2.1272295,-1.1456406,-1.164037,10.634089,4.968365,-0.9407726,3.6491828,-1.46657,2.9349802,7.134743,7.49456,2.0024464,-3.1763208,0.79413974,4.205323,3.9591205,-2.9681919,1.7126808,4.867338,7.667075,1.0358531,3.1338384,9.429854,5.1671386,-1.2667172,4.7338033
1334,3.5554996,-2.1785524,1.4804631,9.324821,-1.8544937,3.949188,2.9232123,2.6060088,5.129413,3.328364,-2.0526652,3.204043,7.080982,3.4907372,-3.1630576,0.03121751,-1.0661054,10.186127,4.93372,-2.0765793,4.293047,-0.1316313,3.0325904,8.321446,6.465108,-1.4408993,-2.712727,0.531667,4.6204467,3.370917,-2.908219,1.7698977,5.922462,7.437115,0.59980196,3.4561176,9.885007,3.0060196,-1.7813547,4.9347816
1335,3.6680095,-2.3209145,1.1736605,9.340473,-0.04819045,4.430595,3.951926,3.0256042,5.1797757,2.349831,-1.8478665,2.9972,7.7913947,1.3485221,-3.4415698,0.9324523,-0.27943256,9.930728,4.2205844,-2.8082163,4.944403,1.5521818,3.4122586,9.022556,3.9938383,-3.8078969,-1.5331392,0.123667136,4.8675194,2.8584538,-2.8374083,1.6105611,6.865587,7.021262,-0.03352684,3.7156303,10.055788,0.6131555,-1.7464302,4.924311
1336,3.659921,-2.507367,0.8350529,9.436736,1.9172349,4.3782306,4.643797,3.4016607,4.9274673,1.4039251,-1.5689161,2.7321203,8.083551,-0.7087613,-2.9790459,1.283295,0.8639762,9.862006,2.8236725,-3.1101644,5.2395577,3.555407,4.11849,8.921092,0.65640557,-4.3958426,-0.60146964,0.058228552,5.0309267,2.4197497,-2.7565641,1.2920383,7.600436,6.4083753,-0.77454144,3.8585992,9.929545,-1.6072682,-1.1353499,4.774658
1337,3.4143765,-2.7067473,0.43012902,9.534506,3.8480783,3.8969204,4.948251,3.747098,4.4043417,0.5907156,-1.2021724,2.5077412,8.059708,-2.2972324,-1.9256297,1.2582017,1.985154,9.804848,0.90162146,-2.9983625,4.962025,5.6953297,5.027422,7.602184,-2.4830832,-3.3849907,-0.38910735,0.24816968,5.193982,1.9796679,-2.6629217,0.870468,8.084156,5.626007,-1.5200864,3.8486862,9.579976,-3.281963,-0.076965265,4.7519646
1338,2.8374293,-2.9066541,-0.07619433,9.52375,5.590605,3.0385594,4.960669,4.09008,3.6792297,-0.018378206,-0.77569747,2.404641,7.839101,-3.2238305,-0.51849985,1.278844,2.943283,9.537082,-1.2241085,-2.415435,4.198149,7.641719,5.724813,4.8852205,-4.440854,-1.6643643,-0.4516078,0.4643871,5.368365,1.510536,-2.537261,0.3960098,8.322655,4.740403,-2.1796038,3.6705155,9.143928,-4.2104106,1.1457711,5.0955887
1339,1.8419825,-3.0418952,-0.7094302,9.270334,7.02315,1.8865988,4.864363,4.467139,2.8175416,-0.39419186,-0.33984897,2.4637425,7.5094085,-3.5012596,0.9338756,1.6874495,3.8209932,8.846797,-3.155602,-1.3131976,3.4124885,9.069829,5.551095,1.3472993,-4.8724065,-0.38065925,-0.28275326,0.7088767,5.543096,1.0202051,-2.349167,-0.07966615,8.359606,3.8371928,-2.6940167,3.3233669,8.760618,-4.4007435,2.2270947,5.7962804
1340,0.42859077,-2.9059207,-1.4334719,8.651468,8.093709,0.6503395,4.8417993,4.8949094,1.8547997,-0.5339097,0.060983893,2.6825054,7.1215835,-3.2937906,2.151381,2.5898314,4.6997857,7.5439982,-4.575686,0.08947669,3.248131,9.8939905,4.0124774,-1.7001121,-4.1974297,-0.004109309,0.08765258,1.0352805,5.698471,0.5155363,-2.0647135,-0.50101376,8.262055,2.9919336,-3.0406072,2.816494,8.519047,-3.9792225,3.010158,6.594278
1341,-1.1898255,-2.2028008,-2.0611975,7.660641,8.842163,-0.34663627,4.978357,5.337373,0.8056364,-0.43430185,0.41147807,3.0284336,6.704643,-2.824648,2.9926455,3.8950515,5.469133,5.503856,-5.3774924,1.2069669,4.0047216,10.131902,1.2057085,-3.0367055,-3.2780867,-0.120250136,0.46239063,1.4547734,5.8079014,0.007565971,-1.6541564,-0.8083401,8.104867,2.247032,-3.2234294,2.1698303,8.440588,-3.0704687,3.5255322,7.1662526
1342,-2.6091945,-0.806184,-2.251859,6.5288534,9.346182,-0.81826997,5.2371335,5.687473,-0.29411545,-0.083797015,0.74313414,3.4604206,6.2732196,-2.2905896,3.470194,5.4048066,5.78235,2.7998216,-5.5971313,1.4140844,5.258812,9.59034,-2.0619812,-2.22708,-2.753935,-0.22304365,0.78758055,1.9590118,5.8407636,-0.48178,-1.1036786,-0.9378163,7.9568143,1.6033212,-3.2563388,1.4166114,8.486676,-1.7391427,3.8846955,7.2922664
1343,-3.4618087,1.0060871,-1.7098192,5.657332,9.649062,-0.69783634,5.5184264,5.7902894,-1.3478009,0.50593346,1.1440887,3.9468238,5.8197136,-1.8197727,3.6838918,6.8663545,5.189097,-0.10229985,-5.2217436,0.55713874,6.142714,8.242018,-4.5793185,0.18974249,-2.3772762,-0.081943415,1.0977395,2.528708,5.7637277,-0.9224419,-0.42767814,-0.8252177,7.866653,1.0250633,-3.1457045,0.60634255,8.571591,-0.009715606,4.1431737,6.892968
1344,-3.6417785,2.6799595,-0.405435,5.3395815,9.742457,-0.1845699,5.728677,5.52668,-2.2136927,1.2442288,1.7384433,4.4670987,5.298556,-1.4712747,3.744083,8.018885,3.4722762,-2.3460774,-4.2855043,-0.8342846,6.16757,6.6789284,-5.6568947,2.965639,-1.4328169,0.33555248,1.4599879,3.139546,5.541133,-1.2848091,0.3248727,-0.4163705,7.846054,0.4542935,-2.876196,-0.18991037,8.577233,2.0577514,4.2199283,5.9999747
1345,-3.2955194,3.7810693,1.4383599,5.612829,9.555028,0.38048896,5.8144817,4.9028587,-2.782783,1.9500622,2.617547,4.9881134,4.619699,-1.2485213,3.7276728,8.674409,0.97306585,-3.1738858,-3.1663792,-1.9954351,5.571403,5.529242,-5.534034,5.058907,0.27825877,0.7714401,1.8903534,3.7656174,5.136789,-1.5496407,1.0757154,0.31495467,7.8515105,-0.16667345,-2.4043286,-0.8724984,8.388136,4.277521,3.9133892,4.762291
1346,-2.644775,4.232479,3.527118,6.352472,8.917397,0.6877882,5.7884817,4.0614023,-3.0446324,2.4308767,3.7639782,5.430822,3.6746862,-1.104684,3.6731055,8.795945,-1.5223335,-2.4565513,-2.327634,-2.5851407,4.791973,4.929476,-4.746454,6.1887875,2.331622,0.888142,2.3044193,4.379696,4.530368,-1.7124164,1.7351404,1.3452986,7.7765408,-0.8641893,-1.6723042,-1.3129979,7.96265,6.3155036,3.042935,3.4948761
1347,-1.8535516,4.251405,5.636405,7.326502,7.5579596,0.61388975,5.740889,3.1983495,-3.0761547,2.5846636,5.040439,5.6615715,2.4075487,-0.9478303,3.6025069,8.49881,-3.2795532,-0.6505409,-1.7978364,-2.675155,4.057581,4.743161,-3.6506953,6.596839,4.1704936,0.5979776,2.6356966,4.963099,3.7332814,-1.779443,2.226971,2.5862472,7.47205,-1.6034286,-0.6567351,-1.3725741,7.40505,7.808707,1.6579282,2.6312451
1348,-0.9685767,4.154201,7.629587,8.078721,5.237483,0.34779707,5.7636957,2.4483685,-2.976053,2.4269946,6.2531424,5.5288587,0.8988331,-0.6783884,3.5533497,7.969248,-3.9885194,1.5472436,-1.2855812,-2.4088328,3.459746,4.8141556,-2.4087436,6.6557407,5.44676,0.041914795,2.9050028,5.507484,2.7778752,-1.7556045,2.5102506,3.891089,6.804701,-2.2881038,0.5614429,-0.9376243,6.9484215,8.541979,0.093131974,2.4840822
1349,0.10319304,4.2188735,9.380572,7.861908,2.121457,0.30478817,5.8497415,1.816819,-2.8077564,2.0433345,7.2350125,4.9426913,-0.61843026,-0.26921025,3.5945888,7.3688116,-3.7761488,3.5227733,-0.6086852,-1.9385229,3.05532,5.0368657,-1.0828211,6.64754,6.047271,-0.59388924,3.154371,6.00154,1.7024772,-1.6276828,2.5910275,5.0919204,5.73037,-2.808483,1.7694542,0.043446306,6.8184977,8.474008,-1.2533692,3.0182045
1350,1.5277958,4.6597495,10.653715,5.950914,-0.89848745,0.6248885,5.9792323,1.2108167,-2.5828705,1.5337534,7.901845,3.9516075,-1.8626502,0.1773005,3.7943842,6.7944446,-2.9923356,4.9590926,0.17155217,-1.4446411,2.8509429,5.366401,0.3051793,6.6947417,5.9766564,-1.1787302,3.3827658,6.4218345,0.56007177,-1.3570483,2.5288603,6.0542946,4.325964,-3.1006963,2.6923437,1.5288718,7.080045,7.6005387,-2.177971,3.8793638
1351,3.4238274,5.610734,10.948385,2.3259516,-2.5624592,0.78837454,6.180865,0.5976082,-2.2759097,0.993682,8.265523,2.7407286,-2.6486218,0.48488078,4.151023,6.304833,-1.9849569,5.840783,0.88414216,-1.0564353,2.7977898,5.8055353,1.7459952,6.7563906,5.2708983,-1.6327926,3.5423508,6.737114,-0.5597588,-0.896572,2.4411297,6.7159505,2.744884,-3.1544976,3.1201925,3.3534555,7.564845,5.866273,-2.6937172,4.5974765
1352,5.7480273,6.965768,9.428061,-1.8452752,-2.1570086,0.39732692,6.3583894,0.13217956,-1.8656726,0.5249418,8.408762,1.5384274,-2.9391122,0.5400907,4.5721884,5.962096,-0.97901267,6.305342,1.3946478,-0.802228,2.8312151,6.3791428,3.2113576,6.635367,4.006597,-1.8825419,3.5701654,6.922825,-1.5257701,-0.23371263,2.4906728,7.0775766,1.1349043,-2.9669263,3.0038605,5.221225,7.886712,3.27635,-2.8516114,4.7679667
1353,8.149486,8.032084,5.479038,-4.6900983,-0.45336813,0.15073778,6.4546795,-0.060672916,-1.3887014,0.22195648,8.4363165,0.5159433,-2.7941945,0.3727894,4.9405103,5.835412,-0.06685924,6.4971843,1.6518141,-0.64103067,2.902527,7.106965,4.5964,6.0141554,2.3953452,-1.8515607,3.440194,6.9753923,-2.1992562,0.56671387,2.8337193,7.143143,-0.40714136,-2.5027473,2.4869366,6.782159,7.568072,0.15941219,-2.592239,4.2241035
1354,10.017223,7.559457,0.054649975,-5.156965,0.5530318,0.6374507,6.523123,-0.1397127,-0.8998421,0.12611242,8.425064,-0.24192637,-2.3109875,0.12310995,5.191777,5.96705,0.7378976,6.4988813,1.6682007,-0.5116679,2.9871583,7.9759793,5.650145,4.6028547,0.86868924,-1.5375645,3.2168689,6.917163,-2.4999347,1.3693256,3.5345232,6.853947,-1.812536,-1.7208312,1.8805219,7.8163133,6.3137836,-2.7445517,-1.8625585,3.2637749
1355,11.010501,4.889693,-4.288528,-3.8820462,0.20382023,1.2445925,6.565171,-0.2588839,-0.4046007,0.23678955,8.4050865,-0.715101,-1.601723,-0.04512952,5.339072,6.3429313,1.4372864,6.326772,1.4950439,-0.3604213,3.085555,8.91424,5.971564,2.4369757,-0.034889847,-1.0870994,3.034345,6.789633,-2.4543326,2.0403187,4.507454,6.090324,-2.9920115,-0.6761146,1.563903,8.364326,4.2098246,-4.688614,-0.93340266,2.5300262
1356,11.275344,0.85233366,-5.7377114,-2.5400271,-0.4319982,1.5138249,6.6233377,-0.35659167,0.10057669,0.5518454,8.371591,-0.9338514,-0.78607297,-0.015115787,5.4499874,6.8937697,2.0029688,5.961717,1.2128133,-0.15253016,3.2242336,9.781377,5.185596,0.087442994,-0.04790003,-0.6536161,2.9880607,6.6350765,-2.173637,2.5225585,5.548854,4.7659383,-3.8334496,0.3865636,1.8085546,8.585516,1.5863144,-5.3667827,-0.37244505,2.3226392
1357,11.030158,-2.9186778,-4.3299575,-2.1364899,-0.771219,1.5568739,6.7108626,-0.33823618,0.5887426,1.0633382,8.301471,-0.9723111,0.029820904,0.25898203,5.611994,7.5134754,2.353296,5.4001737,0.9270109,0.121402875,3.4494958,10.393049,3.255841,-1.6010207,0.5239357,-0.18608347,3.0991297,6.4717584,-1.7849236,2.8432596,6.4357057,2.9330761,-4.243928,1.093015,2.5970407,8.482377,-1.1722002,-4.7969885,-0.4952514,2.295862
1358,10.5184355,-5.019445,-1.1189574,-2.07139,-0.7935714,1.5190442,6.8146906,-0.17089175,1.0202992,1.7381665,8.165865,-0.9276745,0.7783163,0.772665,5.9078293,8.067381,2.3643003,4.7124457,0.75047886,0.44692445,3.8053873,10.56826,0.631015,-2.0651996,1.0583999,0.4208742,3.3657713,6.2804513,-1.3883913,3.066994,7.008768,0.8066545,-4.15081,1.1775627,3.5847702,7.8999305,-3.5875938,-3.105758,-0.9761097,2.0469105
1359,10.027277,-4.980694,2.368481,-1.425779,-0.44842207,1.5608357,6.918218,0.119596615,1.3688884,2.5177116,7.938321,-0.88821256,1.4365236,1.5102541,6.4007583,8.378439,1.9286132,4.0730867,0.7691022,0.80341727,4.304209,10.174043,-1.9581136,-1.2619904,1.2818418,1.0988659,3.7752156,6.0208936,-1.050462,3.25026,7.2009444,-1.2864856,-3.4724808,0.7153268,4.339478,6.8399696,-5.168118,-0.71773034,-1.1220931,1.6828512
1360,9.665469,-3.3251033,4.863912,-0.24062076,0.03832372,1.7968974,7.0102954,0.4515792,1.636671,3.3357842,7.5971894,-0.9085983,2.0089324,2.4733357,7.113064,8.204037,1.0520262,3.7101314,1.0212461,1.187233,4.911085,9.165564,-3.8803968,0.3995044,1.5257587,1.7370256,4.290279,5.655985,-0.8055263,3.4240522,7.0309315,-2.9976852,-2.1896553,0.13647652,4.705541,5.574751,-5.7638817,1.6177787,-0.4998523,1.5849243
1361,9.392896,-0.9983254,6.00273,0.79863113,0.3672662,2.1709557,7.095302,0.74016345,1.8505112,4.139342,7.123059,-1.0055381,2.5003302,3.6824772,7.975429,7.241512,-0.06732929,3.7549112,1.52499,1.614461,5.5468597,7.6066976,-4.912964,2.1937914,2.2745435,2.330442,4.822826,5.155046,-0.6530143,3.5976727,6.5840507,-4.083706,-0.49530926,-0.026175728,4.8686476,4.349368,-5.6469665,3.2825887,0.83708185,1.9300985
1362,9.152237,1.1711242,6.052031,1.2468183,0.5447087,2.591778,7.184507,0.9433212,2.0425303,4.8941584,6.495736,-1.1695586,2.895046,5.1454153,8.737229,5.228994,-1.0502456,4.078642,2.3094804,2.1047585,6.090447,5.637288,-5.247402,3.4025514,3.6446078,2.9111278,5.218173,4.5005608,-0.550483,3.769981,5.9789124,-4.510994,1.2091793,0.5426431,5.04689,3.166247,-5.204818,4.062249,2.5979538,2.677379
1363,8.848712,2.6311767,5.397943,1.1996554,0.7282031,3.0398831,7.275408,1.0492227,2.2360067,5.5772595,5.695236,-1.3784873,3.1506739,6.791132,8.892579,2.201036,-1.4687154,4.3244514,3.3517668,2.6727722,6.375536,3.4225407,-5.1880574,3.6382487,5.345457,3.5263445,5.288109,3.7153347,-0.42114767,3.9395714,5.32246,-4.437189,2.533424,1.8100426,5.211211,1.8778732,-4.6878214,4.01485,4.4917297,3.7856264
1364,8.257702,3.074286,4.4511533,1.0299276,0.99320453,3.5407498,7.3428946,1.0501447,2.4433212,6.1684914,4.7074127,-1.601536,3.2097297,8.404402,7.810864,-1.2170907,-1.1159015,4.282515,4.4941916,3.3175411,6.204605,1.1606572,-4.8723564,2.8961887,6.928797,4.284019,4.8662596,2.8744917,-0.1885064,4.1116433,4.675404,-4.090374,3.2954822,3.4797754,5.0977716,0.3910344,-4.148415,3.2969794,6.2711,5.2815814
1365,6.9748883,2.5208485,3.6881623,1.0310463,1.3246657,4.115761,7.345154,0.93414384,2.6685772,6.646761,3.5340073,-1.790912,3.030415,9.6613,5.2246256,-3.9354131,-0.38441494,4.195004,5.569408,3.944597,5.406775,-0.8587118,-4.2585087,1.4928886,7.9928417,5.2660036,3.8393292,2.1022172,0.18330269,4.300338,4.0456247,-3.6605492,3.5318303,5.1614647,4.411853,-1.1535381,-3.512925,2.144051,7.6887984,7.109738
1366,4.600464,1.5109091,3.422388,1.2835649,1.7024654,4.758697,7.2265506,0.6929725,2.90944,6.9908886,2.2077339,-1.8688169,2.6272373,10.3233,1.6786817,-5.082929,-0.16446215,4.2784557,6.585848,4.28379,3.9665606,-2.267603,-3.3404067,-0.017735748,8.327982,6.342064,2.2206337,1.5879463,0.6792959,4.520118,3.4047577,-3.2587376,3.3889267,6.53035,3.0600438,-2.3677607,-2.7514467,0.91005605,8.522715,8.886798
1367,1.2820264,0.9637263,3.5535672,1.73889,2.1300888,5.4369698,6.915927,0.33580542,3.1572862,7.184386,0.8082893,-1.7307093,2.0988002,10.417813,-1.6926634,-4.389374,-0.79559124,4.207027,7.6236787,4.0393763,2.1640022,-2.8293326,-2.317204,-1.1169205,8.022113,7.1740193,0.2843757,1.5470496,1.2874701,4.761425,2.7099352,-2.9206796,3.01996,7.430805,1.2783428,-2.8589497,-1.9946363,-0.04994834,8.723464,9.934091
1368,-2.0426905,1.435254,3.9114895,2.2712007,2.6188931,6.096422,6.332559,-0.09819478,3.3957195,7.2231584,-0.53489083,-1.2847584,1.6259845,10.181214,-3.8416436,-2.1501143,-1.4820511,3.7316258,8.58258,3.159599,0.5123575,-2.6607318,-1.4433436,-1.626863,7.3815,7.510756,-1.4843645,2.0373223,2.090659,4.961048,1.9131933,-2.6218941,2.5384412,7.8892684,-0.4669505,-2.501547,-1.4074088,-0.5914176,8.4867735,9.806798
1369,-4.421019,2.5577443,4.690398,2.7355895,3.1430733,6.661993,5.4123387,-0.53342396,3.5986676,7.122364,-1.6688632,-0.5181845,1.4381928,9.834266,-4.345847,0.7127597,-1.2855588,3.2441087,9.232414,1.8522598,-0.5196043,-2.1361535,-0.7920126,-1.6666372,6.710034,7.3751774,-2.7028735,2.8301172,3.2286248,4.975787,0.969344,-2.2938454,2.021438,8.043005,-1.7291607,-1.4729218,-0.98842275,-0.7723545,8.1020775,8.657113
1370,-5.682631,3.429189,6.05698,3.0758104,3.5969565,7.036334,4.1641192,-0.86552763,3.7346463,6.915946,-2.4690776,0.45800534,1.7393749,9.444915,-3.5349603,3.1133912,-0.14178808,3.1886818,9.464408,0.38328257,-0.7170448,-1.5880644,-0.28391543,-1.4107804,6.1873794,6.9380016,-3.3073738,3.5577881,4.6969113,4.576782,-0.10424469,-1.8559893,1.5405235,8.0446415,-2.2656658,-0.12143627,-0.5980955,-0.6858483,7.782109,6.929493
1371,-6.231957,3.365464,7.722864,3.4031203,3.8431213,7.120567,2.7243323,-0.9938909,3.7873354,6.645126,-2.8878992,1.4392345,2.6039636,8.978965,-2.1678832,4.559189,1.4385514,3.5831654,9.229042,-1.0004846,-0.122132555,-1.1224222,0.16756843,-0.9725687,5.881097,6.340309,-3.4769182,3.9661903,6.2512045,3.5487452,-1.1233804,-1.2923516,1.1908189,8.000533,-2.0760725,1.1859732,-0.13301684,-0.39403787,7.6193576,4.940859
1372,-6.4246697,2.161939,9.127799,4.042778,3.7788842,6.850937,1.3413242,-0.8731947,3.7848544,6.341783,-2.9689133,2.2274318,3.921674,8.399761,-0.9492315,5.215081,3.0616107,4.2233915,8.433726,-2.0672374,1.0172971,-0.6302315,0.5966797,-0.4098402,5.7910542,5.634879,-3.4451907,4.002799,7.555638,1.9010344,-1.7421803,-0.7232893,1.0636643,7.960307,-1.3448375,2.186724,0.39364713,0.05050841,7.6001425,2.8018804
1373,-6.231763,0.018544545,9.675432,5.370567,3.313716,6.234979,0.28605202,-0.5477731,3.800949,6.0187507,-2.8221278,2.7217648,5.456339,7.6846805,-0.24448487,5.469062,4.635715,4.850005,7.014458,-2.6719575,2.30296,0.05756187,0.98210096,0.2374628,5.87642,4.806847,-3.3788185,3.7333794,8.403896,-0.012160412,-1.652835,-0.31105146,1.1653541,7.943738,-0.3387608,2.7744954,0.9071889,0.60031843,7.6294827,0.56945974
1374,-5.288064,-2.4106355,8.85647,7.3813133,2.4417574,5.4277334,-0.26346028,-0.12946968,3.9086576,5.672154,-2.5787857,2.930904,6.9626074,6.7976694,-0.08013969,5.604979,6.193486,5.127476,5.047728,-2.8016255,3.3301954,0.9913186,1.2663772,0.91754067,6.0666184,3.8160963,-3.34144,3.2346232,8.810832,-1.6336087,-0.80440426,-0.034328293,1.4220663,7.9696484,0.69520515,2.9683719,1.3547055,1.2223839,7.566958,-1.5722071
1375,-3.3228352,-4.1141915,6.7047086,9.450308,1.5690893,4.7165637,-0.3297203,0.28351918,4.1307406,5.2886305,-2.348756,2.9209557,8.264107,5.69886,-0.28485435,5.7140307,7.6993675,4.6679435,2.8520002,-2.5380156,3.8790534,2.053375,1.4170456,1.5691934,6.2724543,2.6421854,-3.300446,2.5507514,8.941349,-2.4874036,0.5387632,0.3367449,1.7943401,8.051643,1.5711145,2.8507802,1.7362679,1.8941327,7.276217,-3.262435
1376,-0.6630114,-4.4419928,4.140671,10.905787,1.4134192,4.1566715,-0.12624273,0.6623403,4.442012,4.848063,-2.1975284,2.7581515,9.26942,4.392049,-0.6291679,5.7481313,8.969252,3.2387683,1.0120797,-2.0409944,4.0063925,3.069019,1.4761183,2.1496108,6.4021325,1.32171,-3.1515093,1.7152596,8.971942,-2.3637366,1.9203273,0.9903389,2.3080242,8.173356,2.1457727,2.5308573,2.0882502,2.5931475,6.683018,-4.1710815
1377,1.9218463,-3.6113875,2.1957738,11.639672,2.1372983,3.3902102,0.10803881,1.0211158,4.803594,4.3235283,-2.1454635,2.4812539,9.957402,2.964385,-0.90952915,5.6364346,9.747981,1.0711356,0.16462277,-1.516299,3.9419863,3.9446309,1.5259986,2.645421,6.375725,-0.035211522,-2.761931,0.8107971,8.987921,-1.3277285,2.923799,1.8781096,2.982942,8.270786,2.3097942,2.139244,2.4531605,3.2908914,5.804326,-4.2771854
1378,3.8613937,-2.2302773,1.2032224,11.904286,3.0987008,2.1226165,0.30044624,1.3847941,5.181571,3.6842291,-2.1761553,2.1017094,10.3587055,1.5883619,-0.98453057,5.391299,9.907778,-1.1185013,0.57945603,-0.995477,3.8911977,4.6822133,1.6215806,3.0553386,6.1401496,-1.261681,-2.0414844,0.021770237,8.973194,0.3515238,3.3459466,2.7823539,3.8063033,8.229894,2.015148,1.822447,2.8594704,3.9467669,4.717853,-3.8544068
1379,5.035756,-0.72577506,0.9944329,11.961305,3.4995372,0.51443785,0.560654,1.7925137,5.5399466,2.9014218,-2.240801,1.617604,10.537765,0.48356086,-0.79834044,5.129315,9.5517845,-2.6034794,1.9207405,-0.20326382,3.9719205,5.287966,1.7639045,3.372464,5.686916,-2.190754,-1.0232102,-0.39295477,8.892177,2.2706325,3.2085912,3.515621,4.749049,7.904395,1.3099391,1.7090175,3.3264143,4.499474,3.5077732,-3.2239044
1380,5.58997,0.7516537,1.3399322,11.945241,2.9155724,-0.92198443,0.93215257,2.3132646,5.826011,1.9555986,-2.2567735,1.0343745,10.569663,-0.14997657,-0.4006752,4.9976406,8.901226,-3.1401603,3.480788,1.1342067,4.219676,5.701261,1.9077446,3.5855033,5.061545,-2.7299967,0.11460553,-0.2300485,8.784942,3.9830775,2.6675212,4.037311,5.758741,7.145172,0.34925398,1.8486555,3.886731,4.861911,2.2368848,-2.5856504
1381,5.7253394,2.210651,2.113103,11.803412,1.3873693,-1.653459,1.2417334,2.9834163,5.967851,0.8536707,-2.110951,0.39363968,10.51353,-0.20296599,0.0699909,5.0733795,8.139132,-2.9694197,4.6831326,2.97769,4.559271,5.7954173,1.9963013,3.6977842,4.350208,-2.898294,1.1351945,0.538606,8.768426,5.11334,1.9106721,4.4156466,6.742969,5.8402586,-0.63321775,2.1581023,4.5835295,4.9261236,0.95333195,-2.0107372
1382,5.616444,3.715554,3.249673,11.263889,-0.69361264,-1.368994,1.3414277,3.709256,5.8917575,-0.32886112,-1.6892838,-0.1912792,10.398949,0.29359406,0.45567283,5.3187084,7.370203,-2.4832337,5.3481755,5.0604625,4.8352346,5.438867,2.0171325,3.7440994,3.642764,-2.7951782,1.8700117,1.7776774,8.938952,5.4110713,1.0976561,4.723236,7.571354,3.975695,-1.3822339,2.4323459,5.4075313,4.5876746,-0.27862746,-1.5095433
1383,5.3993325,5.3271227,4.607624,9.883751,-2.7304838,-0.13172622,1.4513664,4.357357,5.542555,-1.4306705,-0.94801724,-0.5225819,10.242889,1.1542233,0.65762854,5.6245456,6.656215,-1.9644738,5.580664,7.1031623,4.848659,4.593533,2.03484,3.7800324,2.994026,-2.537735,2.2736733,3.2867358,9.262446,4.73244,0.36877817,4.9743266,8.09647,1.7038196,-1.6702021,2.4715111,6.234739,3.8083715,-1.3435568,-1.100436
1384,5.1606073,7.0511065,5.7845793,7.2957954,-4.1461163,1.4440217,2.0518084,4.906172,4.8485436,-2.2756186,0.011498872,-0.3825907,10.082419,2.0707543,0.66886383,5.895941,6.042825,-1.5341567,5.559092,8.889594,4.378348,3.4107533,2.1571605,3.8521576,2.4086812,-2.2154477,2.394376,4.8701444,9.510798,3.0614362,-0.098846406,5.139539,8.191951,-0.63319415,-1.3408217,2.2837346,6.88322,2.6830046,-2.0848472,-0.8314449
1385,4.917574,8.768598,6.0573287,3.6783319,-4.6484575,2.38566,3.2869675,5.3424306,3.7000117,-2.7530591,0.9421497,0.3314982,9.973441,2.6957417,0.5524101,6.100321,5.5587735,-1.2117591,5.4259157,10.252587,3.2870195,2.252163,2.4407034,3.9796064,1.8548542,-1.8768936,2.321079,6.352144,9.28934,0.63928086,-0.098872386,5.235762,7.794747,-2.60498,-0.4118634,2.18038,7.256451,1.3927023,-2.3736386,-0.7343452
1386,4.638972,10.198122,4.7491026,0.09233621,-4.326516,2.1791797,4.6760745,5.5707693,2.084224,-2.8273737,1.5639882,1.5096269,9.939564,2.7503219,0.40470684,6.253404,5.206455,-0.9805934,5.268726,11.081891,1.6842862,1.5465959,2.8462844,4.1412187,1.2945374,-1.534278,2.1494925,7.5837617,8.215732,-1.9605649,0.400538,5.4216204,6.9090424,-3.9331255,0.8139999,2.5758772,7.3477116,0.060148228,-2.1513257,-0.7637107
1387,4.3257675,11.017337,1.9815879,-1.9796658,-3.6468222,1.2379969,5.6495714,5.537442,0.22009037,-2.5190065,1.7446258,2.8679972,9.925731,2.1176233,0.33605093,6.383734,4.956511,-0.82016253,5.1321006,11.362575,-0.04821759,1.5400229,3.3440225,4.25572,0.7097591,-1.1737121,1.9704609,8.470009,6.175648,-4.0724196,0.99587214,5.878338,5.5707335,-4.656715,1.8384883,3.6155155,7.0742974,-1.2751225,-1.416781,-0.7860685
1388,4.0821,11.100321,-1.1155277,-1.7724087,-3.111153,0.26350468,6.0788274,5.2470546,-1.5459979,-1.8813018,1.6016396,4.1153226,9.800827,0.89245105,0.451121,6.5236526,4.74679,-0.71467865,5.031778,11.189532,-1.4599373,2.1491237,4.019085,4.184552,0.10548564,-0.77241904,1.8688403,8.98848,3.4087567,-5.2866125,1.0040977,6.480114,3.9021676,-4.983057,2.2376592,5.0145116,6.264783,-2.516806,-0.26719263,-0.6099186
1389,4.0817747,10.562748,-3.2807267,0.2527406,-2.6498978,-0.34797826,6.142477,4.7232857,-2.9327393,-1.0117099,1.4303074,5.118618,9.395439,-0.6539893,0.7969826,6.7307353,4.489306,-0.6554886,4.9655905,10.730105,-2.2872567,3.0413942,4.9648247,3.756302,-0.49000916,-0.32521787,1.919783,9.1623535,0.38045803,-5.4043674,0.06764677,6.811494,2.2663152,-5.025883,1.8752809,6.2604156,4.924049,-3.455407,1.0121877,-0.052641284
1390,4.43856,9.570074,-4.040012,2.905802,-1.8650731,-0.455387,6.089618,3.9945526,-3.821809,-0.08660062,1.520839,5.931722,8.54034,-2.2070498,1.2898602,7.087064,4.092786,-0.6427065,4.9203644,10.160841,-2.5347855,3.8703647,6.0907946,2.8168771,-0.98619425,0.1262619,2.171403,9.008664,-2.3406374,-4.238635,-1.4119242,6.6688895,1.1350391,-4.813332,0.96255857,6.992083,3.3879066,-3.9333932,2.027515,0.9498747
1391,5.117291,8.200061,-3.752833,5.124424,-0.6626131,-0.17925987,6.1008725,3.0814903,-4.246608,0.6663075,2.0005748,6.665065,7.0827456,-3.546149,1.6792943,7.627326,3.5067916,-0.6748231,4.8764706,9.620612,-2.3634286,4.465406,7.1182666,1.3470865,-1.1945591,0.494076,2.611186,8.527112,-4.199621,-1.8624749,-2.4410868,6.3569927,0.6375094,-4.4362063,-0.11456043,7.1982226,2.0803251,-3.9849687,2.5306234,2.2880678
1392,5.952748,6.450376,-3.057717,6.4906273,0.7431583,0.21288137,6.191816,2.0265598,-4.3048654,1.060797,2.7906642,7.3199534,4.913813,-4.5440745,1.5997728,8.243237,2.7985485,-0.7252702,4.8154306,9.195099,-1.9402694,4.8416753,7.7560463,-0.43152228,-0.89729434,0.7338769,3.1543024,7.757391,-4.9210987,1.018347,-2.1424515,6.3220305,0.44206145,-4.0094957,-1.0814701,7.066896,1.2273599,-3.760761,2.5314276,3.7464075
1393,6.697737,4.3083296,-2.384956,7.0958037,2.1307905,0.5465927,6.2769327,0.91833454,-4.0733194,1.037958,3.665877,7.729881,2.0872362,-5.006719,0.73710895,8.673237,2.2352033,-0.748728,4.7338367,8.922113,-1.3678545,5.0932274,7.851839,-2.1160407,-0.01809446,0.9809608,3.7104087,6.811275,-4.70168,3.4159937,-0.3812252,6.5177317,0.052450474,-3.5306122,-1.8625313,6.76792,0.847592,-3.4084554,2.1968884,5.107806
1394,7.065816,1.8547225,-1.8385651,7.1800356,3.3881366,0.789836,6.2797537,-0.123218186,-3.5837991,0.6934804,4.3775177,7.6648593,-0.99290645,-4.552932,-0.84548044,8.6363,2.2080472,-0.7451627,4.6494455,8.811067,-0.69242084,5.293649,7.414455,-3.3440511,1.2436827,1.5310558,4.253568,5.781806,-4.019175,4.8000116,2.2513182,6.3629527,-0.86092865,-2.813284,-2.4641042,6.4013147,0.8616129,-3.0384727,1.7173935,6.2189
1395,6.8161135,-0.657211,-1.3565034,6.9652686,4.470519,0.97721016,6.1664133,-0.98040664,-2.8558028,0.23497012,4.7961407,7.038986,-3.5945218,-2.8792818,-2.4015057,8.095833,2.8651867,-0.7767944,4.5793953,8.869776,0.061035533,5.4509816,6.5508666,-3.9889138,2.4708827,2.6085892,4.7557926,4.6410437,-3.2854424,5.2520247,4.8988414,5.2627697,-2.117327,-1.6674651,-2.8035524,6.0568285,1.1450666,-2.7293818,1.2310555,7.0142074
1396,5.8688703,-2.8615339,-0.9421808,6.646726,5.372659,1.1397374,5.9319606,-1.5679694,-1.9442916,-0.11170672,4.9738555,6.0078473,-5.122623,-0.32723394,-2.8561814,7.423351,3.8466315,-0.86956716,4.5219655,9.111518,0.8600421,5.503415,5.398111,-4.1586494,3.2646186,4.160991,5.0737576,3.2783415,-2.6794372,5.1051283,6.8866677,3.0992968,-3.0577404,-0.2965375,-2.6797538,5.8369665,1.5282483,-2.527716,0.80188555,7.5077963
1397,4.3530884,-4.4564157,-0.75854117,6.334351,6.143545,1.2712299,5.589528,-1.8498245,-0.9563471,-0.19139858,5.0626493,4.821171,-5.5641427,2.1447918,-1.7302631,7.05619,4.5718274,-0.99868816,4.4618607,9.53722,1.6399856,5.3395653,4.0984106,-4.03948,3.4410017,5.873721,4.977475,1.6675087,-2.1772797,4.6595488,7.941532,0.3883719,-3.1327035,0.7482614,-2.0373807,5.7756376,1.8204807,-2.4418962,0.43308294,7.761518
1398,2.5444741,-5.3035383,-0.98824066,5.946561,6.8798447,1.354237,5.168603,-1.8413094,-0.020321753,0.04662661,5.181532,3.631383,-5.338045,3.7304182,0.595424,7.037833,4.585918,-1.1518492,4.363169,10.12074,2.286648,4.847588,2.8174486,-3.7611926,3.05416,7.3573375,4.31779,0.013543495,-1.693777,4.138384,8.171438,-2.0753465,-2.279317,1.205783,-1.1225027,5.816839,1.8814723,-2.4379728,0.09614812,7.850869
1399,0.76828325,-5.3772616,-1.6045785,5.255869,7.6646457,1.4314356,4.6963058,-1.6029563,0.76531345,0.5677692,5.352139,2.458473,-4.86766,4.2085304,3.3671365,7.0817623,3.6451783,-1.2763722,4.166516,10.792866,2.651124,3.998641,1.7524272,-3.38017,2.3125749,8.360999,3.1843352,-1.3181964,-1.2293917,3.7077017,7.8739753,-3.7363224,-0.79522544,1.3743995,-0.20994496,5.905851,1.6682416,-2.4482143,-0.24077344,7.8461027
1400,-0.6679572,-4.723041,-2.309175,4.123389,8.479662,1.6398919,4.1536565,-1.2296952,1.3635366,1.2917885,5.5108047,1.2613143,-4.362958,3.765813,5.8861117,6.8244414,1.8294543,-1.2287124,3.836169,11.42782,2.6149468,2.9249413,1.0700685,-2.931507,1.47052,8.872617,1.8863671,-2.0579531,-0.8702633,3.444414,7.335415,-4.4718018,0.87338775,1.7188599,0.62583536,6.0045896,1.2083614,-2.390088,-0.5933601,7.8062487
1401,-1.5277282,-3.5176814,-2.7339356,2.6913052,9.186173,2.1260512,3.4451058,-0.8288512,1.7951919,2.128801,5.546962,0.01987177,-3.8250606,2.7344313,7.684779,6.0174675,-0.3703037,-0.88214004,3.4662402,11.883756,2.1633697,1.9027112,0.80776066,-2.4565089,0.7294725,9.045386,0.76180774,-2.1816885,-0.6581912,3.3284538,6.747803,-4.4655623,2.317395,2.4716911,1.4237456,6.0386496,0.56002975,-2.1790512,-0.94698405,7.774118
1402,-1.7065156,-2.096021,-2.7160368,1.3023474,9.629197,2.8714275,2.4439528,-0.472547,2.1131082,2.9993904,5.339537,-1.2083799,-3.1439629,1.4902987,8.624334,4.711224,-2.281858,-0.32058236,3.2962806,12.087146,1.3748066,1.2235696,0.8575282,-1.9894513,0.19173047,9.052165,0.018028805,-1.8505675,-0.5301179,3.3103561,6.2163377,-4.002281,3.3165355,3.5903757,2.1973038,5.8781843,-0.1847039,-1.7469704,-1.2419602,7.7693434
1403,-1.2733177,-0.83117497,-2.3592618,0.23753265,9.755864,3.6272092,1.1186107,-0.14590621,2.3786044,3.8349037,4.793166,-2.2831635,-2.2377045,0.41714382,8.903379,3.2068913,-3.4915323,0.16238418,3.4859939,12.0400505,0.36510214,1.0763223,1.0630473,-1.5529082,-0.12343626,9.002971,-0.29418975,-1.2898252,-0.38312578,3.3682919,5.7812605,-3.3324153,3.8620372,4.9076247,2.8957686,5.3773975,-0.8867023,-1.0856472,-1.3701228,7.7872605
1404,-0.45618853,0.027052633,-1.8723922,-0.4253449,9.632632,4.075608,-0.37991682,0.22783233,2.6628842,4.567352,3.8743062,-3.0424366,-1.1748238,-0.1757618,8.879533,1.7652187,-3.971522,0.31471688,3.9144025,11.761066,-0.6853791,1.5013034,1.3319724,-1.1716806,-0.24173751,8.943955,-0.23653986,-0.70524246,-0.15378924,3.5048122,5.438119,-2.6272092,4.0703464,6.25428,3.3999841,4.456681,-1.3863275,-0.28975758,-1.212506,7.8099923
1405,0.43303606,0.41786504,-1.400643,-0.75124085,9.382198,4.0393715,-1.7834669,0.6719495,3.0573344,5.1239033,2.626095,-3.3862934,-0.17597409,-0.1623162,8.817836,0.4575201,-3.8469102,0.10697782,4.2919216,11.302263,-1.5058448,2.3693247,1.6717598,-0.88211787,-0.20797709,8.887382,0.06903559,-0.23788324,0.16128558,3.722803,5.1596093,-1.9845028,4.0868263,7.496383,3.5338886,3.192114,-1.569033,0.46818537,-0.71580374,7.824528
1406,1.104978,0.43731543,-0.977679,-0.8328151,9.11753,3.533805,-2.8645363,1.0807573,3.6326072,5.4235783,1.1529597,-3.3042703,0.52488875,0.35952473,8.772722,-0.73215383,-3.2014022,-0.29168773,4.411638,10.792279,-1.8431572,3.4121096,2.113853,-0.7303884,-0.07743109,8.836558,0.4863258,0.050201215,0.5299493,4.01643,4.912081,-1.4491405,4.0306606,8.528583,3.1372638,1.8512616,-1.4260908,1.048124,0.06378443,7.833028
1407,1.3757502,0.26933083,-0.5760851,-0.728831,8.911305,2.6807446,-3.525888,1.2778751,4.355336,5.3821406,-0.39192936,-2.8408842,0.8376678,1.1427736,8.658817,-1.7611809,-2.0849156,-0.6176018,4.2827535,10.380346,-1.6021274,4.3449883,2.5980313,-0.75458497,0.087622896,8.796441,0.9020496,0.16253494,0.91470146,4.374957,4.663375,-1.032397,3.9776552,9.270022,2.189029,0.8113425,-1.0626065,1.4363762,1.007694,7.8412967
1408,1.190123,0.11759558,-0.17535059,-0.46100533,8.790349,1.6149548,-3.763283,1.142979,5.0698853,4.961106,-1.8089832,-2.0768952,0.870469,1.9437912,8.394518,-2.5020983,-0.62338424,-0.6175049,4.094174,10.138055,-0.87777096,4.985882,2.9574232,-0.9469556,0.2286798,8.77318,1.2470841,0.13956837,1.2875425,4.7865868,4.385174,-0.7264845,3.9636283,9.675615,0.8816893,0.3813451,-0.62244207,1.7188706,2.0185223,7.827621
1409,0.6025725,0.15157254,0.21693888,-0.038497824,8.736317,0.4539176,-3.581626,0.69697344,5.5955696,4.237551,-2.9009743,-1.1499349,0.8545417,2.648945,7.9728675,-2.8471615,0.934528,-0.14018914,4.078806,10.038288,0.09358436,5.269922,3.02805,-1.2306598,0.30301145,8.7685,1.498191,0.031058364,1.630765,5.238037,4.0538526,-0.51355356,3.9961114,9.751414,-0.44022575,0.65149975,-0.16291496,1.9867449,3.0484917,7.7173915
1410,-0.2472675,0.4660678,0.5989665,0.52128917,8.690845,-0.6828959,-2.9628515,0.10920826,5.856043,3.3907044,-3.5674832,-0.24278453,0.9997433,3.2808306,7.428237,-2.8150823,2.3104575,0.82778925,4.390637,9.991942,0.99664414,5.20563,2.7737606,-1.4879961,0.28815946,8.774723,1.6669472,-0.12136318,1.9329621,5.7124186,3.6521971,-0.36986917,4.067725,9.558156,-1.4449189,1.4657563,0.39605197,2.293441,4.067349,7.3876295
1411,-1.1609986,1.0471318,1.0201946,1.1947067,8.570272,-1.6585441,-1.9150703,-0.35536003,5.925043,2.5832949,-3.841149,0.48540726,1.395304,3.9089642,6.7773094,-2.54486,3.3272426,2.2097347,5.0760345,9.847588,1.5078727,4.8735657,2.322505,-1.6249324,0.1878054,8.776028,1.7832695,-0.29097638,2.1861296,6.1885414,3.17267,-0.26708865,4.167601,9.194669,-1.959005,2.5160525,1.1804167,2.6676748,5.0185857,6.704236
1412,-1.9270753,1.7548172,1.5800191,1.9661146,8.283319,-2.3499901,-0.5513133,-0.42811134,5.953678,1.8575321,-3.8253796,0.9499545,2.0119383,4.571606,5.995517,-2.207818,3.9464715,3.915716,6.0967317,9.332978,1.4036626,4.4703927,1.8840312,-1.6203444,0.037016753,8.757365,1.8758541,-0.4650291,2.3846762,6.6429143,2.621517,-0.17336002,4.289184,8.766469,-2.0003796,3.4993217,2.2392461,3.1251194,5.7921677,5.582887
1413,-2.3802736,2.3630033,2.3607504,2.8241684,7.73897,-2.7122498,0.8957588,0.061794035,6.034326,1.1346269,-3.6087277,1.134555,2.7537315,5.2531004,5.027882,-1.926163,4.211975,5.869276,7.2846503,8.019142,0.72722286,4.263301,1.615743,-1.5211034,-0.11278135,8.713526,1.9562356,-0.63911265,2.5251808,7.053815,2.0219464,-0.056545552,4.4344883,8.355836,-1.7072377,4.2402716,3.5211387,3.6620681,6.2194805,4.0549855
1414,-2.4452379,2.6772695,3.349386,3.733946,6.8478637,-2.8066008,2.1584148,1.1222905,6.0985703,0.2900006,-3.2169433,1.068863,3.5015845,5.891395,3.8215551,-1.7340989,4.179187,7.951396,8.187674,5.494,-0.08050956,4.3591814,1.5588096,-1.3986174,-0.22300576,8.649749,2.0166569,-0.8106064,2.6061993,7.4057765,1.4141388,0.10986736,4.615613,8.007043,-1.2435238,4.712262,4.930957,4.223339,6.0980577,2.3106427
1415,-2.159182,2.6647673,4.431301,4.6065598,5.5380545,-2.7479272,3.0395486,2.5933337,5.9236226,-0.74000907,-2.6162982,0.8310401,4.146085,6.393819,2.3737307,-1.5740705,3.895175,9.908128,8.014465,1.9038919,-0.378087,4.5629573,1.6434675,-1.3077452,-0.28367904,8.5756235,2.0409958,-0.9747525,2.6281943,7.692814,0.85052156,0.33987197,4.853349,7.7278523,-0.742303,4.982396,6.3721313,4.644564,5.273843,0.68843764
1416,-1.6761962,2.4700522,5.470471,5.279263,3.8017128,-2.6074045,3.4527388,4.189488,5.253105,-1.8551905,-1.7859594,0.5694446,4.630957,6.65861,0.7740551,-1.3230228,3.4480755,11.37281,6.1034756,-1.6298515,-0.0059008966,4.718193,1.7146028,-1.2603115,-0.30764377,8.499388,2.017841,-1.1243362,2.5936515,7.9193044,0.38670927,0.6303523,5.171688,7.499532,-0.2921523,5.145831,7.736003,4.6286683,3.805786,-0.43329602
1417,-1.1870705,2.2806091,6.3879266,5.527152,1.7630701,-2.3571243,3.418586,5.5858727,3.9841006,-2.7882152,-0.83584875,0.4794235,4.9907675,6.59678,-0.7989525,-0.8610227,3.0335317,12.093365,2.704092,-3.686576,0.30704787,4.9248695,1.6815617,-1.2350096,-0.31331077,8.425939,1.9467924,-1.2514851,2.5072217,8.098217,0.070959084,0.96198076,5.5882187,7.287521,0.055243485,5.2820206,8.872412,3.861897,2.1136365,-0.8547032
1418,-0.77059644,2.2000215,7.158548,5.1404185,-0.28432927,-1.9265925,3.0796158,6.5514984,2.2900004,-3.262493,-0.01989706,0.687599,5.321836,6.144427,-2.1463125,-0.17690764,2.926389,12.085058,-1.0403112,-3.571396,-0.105367154,5.117116,1.6508565,-1.2167066,-0.31017855,8.357639,1.836423,-1.349544,2.3756745,8.247303,-0.06375721,1.3065035,6.103666,7.048824,0.27381405,5.433617,9.598405,2.2781126,0.86644363,-0.7167267
1419,-0.384073,2.2581127,7.763591,4.0401435,-1.9452468,-1.3462303,2.68402,7.0507927,0.5240901,-3.1599395,0.44923124,1.1511698,5.692473,5.2705493,-3.1367493,0.56406087,3.3184402,11.45965,-3.9021833,-1.4560243,-0.6830795,5.1703615,1.7649659,-1.2185643,-0.2976561,8.295858,1.6984023,-1.4138379,2.2076206,8.384563,-0.0020642653,1.6376747,6.695651,6.73609,0.35550734,5.6040664,9.770921,0.23692906,0.5801152,-0.35109422
1420,0.0138896685,2.4649105,8.1641865,2.3472142,-2.8845806,-0.8135053,2.4460495,7.1969943,-1.0026028,-2.5270069,0.58290464,1.7151554,6.0898128,3.9918392,-3.738487,1.0820285,4.145449,10.276789,-5.2618155,1.6345203,-0.20128377,5.253868,1.898689,-1.2630247,-0.28058594,8.241152,1.5452043,-1.4415828,2.0132554,8.5245,0.25720453,1.9405622,7.3194866,6.3007393,0.30893502,5.772394,9.380094,-1.6469511,1.2927907,0.08684506
1421,0.41408607,2.8174021,8.298638,0.35926208,-2.9429545,-0.53783935,2.3951764,7.124343,-2.1183548,-1.4989175,0.59471214,2.259681,6.4339027,2.3885038,-3.963649,1.1476688,5.0887685,8.687602,-5.3588686,4.2581058,1.78931,5.3238006,1.6821798,-1.3109857,-0.27878976,8.192048,1.3941673,-1.4325784,1.8043764,8.6762085,0.70735013,2.2146087,7.9141355,5.698875,0.16406508,5.916433,8.575137,-2.902172,2.596846,0.72181165
1422,0.7661393,3.2740905,8.099076,-1.5352199,-2.1468127,-0.50029653,2.4295225,6.935204,-2.7559779,-0.26412314,0.7459305,2.7744718,6.6105204,0.610634,-3.7830112,0.7257921,5.7901316,7.026593,-4.8723507,5.6138887,4.623254,4.8479443,0.87122524,-1.2088854,-0.30221727,8.145891,1.2682617,-1.3914592,1.5940408,8.843563,1.3393338,2.4687936,8.408781,4.9037247,-0.022676568,6.0276995,7.586591,-3.433394,3.9413452,1.6953809
1423,1.0067415,3.7452168,7.5407176,-2.977628,-0.7172887,-0.41780138,2.5077412,6.6984816,-2.9307303,0.96263313,1.2083004,3.3147204,6.4911747,-1.126051,-3.119848,0.02157927,6.0851874,5.630906,-4.300462,5.8029804,7.263861,3.3850849,-0.21030551,-0.8361406,-0.2923415,8.1051235,1.1781148,-1.3281219,1.3945091,9.026817,2.143539,2.7096744,8.72744,3.9248762,-0.17328668,6.1102295,6.6120925,-3.4280288,4.945937,2.958069
1424,1.1136179,4.1338196,6.693031,-3.779906,0.9376774,0.034133703,2.6996796,6.4292283,-2.74576,2.0012681,2.0169487,3.9060643,5.9471073,-2.5700376,-1.9722035,-0.58562136,6.0678954,4.634833,-3.8249156,5.294548,9.03215,1.1350954,-0.7832221,-0.34060693,-0.1338882,8.0804405,1.0919868,-1.2495728,1.2142295,9.2240925,3.1057477,2.9237936,8.7948265,2.8273873,-0.2097367,6.174618,5.7533355,-3.1373825,5.502843,4.324433
1425,1.1224031,4.388676,5.703559,-3.9895291,2.3771842,0.9880528,3.0568767,6.0805135,-2.3621883,2.7605274,3.1037774,4.4762526,4.8869886,-3.5134778,-0.5597017,-0.7247103,5.972903,3.937945,-3.4776947,4.497311,9.852903,-1.1016344,-0.33572036,0.0690907,0.20853578,8.07716,0.94611526,-1.1457908,1.0592904,9.431738,4.1944804,3.057702,8.553482,1.7375283,-0.08688579,6.239375,5.0208015,-2.7481704,5.6833677,5.6183386
1426,1.0949899,4.5109954,4.721799,-3.8031068,3.3324974,2.3519502,3.5258212,5.563871,-1.932189,3.240211,4.349941,4.840069,3.328728,-3.881481,0.70800364,-0.2454764,5.976659,3.3152075,-3.2523806,3.628041,10.056238,-2.5012684,0.9704872,0.4971594,0.6897496,8.084053,0.69404566,-0.9860047,0.94288844,9.645352,5.3368883,3.006713,8.003322,0.82214165,0.1817525,6.3320026,4.37239,-2.3652353,5.6108036,6.7457304
1427,1.0858806,4.5238547,3.8425012,-3.4235773,3.76397,3.9205878,3.9819484,4.7874475,-1.5432174,3.4929338,5.6120057,4.7445784,1.4702022,-3.7416236,1.4772494,0.708242,6.0876307,2.5484788,-3.1093717,2.7414112,10.031434,-2.6853454,2.5275717,1.1846467,1.2935119,8.062903,0.32150987,-0.7281272,0.89747614,9.865164,6.3895555,2.637585,7.25615,0.23998363,0.53108424,6.4749184,3.7540293,-2.0352702,5.389668,7.688566
1428,1.1271726,4.443933,3.1021957,-2.9833064,3.7779872,5.48237,4.278918,3.7106645,-1.2019049,3.5872216,6.730878,3.9880457,-0.30361986,-3.2509568,1.6773697,1.8272172,6.2021933,1.5216496,-2.95079,1.8191465,10.012839,-1.7236607,3.7312217,2.125701,2.0031936,7.9306417,-0.15776204,-0.33300623,0.9836689,10.106041,7.127795,1.8688762,6.5521092,0.088326134,0.8928409,6.6640096,3.1252172,-1.7668402,5.0881786,8.470305
1429,1.2253035,4.2726307,2.5036216,-2.5423698,3.5280704,6.8695135,4.271659,2.4007773,-0.85925245,3.5984268,7.55645,2.5751915,-1.5364912,-2.6261516,1.5124329,2.848594,6.203967,0.27157828,-2.6269267,0.87337565,10.03576,0.079639696,4.260346,3.0542755,2.764929,7.576558,-0.69086915,0.21008477,1.2909613,10.402016,7.2788744,0.775731,6.161794,0.38992432,1.2445803,6.863148,2.464902,-1.5409266,4.7471952,9.124709
1430,1.3607271,4.0031924,2.0399013,-2.1159759,3.1596205,7.9745064,3.8553329,1.0520858,-0.47090986,3.617386,7.991377,0.7803762,-1.9063305,-2.0834095,1.2517453,3.6702294,6.0050364,-1.0291779,-1.9971663,0.035822384,10.005428,2.3181489,4.0643344,3.6998882,3.5269668,6.923495,-1.1965084,0.851702,1.9183205,10.779916,6.590411,-0.3896651,6.189268,1.1337895,1.6028785,7.0128555,1.7677511,-1.319357,4.3979383,9.676881
1431,1.4875948,3.6367462,1.7080797,-1.7003677,2.7902417,8.755908,3.025894,-0.07218913,-0.05772411,3.7362967,8.015321,-0.97227174,-1.365672,-1.6936533,1.0582509,4.3108377,5.559526,-2.1571875,-1.0314888,-0.43698102,9.845721,4.504611,3.2415547,3.9966297,4.2684255,5.9673977,-1.6077513,1.4776286,2.927244,11.17785,4.898527,-1.3065784,6.445591,2.2937126,1.9732509,7.033639,1.0483752,-1.0561234,4.080133,10.136139
1432,1.535682,3.2015078,1.5113753,-1.2884763,2.505166,9.231399,1.9063265,-0.75203073,0.30062112,3.997892,7.6692486,-2.3188481,-0.1371124,-1.3187149,0.9997235,4.825109,4.872418,-2.9481447,0.120120466,-0.29671812,9.635089,6.1278744,1.9824759,4.099566,4.992407,4.7499747,-1.8984073,1.9465684,4.2791176,11.335588,2.216375,-1.6935847,6.5609035,3.7541347,2.3277655,6.8337603,0.35405695,-0.7157943,3.8538125,10.497808
1433,1.4210476,2.7675734,1.4527775,-0.8757385,2.3577433,9.452746,0.7035855,-0.89014375,0.5534066,4.3678284,7.032768,-3.0954015,1.3889176,-0.7428284,1.1114964,5.258119,3.9828093,-3.3634431,1.1813158,0.5297283,9.572755,6.777836,0.5413483,4.215856,5.701875,3.3044379,-2.058862,2.1428921,5.7867107,10.782557,-1.0975198,-1.3550433,6.3323717,5.24692,2.6341875,6.3451557,-0.24003822,-0.2976187,3.7939095,10.748374
1434,1.0729151,2.445734,1.5268213,-0.46002334,2.372842,9.4747305,-0.37020198,-0.5192633,0.7586744,4.7795115,6.205657,-3.347888,2.8140604,0.15407151,1.3920587,5.618532,2.9356236,-3.4648159,1.8950254,1.9024432,9.779168,6.200723,-0.8155851,4.397854,6.3698583,1.6537126,-2.0404973,2.0243945,7.139803,9.091801,-4.272004,-0.39937228,6.0498915,6.481875,2.8374,5.570259,-0.6609193,0.15391167,3.9615119,10.8653145
1435,0.47405902,2.3598545,1.7215866,-0.041560452,2.5519092,9.336385,-1.1642276,0.22618498,1.0683751,5.19342,5.266919,-3.2454774,3.877709,1.348171,1.7951579,5.8565507,1.7789742,-3.3309264,2.1341898,3.5404398,10.115286,4.3030834,-1.8177608,4.47668,6.9122877,-0.10472243,-1.7240875,1.677726,8.06318,6.282587,-6.535679,0.4317638,6.201843,7.3722706,2.7512074,4.6217856,-0.8519936,0.57158864,4.3685145,10.8089695
1436,-0.30878636,2.5944328,2.0383737,0.3739856,2.876964,9.060003,-1.6245248,1.150789,1.6378647,5.589432,4.230328,-2.9692743,4.494413,2.7325923,2.2593622,5.8713565,0.5876583,-2.996726,1.9322726,5.103229,10.16311,1.302913,-2.144759,4.2210073,7.204665,-1.702449,-0.9900971,1.3641688,8.502579,2.8465986,-7.5830197,0.14327715,6.583472,8.055525,2.1561913,3.7457025,-0.7779107,0.9140753,4.96694,10.519092
1437,-1.1389719,3.138745,2.5133104,0.7724155,3.311326,8.659753,-1.7926768,2.057927,2.5404346,5.9039383,3.0458832,-2.635267,4.69413,4.1855702,2.7245903,5.550554,-0.5183975,-2.463036,1.4666477,6.299292,9.450849,-2.0613875,-1.5353241,3.700837,7.1726985,-2.7855883,0.10544366,1.4499589,8.578336,-0.6264376,-7.279235,-1.466274,6.194958,8.768743,1.1892357,3.2146723,-0.45612237,1.2032417,5.6773624,9.928216
1438,-1.8759718,3.8640494,3.207311,1.132263,3.7984226,8.150142,-1.7676345,2.8099535,3.735865,5.9823327,1.6627882,-2.268017,4.5557523,5.592565,3.1149545,4.8246927,-1.389695,-1.7617784,0.99502426,7.0298038,7.8217745,-4.7984295,-0.1963346,3.4639835,6.8422685,-3.2304263,1.2746824,2.1656916,8.290184,-3.5965035,-5.346029,-3.3822145,4.4099445,9.579831,0.50762546,3.0888443,0.04197949,1.5056711,6.428184,8.982153
1439,-2.4422588,4.5571523,4.157897,1.4328185,4.264861,7.5511446,-1.6506279,3.3516982,5.0843987,5.595206,0.13292572,-1.8308086,4.193138,6.8428555,3.322505,3.7262988,-1.9020374,-1.0041664,0.7395593,7.412115,5.5174937,-6.3946357,1.0309917,3.9736888,6.227137,-3.2862806,2.2084038,3.4139273,7.391721,-5.5426455,-1.990674,-4.2649508,1.9647135,10.190445,0.8379948,3.0593336,0.59768754,1.8828142,7.1620145,7.6494246
1440,-2.8268652,4.988811,5.332823,1.6735281,4.634199,6.8903723,-1.5050446,3.692698,6.3814635,4.53731,-1.3109729,-1.3206121,3.7696402,7.84678,3.2235577,2.4267876,-2.017269,-0.33856732,0.790166,7.615475,2.8852522,-6.978066,1.2804258,4.941151,5.3263607,-3.2809587,2.755561,4.847659,5.694022,-6.271357,1.62285,-3.7268977,0.16599879,10.339475,2.156205,2.63383,1.0549111,2.3722274,7.8153787,5.9190993
1441,-3.021624,4.9756804,6.6219378,1.9048654,4.8456264,6.198964,-1.3476089,3.8769248,7.409406,2.7882302,-2.3001528,-0.86168027,3.4488943,8.571835,2.7299097,1.2076344,-1.8033601,0.15062815,1.1055974,7.702774,0.19528463,-6.739905,0.32544163,5.60433,4.3718824,-3.310532,2.902978,6.0954,3.360451,-6.130871,4.252023,-2.2708294,-0.5362729,10.146179,3.6584566,1.6045768,1.3699447,3.001172,8.296159,3.8053262
1442,-2.9424052,4.440816,7.863264,2.2476697,4.8546977,5.498617,-1.1609051,3.962244,8.005876,0.62168115,-2.5019326,-0.62910354,3.273617,9.041521,1.8610295,0.3590109,-1.401059,0.4884667,1.590824,7.61968,-2.2626595,-5.5757666,-1.3255681,5.4901,3.7738051,-3.3033671,2.7429209,6.935953,0.7988405,-5.6056767,5.4334226,-0.47960478,-0.46933746,9.892196,4.5812373,0.18062106,1.6585991,3.800583,8.453316,1.384442
1443,-2.4261963,3.5193179,8.892031,2.8418474,4.602664,4.7949934,-0.90714616,4.009907,8.117798,-1.4698527,-1.7931328,-0.6003316,3.1663976,9.294713,0.79058844,0.06015629,-0.94964325,0.7581866,2.1667533,7.2777395,-4.105994,-3.3849635,-2.7289765,4.78389,3.6809292,-3.213629,2.4444072,7.3490334,-1.6000621,-4.9010577,5.350611,1.2754439,0.0317441,9.74523,4.5997787,-1.2574457,1.9726306,4.793481,8.06251,-1.1343136
1444,-1.4145087,2.6471965,9.623112,3.6736403,3.996459,4.111298,-0.53751093,4.0784545,7.8007865,-3.0178993,-0.35550767,-0.4675412,3.1165664,9.357878,-0.21798204,0.31492054,-0.5073395,1.0294884,2.7856576,6.6395884,-5.039378,-0.5612913,-3.079855,4.1003118,3.8631341,-3.0551565,2.156386,7.4393024,-3.5696104,-3.9470348,4.474191,2.7833025,0.9048058,9.697417,3.6773777,-2.3742275,2.153863,5.9066887,6.901858,-3.3766203
1445,-0.23484817,2.3613698,10.125072,4.403163,2.981774,3.5543299,-0.007702652,4.218237,7.1641397,-3.8138463,1.3593029,0.116715305,3.2558582,9.228769,-0.97098905,0.97897995,-0.034688015,1.3361424,3.4115257,5.7499814,-5.100881,2.0907722,-2.1771405,3.8658154,4.0183873,-2.8821719,1.943014,7.3336573,-4.938373,-2.62864,3.4119987,3.9645133,2.2056088,9.55725,1.8988501,-2.9159691,1.9600068,6.8971524,4.9661584,-4.9343915
1446,0.49055856,2.7865684,10.553866,4.4816623,1.6947626,3.2901375,0.70988286,4.456143,6.302525,-3.9604816,2.8497903,1.2778054,3.69958,8.848698,-1.4379001,1.8474277,0.5480784,1.6882262,3.9999466,4.7012696,-4.622613,3.9444146,-0.3504827,3.9956868,3.925345,-2.7512202,1.7942667,7.1369667,-5.612866,-1.0144793,2.7735229,4.878101,3.845029,8.9143915,-0.46391067,-2.6572273,1.350582,7.50254,2.6325526,-5.6107135
1447,0.41228196,3.453157,10.974812,3.5674841,0.5088258,3.3573012,1.6358339,4.7654057,5.2556868,-3.7264886,3.8043463,2.9114013,4.4147606,8.081372,-1.7013376,2.7319183,1.3025849,2.082021,4.488451,3.5797985,-3.9643486,4.858201,1.885206,4.1497097,3.4322162,-2.653267,1.6599554,6.9295917,-5.606569,0.5984485,2.9345162,5.689885,5.434234,7.263228,-2.7764695,-1.5622306,0.7048064,7.7144833,0.43697578,-5.4638124
1448,-0.24134383,3.7631404,11.29891,1.857663,-0.155712,3.5728447,2.757409,5.042761,4.0149245,-3.3557465,4.150745,4.8042426,5.222123,6.7442656,-1.8457525,3.4826882,2.2523665,2.501075,4.7950172,2.4469583,-3.331894,5.01997,4.0726013,4.036941,2.5306528,-2.506885,1.4854575,6.7681417,-5.0432487,1.8721074,3.8998134,6.5699773,6.312886,4.4582143,-4.2284236,-0.17237674,0.60021985,7.739949,-1.3378947,-4.6179667
1449,-0.9316956,3.5188997,11.411217,0.0120940935,-0.09910757,3.7671013,3.9612644,5.1189833,2.5844905,-2.9633172,3.9641614,6.7006984,5.818661,4.7297354,-1.8721788,3.9744885,3.3733594,2.9150798,4.826745,1.3596233,-2.7728505,4.7056003,5.899686,3.5092342,1.4242817,-2.2305093,1.2540517,6.6794786,-4.1024156,2.644856,5.4075465,7.5050125,5.7455187,1.1760653,-4.4487042,0.64612305,1.1468447,7.6514583,-2.675605,-3.1683705
1450,-1.1964847,2.9999993,11.310773,-1.3009526,0.5544434,4.029442,5.0672464,4.795196,1.0728182,-2.5421543,3.3959649,8.325336,5.8307858,2.20174,-1.6988931,4.1296334,4.5764847,3.2801628,4.5059347,0.39686933,-2.2571907,4.167176,7.215086,2.5870297,0.4540506,-1.8203607,1.0141468,6.6603246,-2.9551578,2.9829798,7.1128535,8.075365,3.3792622,-1.2446984,-3.8312478,0.6671644,1.885011,7.3786364,-3.5409503,-1.2935249
1451,-0.84300554,2.6405528,11.07476,-1.8223265,1.465514,4.5796,5.91234,3.8931231,-0.26447168,-2.0535214,2.6629663,9.464077,5.001536,-0.3102844,-1.294962,4.010534,5.7259855,3.5331378,3.8129332,-0.3404687,-1.7573675,3.6088006,8.0190735,1.4528368,-0.088211276,-1.3509327,0.8508193,6.6912055,-1.7292962,3.0921462,8.679633,7.511607,-0.095502175,-1.732551,-3.1681426,0.37382045,2.4560654,6.9529204,-3.8507643,0.66406053
1452,0.07033514,2.701272,10.746146,-1.7315271,2.3068483,5.48833,6.3144383,2.3631206,-1.0914254,-1.535451,2.0049274,10.080531,3.4049318,-2.1556056,-0.8306738,3.8219461,6.7206383,3.5715842,2.8267093,-0.763198,-1.2835921,3.1720598,8.416529,0.3602934,-0.09988078,-0.89450026,0.8255495,6.755416,-0.4967804,3.197731,9.815745,5.3279386,-3.05461,-0.5040952,-2.7247336,0.1891556,2.8506782,6.478779,-3.6423934,2.3397954
1453,1.3747609,3.20945,10.286213,-1.4025247,2.9297767,6.6142645,6.0209675,0.4364395,-1.1707847,-1.091836,1.5727082,10.303875,1.4289474,-2.946473,-0.57856506,3.703566,7.539735,3.2682283,1.7372249,-0.8404024,-0.8616109,2.9229777,8.54136,-0.4854572,0.3354218,-0.4547526,0.95451427,6.8504634,0.72451687,3.4532158,10.2965555,1.9266788,-4.2889376,1.0375926,-2.1321783,0.24341315,3.185359,6.026425,-3.086793,3.5345585
1454,2.9165924,4.0619407,9.569911,-1.1664716,3.3498533,7.720109,4.8242645,-1.3626482,-0.5766168,-0.73208815,1.3882822,10.290606,-0.4353131,-2.656973,-0.6079357,3.610478,8.191015,2.5678766,0.80278677,-0.63251746,-0.48889613,2.8663983,8.501413,-0.9888524,1.0363156,0.02073247,1.2298732,6.9897413,1.9490921,3.8871536,9.952405,-1.6578282,-3.7425494,1.7540624,-1.314633,0.46195152,3.5461512,5.617568,-2.3857422,4.2492323
1455,4.598543,5.081133,8.391357,-1.1880665,3.6237612,8.58589,2.780426,-2.472065,0.2582386,-0.32743406,1.4371566,10.135521,-1.7852861,-1.5167618,-0.67462516,3.4875515,8.655671,1.5706458,0.25058317,-0.271187,-0.12798315,2.982487,8.364143,-1.1612194,1.8124409,0.58772945,1.6408125,7.1982484,3.181138,4.3694487,8.694215,-4.4330354,-2.0135245,1.7633014,-0.55234677,0.74327725,3.9478815,5.2537565,-1.6921741,4.603829
1456,6.350085,5.964916,6.530123,-1.4136862,3.7499704,9.06812,0.3031531,-2.5851536,0.8403103,0.1990152,1.7228414,9.870145,-2.4305112,0.06876434,-0.44905806,3.4296267,8.895564,0.48171997,0.18645242,0.12356973,0.25867712,3.2522337,8.163644,-1.0882704,2.522851,1.2741164,2.18235,7.5038548,4.3545218,4.6042027,6.655749,-5.913713,-0.0035744577,1.8428506,0.027037913,1.0693512,4.3792834,4.924753,-1.0889083,4.7481174
1457,8.064553,6.223383,3.9686174,-1.5807645,3.6708045,9.131104,-1.9714737,-1.7166723,1.0503321,0.77681327,2.2363107,9.493406,-2.4354513,1.6444907,0.22021481,3.5899563,8.870355,-0.51429826,0.57993126,0.5186197,0.68477577,3.6596634,7.9092846,-0.8888277,3.0992584,2.086472,2.8636081,7.917742,5.269204,4.2319374,4.3187804,-6.2395873,1.401448,2.3914979,0.46154416,1.43867,4.83019,4.6061487,-0.6040957,4.81062
1458,9.545138,5.3053412,1.1985401,-1.4109278,3.4021654,8.856285,-3.4731948,-0.16385074,1.2191191,1.3221942,2.9348814,9.003578,-2.0477166,2.897033,1.2811729,4.025666,8.517005,-1.3176539,1.3042727,0.9707953,1.148806,4.183241,7.5896263,-0.67632574,3.536959,3.0347683,3.7149005,8.389256,5.575543,3.108264,2.394896,-5.8798375,1.8706678,3.2273881,0.8185364,1.8290039,5.2862005,4.2675586,-0.23104306,4.8813963
1459,10.514594,3.0362778,-0.8105762,-0.9722172,3.129748,8.400499,-3.9863675,1.5687723,1.7456201,1.8304297,3.739658,8.405304,-1.5493594,3.7432995,2.6129987,4.664218,7.733102,-1.8976419,2.17603,1.5743828,1.6506326,4.7854395,7.1729026,-0.5309664,3.866084,4.15151,4.775079,8.722931,4.9017005,1.5911657,1.4119414,-5.2558856,1.675198,4.040888,1.2096157,2.2207797,5.720875,3.8834474,0.057928592,5.011675
1460,10.72418,0.001337604,-1.236875,-0.62720746,3.0121522,7.9172616,-3.6922064,3.0125098,2.7314878,2.3241603,4.53726,7.6960545,-1.1307554,4.2586823,4.119502,5.3218856,6.409302,-2.2510977,2.9825037,2.3996506,2.200065,5.4017234,6.609676,-0.48425233,4.119139,5.4899817,6.0259748,8.487797,3.1716475,0.42663637,1.3065305,-4.57658,1.2478408,4.689894,1.7467002,2.6114635,6.0898395,3.4393346,0.3017883,5.2207203
1461,10.100664,-2.7270117,-0.023886325,-0.3536204,3.0466535,7.5049314,-2.9290018,3.966796,4.005653,2.8208458,5.194821,6.8639994,-0.8488027,4.5567536,5.7170854,5.6969767,4.521747,-2.3606298,3.519855,3.4484823,2.8234963,5.931016,5.844349,-0.5143528,4.3073645,7.08571,7.236653,7.0711317,0.9298763,0.13597296,1.567079,-3.905084,0.85126686,5.1726236,2.4799645,3.004553,6.330453,2.9367077,0.5423802,5.5059896
1462,8.794904,-4.3778386,2.0544693,0.4009063,3.2693532,7.1578193,-1.9964144,4.4873853,5.350728,3.3375382,5.5830812,5.9075246,-0.65620637,4.7222214,7.2715344,5.3983626,2.2785814,-2.189758,3.6690323,4.6412454,3.5656707,6.229647,4.8396277,-0.5523714,4.4184933,8.865211,7.773837,4.14665,-0.75967014,0.5001175,1.8333356,-3.291695,0.56008387,5.5312543,3.4054377,3.391055,6.368264,2.3992574,0.81522393,5.8517065
1463,7.0717554,-4.945446,3.910994,1.9996698,3.702421,6.7436523,-1.1165781,4.736568,6.6404886,3.8545687,5.5869627,4.8685684,-0.45752358,4.8136992,8.563952,4.1251163,0.21233812,-1.7743491,3.4905267,5.8571134,4.452416,6.108384,3.6184816,-0.50249296,4.44928,10.5444355,6.7332363,0.44315714,-1.0993072,0.87726605,2.0674143,-2.765307,0.37485838,5.806814,4.490983,3.7285957,6.1308284,1.8787047,1.1401641,6.2313633
1464,5.149955,-4.900385,4.84067,4.235738,4.1931353,6.0622063,-0.4029824,4.871441,7.836534,4.260981,5.124583,3.8650727,-0.16203724,4.8986917,9.342867,1.9611202,-0.9944556,-1.3128834,3.195471,7.015014,5.3924522,5.3533096,2.3270376,-0.2849918,4.4609194,11.675813,3.7535686,-2.3249412,-0.45614827,1.1034373,2.2731159,-2.3117502,0.28391364,6.0330234,5.679853,3.9218369,5.577395,1.4551595,1.5169729,6.6038156
1465,3.1414704,-4.653754,4.6972013,6.590873,4.553372,4.9661283,0.15589187,5.0135074,8.916099,4.340643,4.2168555,3.0818923,0.27858502,5.0653787,9.434012,-0.52805716,-0.9203384,-0.9810413,2.9530241,8.097217,6.0994296,3.8374271,1.2701803,0.09973383,4.585177,11.900802,-0.27042958,-2.8512022,0.015654847,1.3989153,2.4345388,-1.9208579,0.27145255,6.240251,6.8798285,3.8212755,4.750012,1.2224833,1.9341389,6.906356
1466,1.1080077,-4.311672,3.6555638,8.549079,4.7201724,3.473198,0.63611835,5.2645674,9.80635,3.8372815,3.0816092,2.679598,0.8695752,5.3821044,8.800681,-2.6151023,0.30471116,-0.6164062,2.8413794,9.078565,6.1526246,1.7327945,0.7918802,0.57166094,4.923848,11.135243,-3.7589793,-1.1307578,0.046201084,1.729379,2.5697243,-1.5928848,0.3203211,6.456925,7.9537215,3.2698514,3.8222513,1.2517198,2.390949,7.050839
1467,-0.8451557,-3.7216673,2.075816,9.762198,4.7596364,1.7573452,1.0851166,5.718725,10.358627,2.6026587,2.1303244,2.6752625,1.6095017,5.8390408,7.513151,-3.8767543,2.0428658,0.16876079,2.9805596,9.873231,5.191942,-0.39298335,0.97858936,1.1222368,5.4602222,9.534065,-5.6853466,1.7141078,0.55155504,2.0548887,2.679936,-1.3211007,0.41541493,6.7073417,8.727897,2.2067382,3.0817273,1.5545815,2.9077454,6.928144
1468,-2.5216181,-2.6846387,0.5163182,10.174369,4.7321267,0.0358227,1.4732411,6.432109,10.360562,0.75018275,1.7803372,2.9622102,2.4949827,6.31904,5.6882234,-4.3575497,3.5087266,1.5770806,3.5141351,10.309351,3.144769,-1.8278276,1.4661705,1.8783597,6.0993304,7.341313,-6.1724477,4.129433,2.1338334,2.3087666,2.6733382,-1.0925708,0.54131514,7.0060744,9.0325365,0.7646899,2.799592,2.1062462,3.4928756,6.423606
1469,-3.6940444,-1.2395273,-0.39650172,10.068218,4.5225425,-1.5133013,1.7009838,7.356716,9.59642,-1.3269267,2.1721947,3.520887,3.478991,6.5908036,3.4708083,-4.333018,4.1731567,3.4903347,4.5007663,10.0353155,0.36009094,-2.1014524,1.7219236,2.8515215,6.689606,4.728373,-5.967435,5.158192,4.376837,2.2275002,2.4591165,-0.8623782,0.6861325,7.350904,8.762192,-0.7544774,3.0492713,2.9313705,4.08441,5.448129
1470,-4.242357,0.22544992,-0.31271413,9.8656025,3.8519034,-2.7574885,1.6182336,8.29805,7.9916673,-3.1471465,2.9790974,4.533779,4.4611406,6.3138,1.0983082,-3.9979088,3.9016073,5.5815725,5.8313303,8.494803,-2.420015,-1.2207831,1.6666658,3.8189688,6.9998164,1.8241194,-5.572024,4.6865754,6.470172,1.7775657,2.1225197,-0.57066,0.8589886,7.7234488,7.9123707,-2.0493398,3.6217532,4.1165915,4.508045,3.9844453
1471,-4.217951,1.2245705,0.6301892,9.778236,2.4693565,-3.553474,1.0708259,8.970073,5.782063,-4.4120116,3.5076435,6.1121387,5.2674503,5.1205072,-1.0008237,-3.4137874,2.921723,7.4142137,7.0580444,5.278456,-4.3169665,0.106828645,1.7871044,4.638579,6.757846,-1.0978101,-4.942466,3.077932,7.8676033,1.3902749,1.8328583,-0.20923541,1.0943595,8.097927,6.555785,-2.9830778,4.122498,5.656047,4.469947,2.1557045
1472,-3.7896116,1.5448353,1.9561757,9.679979,0.38371703,-3.6361883,0.039371494,9.167965,3.4992666,-5.0830574,3.1498249,7.916319,5.615158,2.9095678,-2.2669432,-2.7129774,1.712568,8.615636,7.3972654,0.8479232,-4.7505107,0.72328836,2.3362408,5.374971,5.7241616,-3.5574424,-3.8025324,1.042658,8.465841,1.5776126,1.5603803,0.17667821,1.4275252,8.439073,4.7839613,-3.577364,4.1746426,7.2956953,3.6831229,0.3201386
1473,-3.1923723,1.3552685,3.1896675,9.297694,-1.9578154,-2.6648834,-1.1288966,8.965337,1.6634862,-5.2409673,1.8282262,9.253879,5.2979484,0.1838559,-2.3717418,-2.1474617,0.6884275,9.128553,6.325409,-3.3159513,-3.7179565,0.2569625,2.8850203,6.051772,3.8617702,-5.068588,-2.225668,-0.514619,8.49297,2.375567,1.1028792,0.5391106,1.8767265,8.684692,2.6861408,-3.8546586,3.579594,8.621559,2.1997128,-0.9697714
1474,-2.6362934,0.9867354,4.1024203,8.486461,-3.8227446,-0.6411492,-1.656162,8.729812,0.3988712,-4.967898,-0.011108382,9.651382,4.5000386,-2.2033749,-1.516134,-1.7814883,-0.021121537,9.1882925,4.135762,-5.8748255,-1.9078647,-0.41694263,3.088218,6.5563784,1.4795816,-5.4601893,-0.7979715,-1.0807931,8.283566,3.320186,0.36827084,0.8781171,2.4528546,8.732468,0.4008481,-3.6939561,2.398817,9.365058,0.60775685,-1.3309139
1475,-2.1601334,0.67670465,4.7071924,7.340416,-4.744243,1.75185,-0.80860704,8.728456,-0.6316286,-4.271867,-1.7970111,9.183328,3.6871557,-3.7673697,-0.21049444,-1.4183817,-0.41724467,9.081322,1.5864149,-6.635463,-0.38283572,-0.500792,3.1328502,6.7425537,-0.9244089,-4.8948245,-0.03880575,-0.87049395,8.070266,3.9232037,-0.53066856,1.2283766,3.1711254,8.444857,-1.8114657,-2.8651953,1.0112092,9.5882845,-0.35406178,-0.90515167
1476,-1.6931059,0.51855266,5.1143446,6.069161,-4.8400536,3.5842087,1.4408418,8.619676,-1.8753054,-2.9940495,-3.1096408,8.267303,3.1660428,-4.56751,1.1254857,-0.8689739,-0.4946747,8.99309,-0.7294449,-6.0971255,0.25099888,-0.080403075,3.2673488,6.543049,-2.9290767,-3.6294663,0.08403514,-0.401918,7.944151,3.9895887,-1.400951,1.5752884,4.0299845,7.6850977,-3.5983548,-1.3058935,0.08021023,9.555693,-0.42783487,-0.21440077
1477,-1.2187078,0.51415724,5.4246864,4.8240166,-4.5338907,4.389425,4.326463,7.6191225,-3.3619344,-0.97022194,-3.596368,7.41097,2.9041376,-4.8533473,2.2712753,-0.06855965,-0.2562722,8.965453,-2.514062,-4.692771,0.14797583,0.41761622,3.549703,5.9729404,-4.2995667,-1.9451154,0.0044176937,0.029431546,7.913449,3.5703068,-2.0973597,1.8255855,4.962793,6.3933005,-4.7117333,0.58659244,0.23949718,9.479202,-0.008355307,0.30976737
1478,-0.75958014,0.63451827,5.6932044,3.647427,-4.1618867,4.267238,6.84201,5.307262,-4.5424023,1.3908592,-2.8969278,7.0153637,2.626466,-4.8304,3.1064165,0.9706011,0.27535877,8.915716,-3.6228702,-2.7045588,-0.13826226,0.78732175,3.932568,5.100343,-5.002393,-0.19884227,0.14850861,0.4376221,7.9518456,2.78858,-2.5511715,1.8705437,5.8302875,4.658402,-5.180343,2.0881891,1.6084431,9.348122,0.21256357,0.61110085
1479,-0.305661,0.86244595,5.9345217,2.515448,-3.845742,3.5483782,8.397284,2.150694,-4.9160566,3.0594628,-1.0193626,7.0447187,1.9618332,-4.6224055,3.5227103,2.1971986,1.0693636,8.691459,-4.0216203,-0.4821037,-0.10785877,1.0934246,4.3466916,4.016114,-5.1692147,1.2437121,0.69569224,0.94454396,8.013604,1.7403412,-2.7243865,1.6609203,6.4902406,2.7081416,-5.205514,2.6477125,3.6476698,8.966414,-0.23446639,0.94704413
1480,0.20839293,1.1964728,6.1330028,1.3927037,-3.5465147,2.5361483,9.026654,-0.89592546,-4.432996,3.4023883,1.3448727,7.058816,0.6625117,-4.242089,3.4201868,3.5116017,2.091731,8.130948,-3.8474622,1.5435528,0.43515894,1.4505495,4.725404,2.7987845,-4.994611,2.143179,1.5972201,1.6300076,8.007061,0.50172704,-2.5600922,1.2435642,6.8823605,0.82492775,-4.9130583,2.1944962,5.5269995,8.187576,-1.2559749,1.589824
1481,0.9169006,1.6357511,6.240332,0.27346653,-3.1477742,1.4496232,9.111679,-3.061646,-3.2155347,2.8002062,3.3262665,6.702605,-1.1186523,-3.6039264,2.8117576,4.7474413,3.2897987,7.1024284,-3.3934479,3.0578558,1.4117577,1.8751156,4.982809,1.5128442,-4.6267266,2.4350097,2.6954815,2.5207102,7.766093,-0.81884855,-1.9887133,0.77218586,7.053744,-0.7399684,-4.275406,1.0935903,6.6564083,7.1276855,-2.3447917,2.5273101
1482,1.9523495,2.1617723,6.1662536,-0.7924531,-2.5300002,0.46899286,9.027996,-3.9885228,-1.4925164,2.1825874,4.60162,5.879622,-2.885497,-2.6466298,1.9550732,5.7268014,4.537423,5.531012,-2.9458272,3.9721243,2.6476967,2.312395,5.007482,0.24275512,-4.1221986,2.1991272,3.8070216,3.5984368,7.0649323,-2.054335,-1.0164098,0.4934489,7.1080055,-1.8310354,-3.2421522,-0.07947441,6.976929,6.0851774,-3.081341,3.4837286
1483,3.3259687,2.7140126,5.787545,-1.696422,-1.6497197,-0.2148392,8.971394,-3.6979938,0.28655654,2.2172291,5.375178,4.5770035,-4.176536,-1.4865799,1.2837533,6.390998,5.573733,3.451827,-2.6032631,4.3349624,3.9897718,2.6971304,4.700296,-0.88517,-3.4801545,1.6231714,4.7615786,4.7574787,5.698657,-3.0116305,0.15663551,0.66245466,7.104926,-2.4308236,-1.8853652,-0.82655275,6.830662,5.2459707,-3.3856568,4.1830244
1484,4.9131403,3.1759202,5.003288,-2.3080223,-0.6061365,-0.41721344,8.959837,-2.521086,1.6566942,2.9342787,5.82683,2.7988749,-4.7781353,-0.4588937,1.1033455,6.8514843,6.049124,1.0756892,-2.2523804,4.234728,5.297468,2.9690776,4.0264425,-1.7269704,-2.7175503,0.9597142,5.444995,5.7680573,3.6261268,-3.5318983,1.1363317,1.3685807,6.990074,-2.6513574,-0.40327975,-0.9116331,6.6154785,4.5684958,-3.390603,4.498896
1485,6.5193295,3.3881955,3.8254547,-2.545928,0.37827632,-0.05850239,8.936583,-0.96852267,2.4421225,3.9582846,5.8621774,0.6905504,-4.6737547,0.08133214,1.3613595,7.264746,5.687803,-1.2157971,-1.7422519,3.8377929,6.42671,3.0699625,3.0528655,-2.182702,-1.9164952,0.44215658,5.8489137,6.340427,1.0882109,-3.5107188,1.5565164,2.404126,6.6647468,-2.6554897,0.98392874,-0.33695647,6.549487,3.884478,-3.263002,4.427502
1486,7.94209,3.2134218,2.440275,-2.4289603,1.0951694,0.76137006,8.877765,0.4726866,2.766184,4.904637,5.3037567,-1.3736521,-3.9594574,0.063770905,1.7493752,7.6801467,4.436862,-2.9928873,-1.1132828,3.4178033,7.289549,2.9324732,1.9483004,-2.24599,-1.1916978,0.19440013,6.0676417,6.2733755,-1.4363706,-2.8988645,1.383716,3.3887796,6.144589,-2.554414,2.1197302,0.77876276,6.628204,3.002431,-3.1067226,4.0135474
1487,9.019338,2.6512074,1.1586039,-2.066957,1.4888318,1.827781,8.819759,1.5003679,2.844259,5.567372,4.1371017,-2.9360185,-2.858166,-0.22809862,2.0125413,8.025886,2.519315,-3.949005,-0.6358758,3.183312,7.8984222,2.4872704,0.94220775,-2.0018685,-0.6130054,0.21619977,6.2235804,5.54775,-3.453975,-1.7849754,0.9931745,4.0906672,5.564728,-2.3853855,2.932149,2.2702575,6.672336,1.7757608,-2.9128022,3.312133
1488,9.67803,1.9006723,0.24705873,-1.6016864,1.6550802,2.9516103,8.806482,2.0087605,2.8289428,5.903205,2.5699093,-3.7272906,-1.716439,-0.42962077,2.1287844,8.204082,0.36005056,-3.9717884,-0.549868,3.087855,8.314221,1.7372717,0.2553571,-1.5862267,-0.1698906,0.44496343,6.391103,4.2930975,-4.696786,-0.4929775,0.87631595,4.562508,5.0117993,-2.1716099,3.423664,3.932182,6.3901973,0.20361692,-2.558083,2.4182928
1489,9.965576,1.2446226,-0.22431457,-1.1349831,1.7326764,4.0400496,8.826682,2.0027018,2.7952304,5.962222,0.9142756,-3.768169,-0.8428615,-0.38104543,2.2186174,8.169412,-1.5778865,-3.104534,-0.7728857,2.9457414,8.584702,0.83379257,0.017400278,-1.1258719,0.19487725,0.8198961,6.572739,2.6955304,-5.1821656,0.52218074,1.2556194,4.961747,4.4396544,-1.9540591,3.64653,5.5262995,5.4827256,-1.4623791,-1.9162667,1.539033
1490,10.021426,0.82671374,-0.36413306,-0.70145524,1.8228925,5.0751295,8.789936,1.5312386,2.793783,5.8364415,-0.5653985,-3.2439988,-0.3364751,-0.13216363,2.3872669,7.929921,-2.9445636,-1.5499355,-0.9326495,2.7215972,8.734173,0.021195948,0.21581897,-0.6800286,0.53345466,1.3045223,6.712815,0.9361749,-5.06006,0.94071287,1.9823203,5.3661413,3.7402492,-1.7661138,3.6692564,6.8222547,3.8282857,-2.7674446,-1.0688026,0.9712688
1491,9.982525,0.5731259,-0.31092945,-0.2975071,1.9823598,6.0666366,8.538876,0.6827603,2.8846836,5.62309,-1.7276014,-2.3563263,-0.091824085,0.21204081,2.674375,7.5176797,-3.5982807,0.3089447,-0.67334664,2.5901167,8.771728,-0.5240545,0.720024,-0.23323075,0.87244135,1.8772016,6.71987,-0.8112371,-4.4349504,0.749467,2.7240705,5.7719207,2.8460376,-1.6025199,3.5547895,7.6636615,1.636281,-3.3100033,-0.34806913,0.8807896
1492,9.914537,0.3429739,-0.13102666,0.08907257,2.2434025,7.0170307,7.8836246,-0.39170754,3.1119924,5.401308,-2.5454977,-1.2693995,0.0802487,0.58981276,3.074895,6.9733014,-3.6236596,2.0330923,0.12048163,2.7320147,8.6869955,-0.7888508,1.362993,0.25729072,1.220538,2.5128345,6.4924226,-2.3589473,-3.3432574,0.2291048,3.2227628,6.1463614,1.7838018,-1.4151137,3.362399,8.019108,-0.613613,-2.9476933,-0.016318146,1.1331997
1493,9.833129,0.09077455,0.163751,0.47655177,2.6281424,7.8947735,6.6549993,-1.4768206,3.4386008,5.228908,-3.0572503,-0.114297606,0.3494589,0.9899845,3.5621705,6.336783,-3.249281,3.3295248,1.3559787,3.1844518,8.428123,-0.8794024,2.0170844,0.8216935,1.5811568,3.169266,5.9535303,-3.5232518,-1.879595,-0.1962665,3.453211,6.4370656,0.66074723,-1.1343515,3.1635034,7.973324,-2.4175503,-1.799065,0.04382893,1.4810961
1494,9.732136,-0.14736134,0.55960315,0.8952852,3.1546,8.608311,4.772972,-2.32745,3.7098424,5.1425505,-3.3095095,1.0012133,0.8236433,1.4243282,4.0951424,5.6353245,-2.7182357,4.1276484,2.876042,3.8641076,7.8879833,-0.92034376,2.6178029,1.4756651,1.958898,3.782245,5.0860634,-4.19824,-0.2999278,-0.1818854,3.5880468,6.5730906,-0.39728707,-0.7074014,3.0498924,7.660367,-3.478534,-0.18523176,0.21135205,1.8523601
1495,9.573211,-0.36075765,1.0281782,1.3877866,3.8362007,8.985117,2.3204808,-2.7079592,3.7197466,5.141975,-3.316752,1.9880909,1.544255,1.9056911,4.6144414,4.8757873,-2.1983109,4.506563,4.5465174,4.6167035,6.92361,-0.97729266,3.1384265,2.232228,2.3573794,4.26716,3.9463952,-4.4089613,1.0497047,0.38131258,3.8173738,6.474395,-1.3032756,-0.13583852,3.118486,7.188807,-3.7930174,1.468351,0.78335,2.3498552
1496,9.263499,-0.599717,1.5472468,2.0086274,4.6672664,8.773754,-0.39849782,-2.4335465,3.3921597,5.1799097,-3.060178,2.776309,2.4909317,2.4396353,5.036183,4.050869,-1.7587851,4.5908155,6.254419,5.205014,5.427005,-1.0182407,3.549041,3.098389,2.7700994,4.525626,2.6500745,-4.2721257,1.9099671,1.3782351,4.215041,6.050392,-2.0211706,0.507711,3.435405,6.607537,-3.5825765,2.8100996,1.8197585,3.0677476
1497,8.635729,-0.9224,2.1021166,2.8271806,5.5844274,7.6993594,-2.8834243,-1.505347,2.9513125,5.19355,-2.5427952,3.3294709,3.5917108,3.0191998,5.251842,3.1602876,-1.3896902,4.4949484,7.8668013,5.298619,3.4620333,-0.931276,3.8101728,4.0520067,3.168479,4.4613085,1.3494204,-3.909822,2.2125733,2.5825372,4.737252,5.2084904,-2.543339,1.0904402,3.9975362,5.920316,-3.143699,3.6857207,3.2289658,3.994785
1498,7.4602666,-1.3238653,2.6457274,3.9110715,6.4001803,5.594787,-4.625537,-0.3281379,2.8083549,5.150439,-1.8582584,3.66826,4.753631,3.6087778,5.141351,2.2408106,-1.0391382,4.3210645,9.213199,4.5815525,1.3944111,-0.63556015,3.9347866,5.0279856,3.4877155,4.0139027,0.2151069,-3.407839,2.0648355,3.7639627,5.2668843,3.8976061,-2.858346,1.455937,4.7145925,5.126737,-2.711833,4.1109896,4.887123,5.001741
1499,5.5428905,-1.6889833,3.0492754,5.252003,6.7423987,2.5895524,-5.333987,0.36708182,3.1088252,5.061299,-1.1670026,3.8662138,5.9027634,4.1146603,4.608085,1.3898641,-0.65841925,4.1747937,10.125905,2.9866583,-0.18122242,-0.22168702,4.033621,5.949562,3.6113255,3.2099545,-0.59308004,-2.8335474,1.6719153,4.758249,5.6411467,2.1735938,-2.9187992,1.4865285,5.4319177,4.2652264,-2.396783,4.1696725,6.66166,5.8076515
1500,2.9517221,-1.8075644,3.1421938,6.6534257,6.139236,-0.7130849,-4.9643044,0.12918383,3.5095844,5.0146894,-0.5686417,4.010792,6.990453,4.36668,3.6440313,0.75507694,-0.23869266,4.158953,10.50406,0.8442201,-0.7607531,0.11315281,4.2150893,6.766553,3.384316,2.2049654,-0.9798272,-2.2554944,1.242748,5.5004296,5.689875,0.24438553,-2.6387239,1.1864151,5.998692,3.4287145,-2.197203,3.9455233,8.367903,5.9717937
1501,0.23822488,-1.5322994,2.9111354,7.767551,4.388703,-3.3278012,-3.7582185,-0.7023624,3.606429,5.156813,-0.027763223,4.172223,7.9566164,4.1519656,2.4057229,0.46571365,0.19526686,4.336778,10.333812,-1.2585868,-0.2152944,0.37487942,4.490172,7.426638,2.6929274,1.2713498,-0.9697136,-1.7235669,0.91790164,6.0145664,5.303889,-1.5653598,-1.9650393,0.74184704,6.35166,2.7195923,-2.0630987,3.5169537,9.766171,5.0872765
1502,-1.7391273,-1.0205095,2.605468,8.377288,1.8696073,-4.4994264,-2.355703,-1.3920631,3.3811026,5.524952,0.56393456,4.3984146,8.693022,3.320922,1.2258425,0.5330303,0.6392109,4.7085342,9.663512,-2.8085525,1.1441175,0.89788234,4.8701687,7.806172,1.5607026,0.70747364,-0.7034344,-1.2437668,0.7550411,6.368801,4.486885,-2.9488895,-0.99252176,0.4649004,6.5437527,2.1644897,-1.9509575,2.9696043,10.66582,3.1713617
1503,-2.3986654,-0.64248663,2.4495943,8.526408,-0.7107548,-4.172234,-1.3948975,-1.6165233,3.0357912,6.0299973,1.305329,4.7145944,9.04068,1.9202207,0.49017388,0.82205033,1.1351409,5.2312126,8.571963,-3.6324525,2.7075915,2.0502417,5.419355,7.673205,0.17420526,0.7068775,-0.3394459,-0.7951511,0.7599597,6.6277995,3.3409688,-3.7566004,0.012365047,0.6041981,6.6718025,1.6789967,-1.832641,2.3864913,11.048067,0.82098496
1504,-1.7622278,-0.49761572,2.4302104,8.353706,-2.7434514,-2.7404504,-0.9617673,-1.5070292,2.7032337,6.59269,2.2621832,5.1023064,8.821187,0.24321817,0.431786,1.1783246,1.7209982,5.838845,7.131332,-3.907218,3.8783197,3.906607,6.090223,6.712181,-1.1513616,1.2412035,0.06827211,-0.36607528,0.919323,6.8250513,2.0065222,-4.011185,0.7473343,1.1817864,6.775541,1.1271601,-1.6699343,1.8325648,11.060791,-1.1371486
1505,-0.3274327,-0.29692572,2.512671,7.9771605,-3.9019454,-0.7241289,-0.68616664,-1.220097,2.444779,7.1881866,3.4589465,5.448299,7.900296,-1.2753735,0.98261327,1.601253,2.3959148,6.428431,5.3791647,-3.9302857,4.3144727,6.198735,6.5578976,4.690248,-2.0439677,2.0022523,0.5772594,0.03227492,1.2120981,6.955849,0.6169964,-3.8058524,1.0486788,2.0050766,6.820171,0.4226649,-1.3967391,1.3654069,10.899847,-2.120293
1506,1.2178283,0.21770354,2.7524989,7.4610486,-4.186154,1.3435175,-0.20650308,-0.8212729,2.3170722,7.8239555,4.8306794,5.4870424,6.3005075,-2.2644582,1.7837813,2.2298017,3.155441,6.8316507,3.3382392,-3.8684108,3.9287515,8.412574,6.2837477,1.8256387,-2.236076,2.5498054,1.2126956,0.38111556,1.6054329,6.9854183,-0.7050335,-3.21195,0.964241,2.8173747,6.754702,-0.40415663,-0.94082034,1.0670252,10.702571,-2.0109894
1507,2.334807,1.0009279,3.15801,6.8187556,-3.8393972,3.049849,0.5716354,-0.39570376,2.3581884,8.5257845,6.1413097,4.829561,4.3497024,-2.579872,2.404233,3.141781,4.0057807,6.799513,1.1026798,-3.6521108,2.8294537,9.9824295,4.963309,-1.0172015,-1.8051887,2.7009401,1.879521,0.69116026,2.0579724,6.868396,-1.8368661,-2.2787285,0.71311074,3.4576373,6.5577803,-1.2232156,-0.27894476,1.0595045,10.521379,-1.1113507
1508,2.845709,1.8467388,3.654928,6.054209,-3.175647,4.2222323,1.5268248,-0.05335061,2.5515177,9.314234,6.9440136,3.2187302,2.7125654,-2.3361511,2.6527145,4.2470593,4.9033074,6.042396,-1.046797,-3.0762446,1.3644981,10.658039,2.9979725,-2.8924344,-1.2095433,2.6547124,2.4848123,1.0077803,2.5345614,6.5702553,-2.670074,-1.0970511,0.57879955,3.9267614,6.2291446,-1.8938938,0.5211659,1.4689198,10.360646,0.05260901
1509,2.886057,2.6219194,4.1628428,5.1854725,-2.4421482,4.9054627,2.484141,0.15011357,2.8400798,10.151147,6.702425,0.9337706,2.044208,-1.7745346,2.6604726,5.389978,5.661863,4.382421,-2.6471546,-2.1078105,0.08586774,10.69747,1.1584579,-3.5259578,-0.86161584,2.6190207,3.0352216,1.3689737,3.006183,6.0799785,-3.1510804,0.16168052,0.7865815,4.3285127,5.752299,-2.3493786,1.3145491,2.351331,10.210967,0.9520674
1510,2.7364383,3.3305414,4.6236796,4.2325535,-1.772215,5.2444353,3.3234723,0.2345429,3.1662176,10.895632,5.1181455,-1.180429,2.381738,-0.9966452,2.6641734,6.4567027,5.928245,1.9866682,-3.3013823,-1.0927393,-0.5802015,10.541593,-0.12732646,-3.221206,-0.7888666,2.6154525,3.581769,1.792139,3.4358652,5.412164,-3.3054812,1.286316,1.4252448,4.747822,5.070906,-2.610003,1.9372417,3.6419241,10.0286,1.2177283
1511,2.6797009,4.054132,4.970784,3.203623,-1.2013124,5.385791,3.9993,0.25584644,3.4923697,11.33314,2.4363484,-2.3109846,3.029233,0.053059295,2.8248012,7.355749,5.330687,-0.5419209,-2.9795544,-0.43586096,-0.64608145,10.411874,-0.8425252,-2.3822749,-0.7919676,2.6190348,4.1580777,2.284039,3.769218,4.601495,-3.2162654,2.1101058,2.4427283,5.1673303,4.100264,-2.729317,2.259374,5.1579494,9.6893015,0.72821426
1512,2.8805156,4.898694,5.091381,2.1026156,-0.70557845,5.4418554,4.5132294,0.26593152,3.8020468,11.279526,-0.6102597,-2.1671493,3.3002717,1.2775974,3.2245688,7.9597363,3.7376256,-2.4280012,-2.0841546,-0.14584568,-0.3952609,10.312745,-1.0810518,-1.3346708,-0.6912042,2.648577,4.770323,2.8329763,3.93318,3.698701,-2.9738593,2.5647175,3.6890702,5.4597726,2.781103,-2.7222047,2.2117574,6.6366773,9.008669,-0.35966048
1513,3.2711847,5.9531345,4.818822,0.95775145,-0.24737911,5.4960713,4.883358,0.2950881,4.092363,10.682018,-3.1851947,-0.9301699,3.2447302,2.4300897,3.8960989,8.078476,1.4090616,-3.1577928,-1.2238765,0.04226025,-0.01682951,10.210083,-0.940912,-0.3315727,-0.4159726,2.7457738,5.411173,3.3881364,3.8453898,2.777413,-2.638815,2.680838,4.9701414,5.4343853,1.1683234,-2.530381,1.8155255,7.8097897,7.8710938,-1.680336
1514,3.5513163,7.185356,3.9937217,-0.1286478,0.17193465,5.6135454,5.130222,0.3487201,4.3634706,9.642655,-4.7692304,0.86320126,3.4809394,3.4052947,4.741504,7.474483,-1.0716166,-2.6851482,-0.7709043,0.27948183,0.45861372,10.092945,-0.5666182,0.46184972,0.009662603,2.943502,6.069141,3.845005,3.4433937,1.9449188,-2.2393465,2.5605493,6.1030087,4.923621,-0.5047346,-2.0731816,1.2269803,8.526462,6.3443446,-2.864439
1515,3.3818,8.36827,2.6315687,-0.94297916,0.48221081,5.8275137,5.280823,0.41098732,4.610816,8.352656,-5.3692346,2.4830852,4.46629,4.2741838,5.4344163,5.9998426,-3.0222983,-1.4027061,-0.589363,0.56283504,1.0449939,9.963259,-0.14502868,0.9973302,0.52547485,3.2632306,6.7229714,4.0496235,2.7358646,1.3307569,-1.7927936,2.3412557,6.9694023,3.8872962,-1.8872402,-1.3737755,0.72005576,8.840966,4.6067963,-3.7201157
1516,2.6001947,9.219336,1.0923635,-1.2468625,0.6163967,6.111918,5.376182,0.45723885,4.8255525,6.991932,-5.361222,3.3857338,6.12295,5.097051,5.4767127,3.8591454,-3.9966948,-0.0015797034,-0.30553824,0.87773854,1.7469648,9.8201,0.15037568,1.3307095,1.0891899,3.725156,7.3231583,3.8316443,1.8515047,1.0335579,-1.3191949,2.1540048,7.539456,2.457255,-2.692644,-0.6234175,0.5353546,8.937609,2.780483,-4.197096
1517,1.2837416,9.620141,-0.01299185,-0.9980123,0.65035266,6.4074097,5.4529986,0.4699537,5.00086,5.667761,-5.1542034,3.4171836,8.030058,5.775618,4.4319415,1.7140977,-4.0343475,0.94446355,0.23217075,1.2206016,2.5513492,9.641774,0.20640644,1.5742826,1.6983268,4.3487983,7.7657976,3.0719473,1.0366869,1.0520706,-0.830509,2.089066,7.843798,0.87568563,-2.8234875,-0.058198545,0.7184208,8.953269,0.91668135,-4.2187266
1518,-0.25517133,9.639533,-0.20860408,-0.47359675,0.7667459,6.6960354,5.501357,0.44149747,5.1371646,4.4153495,-4.9911814,2.6847315,9.695211,6.014991,2.2938142,0.38616756,-3.5647728,1.3628786,0.91423124,1.6025939,3.430154,9.37162,-0.009545079,1.843255,2.3901777,5.1378155,7.8691263,1.790307,0.5704237,1.2744628,-0.3227228,2.187365,7.9218082,-0.60703796,-2.3389695,0.23540613,1.1350023,8.898373,-0.8682926,-3.6124952
1519,-1.4772314,9.423942,0.50123763,-0.096326716,1.0344416,7.009114,5.461086,0.3662536,5.2437735,3.232323,-4.9320865,1.3841995,10.70429,5.566847,-0.28557283,0.3060521,-2.9960997,1.5239284,1.6216465,2.0680983,4.354218,8.912687,-0.45560512,2.2089384,3.2376776,6.048053,7.37622,0.20696941,0.6215501,1.5743973,0.2052093,2.4517415,7.790976,-1.7983935,-1.3795447,0.37946987,1.6317904,8.719735,-2.3180501,-2.2604532
1520,-1.7927836,9.154052,1.6181029,-0.11658513,1.3529452,7.3753505,5.2723904,0.24092688,5.3379755,2.1155517,-4.9062366,-0.25911802,10.85986,4.627244,-2.415072,1.2090994,-2.3475637,1.6727668,2.3247414,2.6711042,5.2849207,8.133655,-1.0397875,2.6604342,4.332753,6.932443,6.0212946,-1.2817044,1.110855,1.9348369,0.7389634,2.8570776,7.4494257,-2.5938904,-0.1436805,0.60280406,2.1575851,8.379709,-3.1617258,-0.3539023
1521,-0.9237572,8.991951,2.4463093,-0.49012476,1.6017325,7.7968106,4.9133363,0.0731278,5.440959,1.0850319,-4.774101,-1.9899433,10.22803,3.7601056,-3.69245,2.4559371,-1.3959903,1.9007894,3.031202,3.448532,6.135363,6.8946934,-1.6440723,3.0815167,5.7225623,7.4680758,3.6965451,-2.232237,1.6807808,2.428813,1.271945,3.3520496,6.8947763,-2.9893816,1.1282171,1.0984263,2.745888,7.8674073,-3.3335893,1.5954306
1522,0.9352562,8.931642,2.4178655,-0.971682,1.7148876,8.24733,4.4009914,-0.11307598,5.5701294,0.19119461,-4.3960085,-3.533969,9.015746,3.3819067,-4.2628193,3.5599937,-0.03537072,2.183298,3.7368429,4.4022474,6.7232313,5.109685,-2.1308947,3.2711687,7.2892857,7.1595273,0.7049088,-2.34118,1.9274404,3.0527422,1.8369976,3.8624928,6.136975,-3.0646267,2.2113328,1.9457968,3.4216452,7.1657257,-3.031885,3.097386
1523,3.3152628,8.696848,1.2938957,-1.2111052,1.6608236,8.6690235,3.7911386,-0.27976885,5.7304726,-0.49428746,-3.7043853,-4.647343,7.4573245,3.5157325,-4.374373,4.3314266,1.6539146,2.4703531,4.4142113,5.467137,6.754049,2.8625383,-2.337729,3.0541756,8.691363,5.6280804,-2.1267526,-1.678311,1.8169639,3.6824305,2.5019171,4.302603,5.194039,-2.9342496,2.9597192,3.1111064,4.138266,6.225129,-2.5581467,3.9703827
1524,5.709932,7.7938514,-0.6606221,-0.8831455,1.5173752,8.990947,3.1655314,-0.38751924,5.9107757,-0.9023554,-2.7505221,-5.195867,5.797013,3.951612,-4.1387763,4.7499323,3.5011055,2.7613838,5.0225153,6.4633346,5.910184,0.53421277,-2.1319418,2.4661148,9.5691395,3.0951931,-3.8708003,-0.81803405,1.7014601,4.243768,3.2963815,4.5732474,4.0883937,-2.6920917,3.3259962,4.4792275,4.7699704,4.974467,-2.1231556,4.296351
1525,7.671168,5.81374,-2.657808,-0.020254659,1.5912234,9.189071,2.5461793,-0.40995994,6.0886254,-0.9972839,-1.6907841,-5.2052,4.260473,4.4768844,-3.5786853,4.8708296,5.326272,3.1165366,5.508156,7.0850058,4.103508,-1.251853,-1.5832384,1.8090539,9.871255,0.35692748,-4.1461577,-0.39734077,1.7756205,4.7878337,4.1564,4.546164,2.8756914,-2.3795526,3.3453925,5.884273,5.130726,3.3871684,-1.7680571,4.2407928
1526,8.891744,2.8758037,-3.832208,0.77016866,2.1645057,9.286678,1.8120557,-0.32921216,6.239656,-0.80037576,-0.71527374,-4.8278365,2.987941,4.9739285,-2.7224872,4.802902,6.9979076,3.6047902,5.7780204,7.008638,1.7283655,-2.0042784,-1.0079538,1.3884387,9.820793,-1.8220556,-3.1476126,-0.46144825,1.9050473,5.3925934,4.9648185,4.080073,1.6899576,-1.9968711,3.119413,7.145846,5.019746,1.5813565,-1.4123219,3.972425
1527,9.309017,-0.32399693,-3.7549226,0.8679476,3.0186203,9.27758,0.831786,-0.118953995,6.349043,-0.39561602,0.032525424,-4.253828,2.0090709,5.4040537,-1.6220368,4.691057,8.455735,4.2042174,5.666037,6.124078,-0.45547065,-1.7373916,-0.6345362,1.2535089,9.623643,-3.0436585,-1.3423175,-0.5372567,1.9990258,6.0742674,5.5772953,3.0924988,0.7477094,-1.550369,2.79952,8.125507,4.3108296,-0.14307012,-0.98629,3.6751926
1528,9.077762,-2.968766,-2.455534,0.43864322,3.667093,9.1464205,-0.31402278,0.24031237,6.4309564,0.08898837,0.49884117,-3.633298,1.2824436,5.763046,-0.31991687,4.6893797,9.677851,4.6952424,4.976833,4.7257214,-1.8336927,-0.9155028,-0.37267977,1.3158908,9.375541,-3.2438393,0.6714889,-0.20030344,2.154932,6.7869167,5.7952065,1.6624045,0.2757864,-1.0809661,2.541746,8.772857,3.042497,-1.4173402,-0.54833704,3.514353
1529,8.427613,-4.5565634,-0.35144648,0.28352636,4.0347695,8.867182,-1.3991156,0.72540784,6.538169,0.5216645,0.7141805,-3.045917,0.7504512,6.0531664,1.1800668,4.9417086,10.602919,4.6441708,3.7063289,3.4203951,-2.317396,-0.039810084,-0.042388175,1.5379031,9.117535,-2.629865,2.3538244,0.6011096,2.4833975,7.4603367,5.3956914,0.08280528,0.37382087,-0.6153991,2.4496005,9.109719,1.4269145,-1.9809979,-0.2444572,3.538196
1530,7.578233,-5.0556664,1.8266864,1.0111274,4.4373975,8.320583,-2.2981064,1.2591935,6.7357044,0.80572003,0.758189,-2.512137,0.3710137,6.274636,2.919621,5.5588045,11.024726,3.615831,2.3006647,2.6910079,-2.2072062,0.6685105,0.41583353,1.9266081,8.871557,-1.5699743,3.4469478,1.6587441,3.01225,7.982979,4.253205,-1.2283428,0.8949089,-0.09903589,2.567797,9.169404,-0.2292768,-1.7595894,-0.12531513,3.671704
1531,6.7049384,-4.7916126,3.431416,2.6308424,5.036875,7.274378,-3.0299575,1.709137,7.058557,0.9017326,0.7233807,-2.0223858,0.12406407,6.4283614,4.9639335,6.53376,10.491222,1.6043434,1.4983404,2.5259378,-1.8188238,1.2127964,0.9824719,2.4850392,8.650108,-0.43439037,3.9911206,2.7644722,3.7248333,8.167625,2.4572248,-1.9243566,1.4883767,0.5546735,2.9140387,8.952057,-1.6333312,-0.8522741,-0.03445146,3.8456447
1532,5.880152,-4.18655,4.23247,4.765938,5.614295,5.4734797,-3.5941763,1.8759786,7.4804025,0.849429,0.6881823,-1.5620517,0.0045260694,6.5246434,7.3261566,7.51185,8.389066,-0.67242664,1.6470385,2.647024,-1.3481102,1.6425698,1.634792,3.2047668,8.447755,0.5068146,4.175071,3.835977,4.562978,7.762679,0.34070614,-1.8782228,1.8498758,1.3440404,3.482428,8.419299,-2.6027937,0.4835043,0.30421922,4.0783677
1533,5.048129,-3.5639122,4.345625,6.9494896,5.676386,2.9112766,-3.841396,1.5370247,7.8963194,0.79746115,0.68605083,-1.1229832,0.010898763,6.5954027,9.807219,7.509455,4.607204,-2.0947545,2.211746,2.9483266,-0.9074952,1.9964155,2.368971,4.071437,8.220339,1.1024202,4.2020726,4.8865905,5.369548,6.5396676,-1.599126,-1.2328418,1.9681617,2.178003,4.222311,7.520513,-3.1199453,1.883123,1.1016214,4.4004974
1534,4.0705523,-3.0817714,3.9913125,8.763797,4.730388,0.15399358,-3.5687966,0.65768206,8.155738,0.9742327,0.66783166,-0.70448416,0.13616984,6.7019644,11.83722,5.2890024,0.5628024,-2.157759,2.4204984,3.3699985,-0.5044663,2.3028762,3.1974547,5.0606885,7.8639593,1.3024192,4.229419,5.945587,5.8453326,4.4733777,-2.8849804,-0.39317688,2.077096,2.995154,5.0196557,6.2265677,-3.301447,2.9977317,2.385243,4.739923
1535,2.824342,-2.7336156,3.3493476,9.937384,2.7602417,-1.8043499,-2.8427317,-0.41395319,8.173214,1.5140479,0.5105648,-0.30848005,0.36832935,6.9192576,12.626989,0.9263117,-1.2990935,-1.6687354,2.3048675,3.782397,-0.07624088,2.5805116,4.1338387,6.114925,7.20861,1.1474668,4.3458567,6.994711,5.598496,1.9222366,-3.279093,0.16618377,2.3452117,3.8239503,5.6926036,4.5494423,-3.2850072,3.6017556,3.9916184,4.9048853
1536,1.3361281,-2.3973095,2.5566723,10.450172,0.44751424,-2.3075693,-2.0571313,-1.2229717,7.9838557,2.2991846,0.117182605,0.075178616,0.7037771,7.2904744,11.724465,-3.5011075,0.08017658,-1.32341,2.2280612,4.1708975,0.40812525,2.851485,5.179068,7.0989113,6.051568,0.7761132,4.5590553,7.9283037,4.3385463,-0.39556614,-2.9057066,0.27243027,2.7124507,4.7235427,6.013226,2.5650537,-3.1210318,3.6214762,5.6228933,4.675663
1537,-0.14358711,-1.9514614,1.7669094,10.513124,-1.3042526,-1.502401,-1.4710126,-1.6113857,7.6696634,3.065309,-0.4903939,0.47762012,1.1648387,7.7867365,9.373626,-6.0297265,3.2231662,-0.2591462,2.3780658,4.531604,0.9306876,3.1495137,6.3109965,7.750988,4.2632017,0.4248736,4.8111944,8.549017,2.1478734,-1.7280545,-2.2087853,0.14719054,3.0515685,5.689401,5.74877,0.46580246,-2.7618892,3.1433187,6.9580936,3.9556165
1538,-1.2679778,-1.39528,1.1565996,10.388946,-1.988288,-0.046268824,-1.0087252,-1.6445717,7.3151727,3.603808,-1.1879803,0.9217963,1.803169,8.297489,6.1848593,-6.691547,5.6360483,2.1619122,2.6335084,4.7395763,1.4601238,3.518752,7.4632483,7.684368,1.960651,0.35495222,5.062321,8.638919,-0.41908658,-1.6975408,-1.6429795,0.0646464,3.330332,6.612742,4.735324,-1.4020929,-2.176283,2.424555,7.817258,2.8686562
1539,-1.828862,-0.8384595,0.8468474,10.2357855,-1.642882,1.3679863,-0.5586944,-1.4235299,7.0062485,3.8287408,-1.8345317,1.378497,2.6705823,8.620403,2.6059294,-6.5095115,5.9895988,5.169274,2.660068,4.6457167,2.0292249,4.0182986,8.485931,6.516809,-0.3824609,0.64050287,5.385555,8.079798,-2.6246917,-0.47010583,-1.2555592,0.124872304,3.591941,7.3248377,2.9965162,-2.6274068,-1.4997684,1.7939686,8.247997,1.6685839
1540,-1.8304751,-0.38210672,0.84437567,10.1036215,-0.645528,2.2959177,-0.15002945,-1.0502598,6.8018045,3.7438786,-2.342059,1.7613137,3.755939,8.440348,-1.0875794,-5.8979464,4.3528333,7.609266,2.6724868,4.277914,2.6932745,4.717042,9.101498,4.1352005,-2.0873504,0.9660765,5.8694787,6.9151583,-4.01956,1.3514225,-0.7161322,0.34228545,3.8991017,7.663774,0.8142879,-2.9283624,-0.99290615,1.4300905,8.417953,0.5688974
1541,-1.3977066,-0.038438372,1.0777471,10.009002,0.5378219,2.5986037,0.15094598,-0.6069395,6.714299,3.3923037,-2.6889772,1.9693708,4.930071,7.4038754,-4.4032583,-4.5137377,1.6804724,8.850402,3.3397462,3.700648,3.3872113,5.633912,8.910847,0.9433571,-2.6117685,0.8717891,6.3787165,5.3694415,-4.6099777,3.0400372,0.24886778,0.6864247,4.293396,7.51489,-1.3528513,-2.2744958,-0.76306784,1.2845716,8.461528,-0.29843792
1542,-0.693511,0.2597155,1.4746668,9.970615,1.5105251,2.3607388,0.35882694,-0.13366728,6.723854,2.8211806,-2.8885636,1.9404182,5.972613,5.391095,-6.6148543,-2.2636511,-0.43467236,8.998108,4.797062,2.8703027,3.954896,6.652231,7.5441875,-2.1523087,-1.8546505,0.4117021,6.6798596,3.8013747,-4.6480227,4.11288,1.6138779,1.0786583,4.7424746,6.8404393,-3.0625577,-0.90457135,-0.60658395,1.2707832,8.444404,-0.85286236
1543,0.11773689,0.6015615,2.0046594,9.991434,2.0029228,1.7973408,0.55893594,0.36737922,6.7954617,2.0697675,-2.9471447,1.6763294,6.698532,2.7366595,-7.4051285,-0.0722816,-0.87573516,8.688245,6.3205814,1.8438573,4.3297296,7.521049,4.9681454,-4.2141705,-0.4169437,0.23429173,6.802361,2.4240854,-4.394726,4.461072,3.1586332,1.4872943,5.1415577,5.7070956,-4.0772195,0.7171572,-0.19982009,1.4166317,8.386007,-1.0842425
1544,0.9031854,1.051311,2.6741471,10.026517,1.8818562,1.1923602,0.82217914,0.91937625,6.8810706,1.1751326,-2.8382933,1.2357668,7.071671,0.03389791,-7.0797205,0.98702955,0.0030544407,8.502415,7.1573944,0.77892494,4.572581,7.9819255,1.6481955,-4.8610573,0.6415025,0.7211705,6.8895254,1.1474978,-4.003255,4.197755,4.6593075,1.9806386,5.365335,4.267766,-4.428885,2.0808764,0.6187471,1.7927355,8.267552,-1.0743918
1545,1.5891201,1.6437398,3.502565,9.957064,1.1571964,0.8356651,1.1543717,1.5498146,6.9140835,0.18721579,-2.5047095,0.7183049,7.195666,-2.2138255,-5.993844,0.786327,1.1097153,8.655145,7.0640554,-0.23031838,4.7499843,7.9085813,-1.6660903,-4.216694,0.745799,1.5098792,6.923843,-0.16234885,-3.486659,3.5005593,5.966965,2.662706,5.2768745,2.6996634,-4.3075213,2.863818,1.7805662,2.4154918,8.027617,-0.9615248
1546,2.1608014,2.4070358,4.496088,9.577705,-0.012112848,0.93625903,1.5428296,2.2596557,6.8085427,-0.81405526,-1.8907976,0.26062852,7.2198825,-3.7061176,-4.298775,0.012470868,1.7283858,9.072656,6.169339,-1.1401324,4.873303,7.3559504,-4.2876043,-2.554796,0.2972956,2.0970922,6.854082,-1.438735,-2.769016,2.602802,6.9949985,3.55461,4.707156,1.185667,-3.903843,3.015173,3.0964015,3.2590244,7.5601673,-0.8813402
1547,2.6317325,3.3791826,5.608223,8.613106,-1.3405137,1.5180705,2.0563347,3.0135105,6.4676256,-1.7162042,-0.99977785,0.03453841,7.2439985,-4.325981,-2.1938133,-0.53051776,1.8508147,9.532805,4.7379622,-1.870168,4.914781,6.5169797,-5.8502464,-0.33659866,0.16094732,2.4548836,6.6671467,-2.4928577,-1.7948244,1.8214437,7.718695,4.481395,3.5130718,-0.03575284,-3.3608224,2.6932757,4.374539,4.2730393,6.7254214,-0.9199606
1548,2.9946775,4.591764,6.6726575,6.794663,-2.4888415,2.3300478,2.8541193,3.7531404,5.791544,-2.4040098,0.054452524,0.21015501,7.2646084,-4.1450357,-0.06321837,-0.4466374,1.8635427,9.857557,3.0177734,-2.3004224,4.83944,5.61565,-6.402499,1.7645106,0.87922966,2.8429024,6.3014874,-3.2050738,-0.6285801,1.4843018,8.205329,5.0623064,1.7551892,-0.6692714,-2.805122,2.1506553,5.48436,5.3373585,5.3871546,-1.0722321
1549,3.1910572,6.0044475,7.330865,4.0361342,-3.1526628,2.8855631,4.0090013,4.388434,4.69103,-2.8023183,1.0514086,0.86705333,7.1923842,-3.4229455,1.7069948,0.20642108,2.0896828,9.9788475,1.1751997,-2.325603,4.6380773,4.8002443,-6.2614217,3.1885693,2.4071858,3.3490481,5.624281,-3.5741282,0.5261665,1.7857643,8.585194,4.871632,-0.17107865,-0.53857917,-2.313067,1.6140057,6.369695,6.2185216,3.4985433,-1.2138174
1550,3.170687,7.4275064,7.0722904,0.69595844,-3.1199343,2.7772138,5.306013,4.797462,3.1518927,-2.8899312,1.7505091,1.9119147,6.938339,-2.5188444,2.943997,1.1989434,2.62553,9.825589,-0.6604274,-1.88548,4.365414,4.1021633,-5.7766905,3.7435873,4.3424897,3.8191931,4.5065656,-3.6573312,1.4042288,2.6961048,8.908033,3.658872,-1.6754538,0.17705007,-1.8310733,1.2242926,7.0334606,6.6169157,1.2161729,-1.1384945
1551,3.0423186,8.570062,5.5332837,-2.3338919,-2.415063,2.1161218,6.363748,4.884277,1.325965,-2.6827812,2.0211952,3.1028154,6.499556,-1.7264346,3.7035418,2.3683558,3.42001,9.24282,-2.3324223,-1.0099589,4.1649103,3.4605436,-5.2066784,3.5463321,6.2240114,4.0276,2.9563265,-3.512002,1.8036371,3.9679782,9.010397,1.5051858,-2.289531,0.97483236,-1.2576567,1.0474036,7.520726,6.2983236,-1.0737864,-0.70159614
1552,3.09781,9.226773,2.8573577,-4.0947876,-1.5129621,1.4548113,7.02374,4.5854907,-0.48644793,-2.2169187,1.9248363,4.188847,5.964077,-1.1662856,4.1409893,3.66372,4.3317685,8.027704,-3.6675467,0.09372441,4.217242,2.770698,-4.7044125,2.82894,7.710503,3.8232229,1.1996707,-3.1711307,1.6932551,5.2285585,8.590314,-1.1043961,-1.8705577,1.442331,-0.6120371,1.0915482,7.889759,5.208529,-2.9208922,-0.008057671
1553,3.5335815,9.312794,-0.327104,-4.1582694,-1.0469961,1.0869719,7.4067216,3.861257,-1.9687349,-1.5693152,1.6793375,5.0435953,5.4367104,-0.8179404,4.39519,5.069777,5.096951,6.049251,-4.5355353,1.0197006,4.5909386,1.9358491,-4.3168526,1.7966627,8.643029,3.2370398,-0.40041417,-2.6640298,1.2394814,6.163123,7.487255,-3.4389935,-0.65770376,1.647284,-0.0032736561,1.3343256,8.166372,3.480941,-4.0418787,0.5622498
1554,4.1719174,8.775172,-3.1923616,-2.6657116,-1.0703467,0.8649198,7.643851,2.78937,-2.912182,-0.89242154,1.5223936,5.684601,4.96122,-0.61525875,4.5516095,6.5178604,5.303474,3.4328425,-4.8611603,1.3342677,5.1317563,0.9547514,-3.9677677,0.59946907,9.027573,2.5039175,-1.5626425,-2.0497134,0.71171385,6.6853595,5.8548007,-4.971305,0.7776693,1.985962,0.51255614,1.7424678,8.315612,1.3669385,-4.3575096,0.62577426
1555,4.615076,7.7327943,-5.038945,-0.2290955,-0.97242075,0.73597044,7.7860117,1.5654666,-3.266098,-0.36148182,1.5712026,6.19556,4.505237,-0.50428796,4.6538906,7.8381867,4.519505,0.7335566,-4.6200924,0.8860468,5.5722947,0.012834681,-3.4997258,-0.60398704,8.978276,1.9227633,-2.2457438,-1.400428,0.3334437,6.9162526,4.003116,-5.658557,1.8096257,2.6873417,0.9490525,2.2618756,8.248159,-0.8081359,-3.8510926,0.14347047
1556,4.691731,6.5439463,-5.677551,2.2367392,-0.208767,0.8673854,7.8558908,0.35525262,-3.0892768,-0.06613225,1.79443,6.6460414,4.002756,-0.44909748,4.722808,8.788925,2.6360297,-1.1652108,-3.960913,-0.027167138,5.781418,-0.60160977,-2.8244715,-1.6034034,8.661438,1.654376,-2.5980048,-0.7621738,0.21402486,7.0207977,2.1613925,-5.735456,2.087161,3.6256068,1.374783,2.8183913,7.8655124,-2.6659648,-2.5502126,-0.48998743
1557,4.611422,5.491089,-5.438981,4.031378,1.2396227,1.311919,7.8222075,-0.7567812,-2.4661434,0.03499509,2.0951867,7.063156,3.402351,-0.41802818,4.7703505,9.173036,0.13956742,-1.5799503,-3.2411904,-0.91572475,5.823298,-0.72939175,-2.0284908,-2.2197883,8.244759,1.6524403,-2.7922602,-0.15516672,0.37880972,7.0900564,0.42776102,-5.382565,1.6127428,4.5095015,1.9377229,3.3417451,7.1180673,-3.886015,-0.7056462,-0.70931023
1558,4.6534767,4.571393,-4.799162,4.9520297,3.0745873,1.9588212,7.554196,-1.6941321,-1.4909558,0.08717349,2.4090836,7.4368258,2.6878166,-0.37350008,4.8101616,8.962926,-2.1145084,-0.50161654,-2.6752942,-1.4819742,5.789224,-0.42112777,-1.2990856,-2.4180462,7.8487897,1.7618717,-2.923236,0.39984408,0.8141848,7.1162367,-1.14764,-4.612431,0.65044075,5.093863,2.8061202,3.7639143,6.0219736,-4.3759427,1.16596,-0.16886954
1559,4.8487678,3.6135612,-4.105648,5.120602,4.994235,2.6735537,6.8781867,-2.3640196,-0.31881776,0.27282724,2.7485514,7.7293487,1.8709798,-0.27154437,4.8635263,8.311842,-3.4787273,1.4657902,-2.1166615,-1.6463046,5.721006,0.151932,-0.7872492,-2.300839,7.5277214,1.8444898,-3.0111527,0.86830395,1.4808296,7.0167594,-2.483031,-3.3656914,-0.37022495,5.27928,4.0218277,3.9835763,4.641387,-4.294334,2.5516596,1.0839666
1560,4.999709,2.4562833,-3.5087428,4.7376976,6.7890725,3.318095,5.681793,-2.7066538,0.8156029,0.7251544,3.1780958,7.876916,0.9744338,-0.07027819,4.959882,7.4452934,-3.8398747,3.5380094,-1.3517091,-1.4523414,5.660996,0.7932016,-0.5404752,-2.015929,7.2876406,1.8316716,-3.0459747,1.209948,2.306937,6.686171,-3.4606473,-1.6940445,-0.98161983,5.1540146,5.411314,3.857812,3.1027699,-3.8897321,3.2186327,2.7215707
1561,4.876359,1.0785776,-2.9946842,3.983813,8.300445,3.7213218,4.0055375,-2.7267897,1.672906,1.4685526,3.756002,7.781368,0.025163477,0.25380704,5.1344204,6.541855,-3.4816532,5.1774926,-0.3694603,-1.050517,5.654295,1.350044,-0.5201677,-1.6807578,7.115386,1.7152189,-3.017957,1.3973264,3.190436,6.0646157,-4.0026875,0.1360341,-0.8717937,4.9616885,6.6684504,3.2530668,1.6431915,-3.350291,3.2445753,4.351608
1562,4.349118,-0.3482718,-2.4754326,3.0449548,9.402062,3.72072,2.089226,-2.4779713,2.1259112,2.423917,4.4927135,7.3049116,-0.93545634,0.6805178,5.422623,5.6868,-2.7794197,6.2312126,0.6873467,-0.61401457,5.711017,1.7435162,-0.6529177,-1.3629153,6.995686,1.5199926,-2.9256945,1.4298334,4.0239406,5.182572,-4.1455355,1.7455288,-0.0059178253,4.9591312,7.509069,2.1340568,0.5969875,-2.78151,2.8858297,5.6904216
1563,3.426021,-1.5407579,-1.9007566,2.1430933,10.055691,3.2538176,0.30954635,-2.0462852,2.2199106,3.4655664,5.327069,6.291621,-1.8348976,1.1154915,5.8435507,4.8959703,-2.0153062,6.799791,1.6730613,-0.24199575,5.807771,1.9538311,-0.8655322,-1.0936829,6.91595,1.2829632,-2.773214,1.334777,4.728455,4.1448913,-4.019549,2.8478756,1.4389611,5.2797456,7.7078853,0.64891917,0.25915086,-2.2351687,2.4250655,6.6357017
1564,2.2289822,-2.260874,-1.3190581,1.4786876,10.3464155,2.3986285,-0.98629314,-1.5474247,2.1230834,4.4863987,6.0986376,4.635724,-2.5502706,1.3809899,6.367142,4.1743503,-1.3391619,7.0585933,2.5147612,0.04754408,5.914285,1.9932083,-1.0964526,-0.8850081,6.866039,1.0427425,-2.5668144,1.1578429,5.271666,3.0749686,-3.761236,3.346654,3.2133913,5.8907146,7.049466,-0.86522424,0.6886288,-1.685732,2.0712883,7.227254
1565,0.9316177,-2.412399,-0.8306268,1.1355653,10.417037,1.3325776,-1.6173906,-1.0969149,2.0072615,5.429261,6.543263,2.3975756,-2.8947692,1.2833961,6.8886223,3.5788572,-0.7921747,7.1579213,3.2052202,0.27361196,6.007807,1.8882617,-1.2969571,-0.7388904,6.837359,0.83511937,-2.315346,0.9503911,5.6629114,2.0701702,-3.4502397,3.2974548,5.062258,6.5739155,5.371167,-2.0048852,1.5891788,-1.0193123,1.9404737,7.5505466
1566,-0.30099565,-2.0262282,-0.48456526,1.0714389,10.375228,0.26968113,-1.5846586,-0.7490769,1.9659185,6.2716384,6.3667307,-0.09235392,-2.664006,0.79121083,7.265451,3.2342143,-0.34899575,7.19736,3.7649958,0.45669994,6.0736246,1.6733657,-1.4305553,-0.64991945,6.8225174,0.6899859,-2.0324914,0.7588081,5.9350295,1.1901503,-3.1029255,2.8407643,6.7261047,6.9254284,2.7664032,-2.4785743,2.4257035,-0.15087207,2.0705552,7.658136
1567,-1.3397493,-1.2103003,-0.22483157,1.2033187,10.267712,-0.5923419,-1.0181427,-0.46197,2.0255773,6.9900613,5.3916,-2.285492,-1.8149273,0.19318646,7.4315515,3.240542,0.034445684,7.2313056,4.213183,0.60570854,6.1028414,1.3892362,-1.4730892,-0.60445696,6.8156667,0.6275349,-1.7380232,0.6174188,6.126023,0.46655765,-2.6984782,2.1624434,7.9772687,6.5141997,-0.22623253,-2.230498,2.808267,0.8500249,2.4421778,7.541275
1568,-2.1046534,-0.12739667,0.07885476,1.490099,10.103377,-1.1277257,-0.12298234,-0.13208461,2.1999247,7.538722,3.6767645,-3.6911232,-0.6618928,-0.054170854,7.4655604,3.5422552,0.3901139,7.279562,4.557301,0.7189855,6.092381,1.081514,-1.4139149,-0.5798328,6.8132668,0.6540087,-1.4559194,0.54491735,6.267224,-0.08362317,-2.2121825,1.4633313,8.720621,5.1929913,-2.7921987,-1.5057412,2.8016727,1.8324925,3.0113308,7.1489134
1569,-2.5771887,1.01815,0.5596314,1.9454131,9.870244,-1.3277829,0.8781156,0.3335434,2.5132399,7.84545,1.5019257,-4.126585,0.25177163,0.2503944,7.5018954,3.9441319,0.73030835,7.3402944,4.795018,0.7910978,6.046379,0.7966311,-1.2572459,-0.5461577,6.8148265,0.758777,-1.2093365,0.54429245,6.3791585,-0.45100582,-1.6416593,0.9178319,9.04295,3.2253413,-4.3421316,-0.7902465,2.7359161,2.736483,3.7053795,6.423981
1570,-2.7885568,2.0157492,1.2989825,2.598956,9.531083,-1.298614,1.8118055,0.97842675,2.9821906,7.809204,-0.74973226,-3.6670587,0.5954405,0.8940533,7.6259875,4.2638097,1.0481895,7.404933,4.921007,0.8196189,5.976302,0.5751985,-1.0217693,-0.47170064,6.8230767,0.9147046,-1.0144594,0.60605973,6.473367,-0.63423425,-1.016546,0.6380823,9.122265,1.0663022,-4.751452,-0.5032757,2.764926,3.6174862,4.4007254,5.3323274
1571,-2.782963,2.6963964,2.306448,3.458194,9.006687,-1.2050583,2.5959256,1.8128208,3.5854197,7.307444,-2.6973586,-2.4941454,0.5114881,1.5439845,7.8723574,4.4307275,1.3226899,7.467273,4.9353585,0.8086589,5.8982506,0.44558436,-0.737021,-0.3303327,6.843087,1.0825741,-0.87595135,0.71372074,6.556971,-0.6436824,-0.3893038,0.66460454,9.09014,-0.8852984,-4.152709,-0.68628824,2.7824092,4.544537,4.93863,3.8855438
1572,-2.5847943,2.9747982,3.5182643,4.487831,8.160942,-1.1920859,3.2244086,2.8440602,4.2332387,6.236532,-4.051922,-0.92179114,0.44869545,2.0775487,8.233428,4.452386,1.5289005,7.5243726,4.849741,0.7687641,5.8282213,0.4205589,-0.43684837,-0.10779153,6.880245,1.2185228,-0.78564817,0.8495618,6.636629,-0.5031532,0.18508272,0.97794276,8.9726925,-2.3494718,-2.7514203,-1.0088114,2.6811957,5.506523,5.1541553,2.1704028
1573,-2.2001352,2.883912,4.809814,5.5831513,6.815899,-1.3142878,3.7036855,4.0730987,4.737381,4.58363,-4.7073116,0.56343395,0.7767213,2.605497,8.657161,4.3205285,1.652811,7.5765877,4.6879597,0.7140838,5.777726,0.4979684,-0.15213451,0.19600613,6.9375257,1.2822989,-0.7242676,0.999169,6.7199783,-0.24698631,0.6681327,1.5165131,8.72648,-3.1672308,-0.8632368,-1.0464032,2.5357523,6.407425,4.8967924,0.38437012
1574,-1.6682106,2.583722,6.0374103,6.52349,4.837534,-1.4895507,3.9873195,5.4396777,4.8121743,2.5084302,-4.7429104,1.4905123,1.541636,3.296362,9.055472,3.9585886,1.7068596,7.6320443,4.479013,0.6577775,5.7519712,0.6644733,0.0946841,0.5690659,7.0128765,1.2443728,-0.66477466,1.1543121,6.814703,0.08617148,1.0466053,2.1961286,8.312972,-3.3408291,1.0800542,-0.56702864,2.523572,7.1439962,4.0672245,-1.1727512
1575,-1.117796,2.2899506,7.1024175,6.9602375,2.2983496,-1.5104114,3.9949868,6.7561173,4.1836762,0.40225798,-4.3314047,1.6787255,2.5246222,4.2740345,9.290863,3.2407184,1.7438416,7.7114286,4.2423987,0.6076462,5.751094,0.9007022,0.2918898,0.99210584,7.0975866,1.0909786,-0.5762928,1.3150576,6.9266667,0.45938295,1.3294884,2.9312062,7.7455263,-3.0373034,2.698698,0.40078473,2.7557726,7.633499,2.6797009,-2.1889927
1576,-0.7202394,2.1339097,7.9752483,6.5332203,-0.39823917,-1.1814696,3.7676883,7.7529716,2.8149683,-1.182242,-3.6908631,1.313766,3.4551713,5.5907693,9.139947,2.0639448,1.85299,7.849963,3.9692588,0.56467164,5.773077,1.1862816,0.43763348,1.4436451,7.1763053,0.82688326,-0.42847976,1.4920876,7.058495,0.84002376,1.5383011,3.6525168,7.0809507,-2.496403,3.8251312,1.6991645,3.2295682,7.757843,0.91448134,-2.4556777
1577,-0.5247891,2.1057026,8.645799,5.094947,-2.635153,-0.57134575,3.5653234,8.266676,1.0101541,-1.805721,-3.055086,0.7544279,4.165307,7.156223,8.278414,0.47236305,2.0943449,8.099192,3.6140785,0.52533555,5.8163495,1.5035206,0.53705746,1.9037453,7.229059,0.47550693,-0.196994,1.70903,7.209119,1.1978521,1.697416,4.3151402,6.3823686,-1.9177619,4.4949455,3.1816406,3.8600748,7.3391294,-0.88916796,-1.9467723
1578,-0.36835665,2.1645613,9.077267,2.8506331,-3.9144824,-0.092037395,3.6142557,8.320615,-0.7773694,-1.3792881,-2.5471663,0.28041083,4.612562,8.683543,6.389739,-1.217547,2.349836,8.506794,3.1286426,0.48760152,5.8805423,1.8388873,0.5987816,2.355942,7.2351274,0.07547272,0.12978834,2.002842,7.373583,1.499644,1.8283293,4.896875,5.692449,-1.411841,4.837047,4.7508097,4.4680834,6.216223,-2.330609,-0.8786154
1579,-0.021868715,2.3481996,9.216496,0.27545226,-4.0327153,-0.1256576,3.791366,8.0404415,-2.155979,-0.14626068,-2.092186,0.026426483,4.851341,9.770716,3.4526598,-2.439408,2.2577238,9.02534,2.5638165,0.46057525,5.964644,2.1813304,0.6320273,2.7877853,7.177856,-0.3271113,0.5444273,2.4192991,7.541164,1.7031535,1.9483519,5.39264,5.0286975,-1.0122805,4.983847,6.3142605,4.7443852,4.410361,-3.11839,0.304921
1580,0.58817637,2.7298164,9.002727,-2.0793922,-3.0039592,-0.558495,3.8148665,7.619394,-2.8739338,1.4613937,-1.5128735,0.032719247,5.009668,10.092357,-0.012956318,-2.588733,1.5698056,9.448614,2.154338,0.46008116,6.064374,2.518529,0.6452815,3.1907516,7.0487475,-0.689579,1.017966,3.0018659,7.6893992,1.7544352,2.0725653,5.8097286,4.3909984,-0.70813143,5.0361342,7.7298,4.3150268,2.2850444,-3.2103345,1.161577
1581,1.3616376,3.3303137,8.36435,-3.7631097,-1.0886,-0.81748027,3.6825695,7.234594,-2.8860683,3.0031974,-0.70945793,0.2603633,5.2254624,9.546522,-3.092913,-1.3697851,0.7627371,9.613241,2.131305,0.47447395,6.171846,2.8392265,0.64613813,3.5599818,6.8490047,-0.9832982,1.5046071,3.7756953,7.773132,1.5934815,2.2172348,6.165419,3.7700346,-0.47031125,5.0618186,8.801585,2.9801624,0.51081383,-2.8267775,1.5525624
1582,2.179561,4.0926557,7.2521605,-4.6023073,1.1142042,-0.3688848,3.6610584,6.916999,-2.3610008,4.1949053,0.26251924,0.6150324,5.551125,8.255143,-5.0542564,0.7573518,0.9102983,9.622778,2.3040516,0.47299823,6.278821,3.1420474,0.64087737,3.8936107,6.587796,-1.1994069,1.9530797,4.7318892,7.712123,1.1726587,2.4006698,6.485801,3.151661,-0.26701248,5.1048603,9.348634,0.96996844,-0.264516,-2.3057609,1.651003
1583,2.99649,4.8881516,5.6800756,-4.7623754,2.8972554,0.9004527,3.9094656,6.568145,-1.5764097,4.96075,1.2668015,1.0160257,5.9288363,6.46182,-5.8544097,2.6524646,2.5777326,9.565009,2.0391884,0.48303252,6.387071,3.4296405,0.6333801,4.191688,6.2783237,-1.3473506,2.3197093,5.8178835,7.3876514,0.48773432,2.6334498,6.8033113,2.5187511,-0.070602916,5.19282,9.299775,-1.0997176,0.18846574,-1.810651,1.6880673
1584,3.812019,5.5293303,3.7281284,-4.554801,3.8181832,2.7245014,4.3499074,6.0413675,-0.7788485,5.374452,2.2006848,1.4333524,6.2454085,4.4027314,-5.9689045,3.3683522,5.186889,9.161568,0.8091274,0.6296756,6.520684,3.6806831,0.6240676,4.455529,5.933771,-1.4479035,2.5771587,6.938612,6.663912,-0.39034656,2.8911133,7.1493044,1.8574301,0.14083828,5.3411717,8.731877,-2.6168501,1.555336,-1.1754166,1.8037697
1585,4.6125855,5.7910085,1.5459945,-4.174185,3.7981997,4.6805344,4.841948,5.2049894,-0.10520028,5.5698423,3.0385158,1.862266,6.3810167,2.2462502,-5.7978263,2.696476,7.555503,8.050226,-1.21864,0.99540794,6.749904,3.8319561,0.6072967,4.688019,5.564903,-1.5248258,2.7162018,7.971943,5.443923,-1.3060277,3.0819983,7.537805,1.1765759,0.38446182,5.5566807,7.817495,-3.3401184,3.1988912,-0.14376739,2.0403996
1586,5.323281,5.4658585,-0.6047643,-3.6246848,3.0342994,6.3609962,5.3099236,4.0018344,0.415287,5.682629,3.8037312,2.2783566,6.2272325,0.15391937,-5.3658504,1.0156924,8.785251,6.3529406,-3.2614882,1.3500452,7.1704206,3.8298311,0.56469506,4.893523,5.1808376,-1.5985533,2.742155,8.79894,3.7443671,-2.0447958,3.0562313,7.94509,0.5399895,0.6714999,5.8400826,6.7298045,-3.4210768,4.5521946,1.3299552,2.3565955
1587,5.7976737,4.4782653,-2.3526886,-2.8670344,1.930806,7.50657,5.7022896,2.4841862,0.8234782,5.827246,4.52091,2.6066248,5.7169094,-1.6352326,-4.473524,-0.9725716,8.770806,4.678207,-4.718186,1.2718813,7.7300663,3.7292113,0.47337154,5.07585,4.792209,-1.68294,2.6693332,9.341377,1.7467891,-2.3780775,2.7017322,8.308346,0.082918644,0.9991344,6.1830254,5.577674,-3.1665816,5.3612933,3.08042,2.6918387
1588,5.8668275,2.9906065,-3.374047,-2.0033796,0.95371115,8.101792,5.9017034,0.80950826,1.1828758,6.094458,5.1778283,2.7178063,4.888482,-2.852275,-3.0592813,-2.5221417,8.0577,3.4512274,-5.5608435,0.59442484,8.16462,3.7162464,0.33183706,5.236338,4.410744,-1.7845448,2.5157762,9.590148,-0.21567626,-2.1199656,2.096812,8.563211,-0.03874092,1.3416475,6.555859,4.401357,-2.823255,5.6382103,4.901343,3.013921
1589,5.410054,1.3777741,-3.5985363,-1.2492793,0.37559703,8.326765,5.7440557,-0.80650586,1.510901,6.5517173,5.7061276,2.466318,3.935818,-3.3720446,-1.3847926,-3.1836007,7.313945,2.5975313,-6.011748,-0.5245213,8.179684,4.0018306,0.16279776,5.3763494,4.044553,-1.9038185,2.2985353,9.60824,-1.7511013,-1.2269362,1.5796635,8.694514,0.22573501,1.6605277,6.8987427,3.2090318,-2.5038028,5.499345,6.6398277,3.2789354
1590,4.429996,0.056387354,-3.2352495,-0.72604424,0.18992211,8.391536,5.1287265,-2.1749234,1.7165338,7.2124195,5.9904833,1.7741252,3.1631193,-3.2934566,0.16674572,-2.9365983,6.9192495,1.823393,-6.2162323,-1.8192325,7.568269,4.6810536,0.023649132,5.503032,3.6918914,-2.0375733,2.029271,9.503524,-2.557424,0.095083505,1.5872458,8.738668,0.7224868,1.9314586,7.138448,2.0175607,-2.2080855,5.069752,8.181505,3.37977
1591,3.1195993,-0.7113608,-2.6120358,-0.3832166,0.26977396,8.425697,4.0661354,-3.1917577,1.6217858,7.973126,5.923926,0.7225641,2.8371253,-2.81179,1.3722727,-2.0138803,6.8946524,0.8853879,-6.1420975,-3.0308118,6.2275763,5.673058,0.068788,5.6229057,3.32397,-2.179356,1.7103668,9.383673,-2.5419805,1.4421493,2.3369913,8.714959,1.1384857,2.1561513,7.227023,0.87224454,-1.876099,4.4769826,9.421476,3.1726754
1592,1.8376801,-0.9146686,-1.9832213,-0.11149091,0.5183588,8.470864,2.6427054,-3.8042033,1.0758057,8.601626,5.5153375,-0.4386912,3.0300558,-2.0444698,2.2080162,-0.6910887,7.03914,-0.31329122,-5.601561,-3.9272592,4.229589,6.7492294,0.58674854,5.6935434,2.8542893,-2.3084931,1.3326904,9.3163595,-1.8161536,2.4581058,3.6659303,8.559451,1.1717614,2.3569503,7.1695313,-0.16039892,-1.44248,3.8752759,10.284121,2.5795822
1593,0.9499743,-0.7372269,-1.4408373,0.1562628,0.89389116,8.50627,0.9951918,-3.9226882,0.08867336,8.8454275,4.966101,-1.42629,3.5834074,-0.99641246,2.7379346,0.7799671,7.0664625,-1.6674777,-4.390334,-4.3506293,1.9128048,7.593554,1.8618464,5.5325294,2.1407506,-2.3621006,0.88092065,9.31044,-0.5795364,3.028065,5.1756816,8.135753,0.7033156,2.570922,7.01932,-1.0195913,-0.87798464,3.4431596,10.761794,1.6639658
1594,0.663517,-0.39827353,-0.966919,0.43958315,1.3806132,8.469322,-0.67223626,-3.397319,-1.0844393,8.600498,4.5647154,-2.0886295,4.2379494,0.34131247,3.039252,2.161224,6.7238474,-2.8820937,-2.5185623,-4.286264,-0.1885141,7.881233,3.8405664,4.7974424,1.1241108,-2.2276144,0.36303264,9.319651,0.99196655,3.246698,6.4774575,7.305599,-0.13533825,2.821388,6.8481836,-1.6756157,-0.20689799,3.341899,10.902269,0.5922639
1595,0.9913024,-0.01694738,-0.52770036,0.7406516,1.9653878,8.278941,-2.0881023,-2.1474495,-1.9790165,8.012995,4.4456577,-2.425431,4.7938514,1.9109344,3.1868052,3.2425458,5.922425,-3.6434093,-0.32139552,-3.854571,-1.6178324,7.44773,5.9468894,3.2327707,0.082835115,-1.8454839,-0.13661648,9.272305,2.7697797,3.2693613,7.3197613,6.025395,-1.0407147,3.0673342,6.714878,-2.1288283,0.5024271,3.6640012,10.741531,-0.46759802
1596,1.8101448,0.42108804,-0.11717708,1.0625578,2.628202,7.870384,-3.0061984,-0.35750324,-2.1297407,7.417195,4.4864855,-2.5053527,5.156358,3.5970905,3.2367744,3.8841832,4.79145,-3.8322403,1.7282913,-3.215214,-2.23547,6.468371,7.4714704,1.0805609,-0.40882748,-1.3405973,-0.4721744,9.1244955,4.624829,3.1962328,7.595395,4.4197955,-1.7109078,3.2047784,6.644561,-2.385912,1.1634454,4.4012475,10.252041,-1.4065986
1597,2.9133701,1.0112095,0.23863839,1.4087297,3.3402925,7.225549,-3.3507857,1.521552,-1.3277225,7.0986037,4.42272,-2.425476,5.2990136,5.270348,3.199613,4.0434365,3.5911677,-3.5540469,3.3132734,-2.4867682,-2.207425,5.3578234,8.16215,-0.95438516,-0.0028788422,-0.87430394,-0.55894226,8.895416,6.3970737,3.0214415,7.319789,2.764055,-1.9890933,3.155762,6.6253643,-2.445144,1.7011912,5.440947,9.35746,-2.173678
1598,4.040166,1.8421174,0.48408726,1.772062,4.0654325,6.372806,-3.257512,3.0360513,0.3078785,7.0771914,3.977756,-2.2874722,5.2221565,6.816321,3.0367131,3.7784605,2.5713685,-3.0036888,4.374531,-1.7366674,-1.8174257,4.4614077,8.241192,-2.2683377,1.1176912,-0.40451255,-0.40341747,8.661552,7.9099383,2.6397967,6.639686,1.3724339,-1.8944243,2.9513302,6.629022,-2.3093243,2.0795238,6.5952787,7.998361,-2.7526817
1599,4.9164233,2.914633,0.5530328,2.1294053,4.7643924,5.3590784,-2.957338,3.9670742,2.4537213,7.101728,2.936002,-2.1281211,4.928146,8.139581,2.7026134,3.2399445,1.8794075,-2.3413603,5.019208,-1.0055676,-1.3039124,3.9075155,8.03006,-2.702412,2.4813712,0.21431485,-0.033408422,8.532003,8.979942,1.9260682,5.85231,0.46073335,-1.5582528,2.7100422,6.636607,-2.006757,2.3150885,7.6623282,6.1923385,-3.1419551
1600,5.3210793,4.109555,0.4240201,2.4547088,5.4017406,4.2244163,-2.6319296,4.330584,4.721616,6.7663097,1.2737564,-1.8718842,4.438937,9.159631,2.2135465,2.6327646,1.5375019,-1.6504033,5.394702,-0.32558706,-0.80500466,3.6685607,7.7413764,-2.4334476,3.6792123,1.0268464,0.5163345,8.602482,9.42634,0.86874855,5.336002,0.07756198,-1.1249179,2.5485344,6.644233,-1.5911217,2.4650352,8.48744,4.0465918,-3.3300102
1601,5.160592,5.2341895,0.18139677,2.740513,5.94707,2.997614,-2.3506124,4.2514687,6.7319703,5.676931,-0.67214555,-1.4249955,3.868466,9.83415,1.6678808,2.1360986,1.4763399,-0.95152,5.618846,0.27317584,-0.37470466,3.6621094,7.4819837,-1.7450802,4.5222507,1.9652725,1.214126,8.896812,9.098935,-0.34805652,5.348219,0.16449095,-0.691421,2.5250297,6.6545634,-1.1215141,2.5957227,8.985859,1.7373545,-3.261429
1602,4.53671,6.121317,0.008875382,2.999169,6.3642793,1.710059,-2.0811973,3.878486,8.185405,3.7256546,-2.253474,-0.8907987,3.424678,10.199313,1.16489,1.8377539,1.6009088,-0.23699258,5.7648745,0.7620866,-0.017193383,3.809534,7.3024535,-0.88504267,5.0123577,2.948495,2.0624795,9.331073,7.912205,-1.4235966,5.8353777,0.6625494,-0.32425538,2.638844,6.672293,-0.64405346,2.7554617,9.127649,-0.50558466,-2.8264294
1603,3.778385,6.7079825,0.079445824,3.2430227,6.6004715,0.41900674,-1.7335985,3.3740897,8.965111,1.2827767,-2.8907864,-0.5657806,3.207162,10.3566,0.73325515,1.7444457,1.8426769,0.5032689,5.869246,1.1164191,0.2860458,4.0561495,7.2252207,-0.020468548,5.244334,3.9503493,3.090876,9.691628,5.8803124,-2.1118364,6.452687,1.5073432,-0.09701074,2.846121,6.7084856,-0.18395203,2.9635305,8.917686,-2.4179769,-1.9334095
1604,3.350378,7.037188,0.41400453,3.4715145,6.5971665,-0.77786154,-1.2231692,2.9256651,9.165579,-0.9955499,-2.4019074,-0.55106115,3.0952697,10.409368,0.3902002,1.8238091,2.1725388,1.2726812,5.939365,1.3185734,0.56052125,4.3728757,7.2542067,0.7533311,5.330881,5.0017033,4.2918687,9.605995,3.1748078,-2.2997243,6.803907,2.5344288,-0.06703509,3.0824044,6.786872,0.25495124,3.2117379,8.390563,-3.7730646,-0.6558076
1605,3.6035137,7.181917,0.8398386,3.671908,6.328135,-1.7625219,-0.54049885,2.7238312,8.977795,-2.5794375,-1.0170089,-0.54692966,2.9980571,10.416799,0.18830946,2.0169013,2.5879908,2.0682163,5.95538,1.3611658,0.8313505,4.752159,7.3778777,1.3892256,5.37155,6.1478724,5.509392,8.575121,0.23188765,-2.0048811,6.723484,3.4836726,-0.20480223,3.2990644,6.9396267,0.6823935,3.4702556,7.6108704,-4.493867,0.70280915
1606,4.552949,7.1631646,1.0916953,3.8296738,5.8362894,-2.4507058,0.21967013,2.898055,8.541944,-3.3094568,0.768946,-0.1616688,3.0360432,10.378694,0.13152038,2.2530131,3.0950048,2.880795,5.8696556,1.2510632,1.1196504,5.20337,7.5709586,1.8681585,5.4451838,7.379753,6.3141513,6.24927,-2.2137067,-1.48655,6.373643,4.1654634,-0.39756522,3.481398,7.1902156,1.1060672,3.6928537,6.6623745,-4.693793,1.7593992
1607,5.9035964,6.9455266,0.9731633,3.9533234,5.232395,-2.8373451,0.90780497,3.4539115,7.9054427,-3.3685322,2.4370155,0.7629931,3.3814433,10.2402935,0.10913649,2.491236,3.7014387,3.6889486,5.6095963,1.0157168,1.4384351,5.7480245,7.7955794,2.184452,5.601231,8.553308,6.0376754,2.979411,-3.4459915,-1.2598296,5.978046,4.6087236,-0.54843414,3.6326742,7.5416737,1.51711,3.8227267,5.6299253,-4.5858335,2.2756505
1608,7.2613378,6.4954467,0.46843866,4.0851808,4.647205,-2.9924018,1.4070022,4.273771,7.078799,-3.0902882,3.6703715,2.1694362,4.0867963,9.875615,-0.042572223,2.7447007,4.425833,4.4420724,5.0886436,0.7114596,1.7864796,6.411924,8.000769,2.330804,5.8406973,9.354929,4.227189,0.028277291,-3.3584573,-1.5494363,5.52121,4.993599,-0.61265856,3.7606883,7.978497,1.8817352,3.8034773,4.5918126,-4.353143,2.2301235
1609,8.321291,5.8398476,-0.26399457,4.266099,4.1764755,-3.0160348,1.6791894,5.1863365,6.089218,-2.7600257,4.3913293,3.9437659,5.07184,9.050878,-0.42459708,3.047265,5.303408,5.036106,4.2314262,0.42929077,2.1456974,7.210462,8.117586,2.2810614,6.1036787,9.422863,1.2825766,-1.290752,-2.6390653,-1.9679242,4.932282,5.4396033,-0.5506631,3.8802643,8.46731,2.1376126,3.5994155,3.626257,-4.0893683,1.7451173
1610,8.943444,5.087902,-1.0039641,4.4927506,3.8593454,-2.9957197,1.7493677,6.0441365,4.9863725,-2.522254,4.6459436,5.97219,6.108058,7.4444127,-0.9799425,3.3677604,6.3607063,5.2980747,3.0225315,0.2853457,2.4966273,8.128673,8.046417,1.9857384,6.300523,8.623844,-1.6483399,-0.7177683,-2.011971,-2.129592,4.272797,5.9290156,-0.31380495,4.0150185,8.951825,2.2000475,3.225027,2.8141232,-3.8170075,0.99684316
1611,9.136705,4.3923364,-1.5935718,4.724555,3.685745,-2.9898684,1.6667318,6.7596364,3.828885,-2.395274,4.496546,8.076015,6.733213,4.8477917,-1.4485613,3.5420575,7.534748,5.02456,1.578372,0.37287748,2.8609636,9.109447,7.637587,1.4096413,6.3914948,7.211792,-3.6137,0.98817426,-1.5058643,-1.9717046,3.6518815,6.4088573,0.13795856,4.193897,9.349604,1.9885366,2.7696438,2.2194111,-3.5342658,0.1600601
1612,8.994227,3.8762999,-1.9809433,4.92505,3.6137195,-3.0313783,1.4763938,7.302223,2.6800387,-2.3228009,4.000465,9.946356,6.3110647,1.5871936,-1.4842494,3.3995333,8.603969,4.121712,0.1859548,0.67291385,3.3325539,10.060915,6.684259,0.61473864,6.4323483,5.6425133,-4.4564476,2.8490553,-0.8112741,-1.575581,3.1825023,6.8585925,0.8187253,4.4428024,9.554026,1.473148,2.388523,1.8570375,-3.2476432,-0.62597215
1613,8.625347,3.5904024,-2.1853585,5.0864105,3.5880473,-3.136234,1.2079148,7.6795626,1.614019,-2.2166173,3.2502983,11.239178,4.5154138,-1.3055778,-1.0441259,3.067868,9.324357,2.7320082,-0.8022236,1.0183165,4.013294,10.853594,4.9781446,-0.1749546,6.4981775,4.2617326,-4.5409923,4.263742,0.1864624,-1.1060658,2.9332242,7.297391,1.7091696,4.7639084,9.443598,0.71823215,2.242773,1.6851047,-2.9779203,-1.2769214
1614,8.116198,3.5225048,-2.2447345,5.2247987,3.5536616,-3.3097441,0.87406474,7.918536,0.7218876,-1.9929698,2.4053674,11.823674,1.847518,-2.7838836,-0.59044725,2.858836,9.653135,1.1384617,-1.1623269,1.2279955,4.883372,11.276133,2.4782343,-0.6147856,6.570728,3.1762826,-4.2594266,5.076274,1.3765398,-0.73550636,2.8808262,7.774162,2.7673914,5.100081,8.905159,-0.109950386,2.4121284,1.639362,-2.7519636,-1.7625089
1615,7.52122,3.6315548,-2.1841314,5.3656473,3.4600842,-3.5490193,0.4731758,8.049068,0.10556583,-1.6153609,1.6614738,11.876536,-0.6478858,-2.5802858,-0.48327318,2.7986796,9.692753,-0.36385322,-0.86391735,1.3026203,5.7962823,11.033393,-0.49304122,-0.4229106,6.593635,2.29454,-3.8383992,5.367365,2.579691,-0.5388438,2.9460313,8.348504,3.931189,5.295574,7.8863406,-0.78782773,2.838357,1.6718063,-2.5940762,-2.0891426
1616,6.8705454,3.8754904,-2.0062876,5.532293,3.259306,-3.8412578,-0.007720585,8.088855,-0.14460509,-1.1282747,1.1766126,11.682677,-2.1407797,-1.1652058,-0.4659077,2.77698,9.5444565,-1.490981,-0.0407834,1.4662275,6.6355267,9.867514,-3.3110268,0.34695452,6.655884,1.4311994,-3.375655,5.275878,3.6540322,-0.4805422,3.0564318,9.066529,5.0776477,5.0880237,6.4865475,-1.114635,3.352901,1.7454059,-2.5184438,-2.2797413
1617,6.1809306,4.2243595,-1.6931026,5.737878,2.9022927,-4.1566033,-0.5878663,8.027952,0.02046604,-0.65020084,1.0082645,11.426425,-2.3888257,0.6511336,-0.11307369,2.8753848,9.261486,-2.091456,1.0408912,2.0052,7.3858104,7.6600475,-5.4509478,1.148514,6.9316363,0.45683572,-2.895126,4.928523,4.5308604,-0.466876,3.173127,9.931278,5.9531984,4.2050185,5.0372005,-0.99206233,3.7910435,1.801554,-2.518438,-2.360244
1618,5.465711,4.6619296,-1.2112933,5.974945,2.3397746,-4.4343038,-1.2817029,7.81695,0.5874409,-0.32023254,1.097355,11.177797,-1.6566942,2.135437,0.6407761,3.208913,8.839561,-2.2381473,2.0825324,3.0628467,7.9483256,4.4210505,-6.7081127,1.1520373,7.356316,-0.52656776,-2.3538742,4.448576,5.201903,-0.4002415,3.289878,10.872902,6.1580124,2.6139462,4.021149,-0.45147645,4.0965357,1.7585118,-2.5575008,-2.353569
1619,4.74198,5.180703,-0.52238274,6.197508,1.5348556,-4.565101,-2.076667,7.370394,1.4758477,-0.22917347,1.3095264,10.976634,-0.42959717,2.9417717,1.5722828,3.7583795,8.237009,-2.1401613,2.8832188,4.5527873,7.909223,0.4260809,-6.853662,-0.21483824,7.560829,-1.0656809,-1.7094017,3.9965627,5.691871,-0.21692854,3.4287465,11.7382145,5.3071146,0.74631906,3.7258093,0.43013197,4.290658,1.5421733,-2.572704,-2.2790892
1620,4.03343,5.7737117,0.39762124,6.296173,0.496134,-4.387586,-2.9011192,6.605106,2.5479176,-0.37162414,1.5128934,10.868147,0.85946476,3.094546,2.463176,4.4343023,7.405509,-2.0016305,3.3823662,6.1761203,6.6425467,-3.4079876,-5.4377046,-2.5571353,7.2355285,-0.6316228,-1.0710337,3.7332923,6.0499544,0.09252853,3.6307092,12.32192,3.341463,-0.66850007,3.9216535,1.6113033,4.347927,1.107593,-2.4861588,-2.1546407
1621,3.369504,6.425028,1.5223426,6.0839186,-0.67224413,-3.7394722,-3.6045976,5.5212793,3.6338882,-0.6381982,1.6402643,10.878166,1.9398164,2.7791874,3.2206447,5.150451,6.305352,-1.9404454,3.6063344,7.5207763,3.9126925,-5.754803,-2.712417,-4.3679247,6.5643744,0.7113036,-0.6240419,3.6894476,6.346498,0.50209355,3.9320025,12.428113,0.6940167,-1.079342,4.1019664,2.954755,4.1614943,0.4726106,-2.223783,-1.9939301
1622,2.783779,7.1019316,2.7267704,5.337165,-1.7460574,-2.5913618,-3.9950128,4.2726526,4.5798426,-0.86031395,1.6988225,10.991346,2.6745124,2.1916254,3.8384442,5.8282366,4.9133854,-1.9673282,3.5993378,8.266509,0.34960407,-6.082358,-0.19363111,-4.5829525,5.986908,2.322024,-0.3875065,3.7794533,6.651701,0.99518186,4.3366823,11.926699,-1.8974291,-0.38553247,4.135034,4.1534605,3.6452427,-0.23016664,-1.7600178,-1.7949065
1623,2.3132305,7.755774,3.7600653,3.9313493,-2.4507084,-1.171075,-3.9462304,3.1159317,5.303972,-0.89764327,1.7385789,11.161629,3.0019379,1.4970825,4.3327823,6.381639,3.2460573,-1.9968194,3.3999183,8.358535,-2.9827971,-4.8784213,0.98565745,-3.6902084,5.5713553,3.6870089,-0.25995147,3.9258819,7.0180616,1.5762343,4.7975583,10.792931,-3.7947078,1.0347815,4.4483314,4.947532,2.7843578,-0.7853322,-1.1592741,-1.5359008
1624,1.9946287,8.336643,4.2978024,2.008758,-2.614688,0.122320555,-3.4929848,2.2438908,5.814653,-0.6999819,1.8174961,11.336409,2.9062786,0.8350116,4.712409,6.716788,1.3968171,-1.8818398,3.0641255,7.981942,-5.2941985,-2.786164,1.1464839,-2.618811,5.2186995,4.6709857,-0.1384756,4.0945363,7.478634,2.2443929,5.2032814,9.119065,-4.800587,2.449425,5.4534683,5.1869135,1.5833708,-1.000816,-0.55196834,-1.1978964
1625,1.8561195,8.809916,4.0864162,0.0024923969,-2.2807992,1.0108489,-2.804648,1.6920612,6.172549,-0.2887382,1.9845704,11.468212,2.413297,0.32517898,4.9830675,6.7533484,-0.44659895,-1.4835,2.7039275,7.3941865,-6.3225846,-0.37557822,1.2108973,-1.7273803,4.948869,5.3537645,0.04180877,4.277788,8.046715,2.953858,5.37775,7.088079,-5.140835,3.1819723,6.9915013,4.698202,0.1560705,-0.79257166,-0.048572563,-0.7898154
1626,1.9114822,9.153494,3.0864275,-1.5604037,-1.6923004,1.5113875,-2.0583127,1.4039959,6.4422975,0.2985218,2.2758646,11.507146,1.5923418,0.06603758,5.1679068,6.4527936,-2.0491223,-0.76791227,2.4976184,6.767896,-6.2594123,1.7869714,1.7333702,-0.9708676,4.8246107,5.8400226,0.2953625,4.481614,8.7104,3.5714862,5.119929,4.9564986,-5.1264834,2.9751701,8.4694195,3.4592423,-1.129185,-0.2709641,0.34881493,-0.3433569
1627,2.1601784,9.335238,1.5032631,-2.305217,-1.1612461,1.8091174,-1.3439538,1.3214697,6.672879,1.0381328,2.711589,11.384088,0.5544608,0.123877674,5.322792,5.823408,-3.2333686,0.13178621,2.6254323,6.135878,-5.5385137,3.324484,2.7167706,-0.3022996,4.8607764,6.1982293,0.60303915,4.719885,9.417617,3.8567731,4.323222,3.063951,-4.916859,1.9880921,9.403578,1.8924685,-1.8496125,0.28780574,0.72600555,0.11552622
1628,2.5878336,9.294592,-0.29462364,-2.105966,-0.8613138,2.0497143,-0.66764355,1.4101807,6.9007864,1.9202168,3.2851856,10.998801,-0.5584833,0.5072323,5.530286,4.890466,-3.9607198,0.95796174,3.1480594,5.440949,-4.611482,4.1733313,3.9143162,0.28089923,5.0113835,6.4720774,0.94252634,5.0087323,10.053874,3.5253725,3.1498382,1.7480396,-4.5648384,0.60037667,9.724099,0.6766621,-1.913677,0.691255,1.1378621,0.5843276
1629,3.1661465,8.951171,-1.9034055,-1.0663229,-0.68601966,2.2902184,-0.0020687508,1.6529062,7.1588874,2.9341958,3.938418,10.22773,-1.5968505,1.1327497,5.862855,3.661971,-4.3089285,1.4530737,3.942149,4.63152,-3.7913496,4.471906,5.1206126,0.8220791,5.2105823,6.6887116,1.3090919,5.3573203,10.434694,2.435854,2.0728803,1.118647,-4.1322794,-0.8028095,9.61751,0.25189283,-1.599483,0.9652347,1.5787554,1.0812216
1630,3.849175,8.238682,-3.024935,0.49505058,-0.32683048,2.5507221,0.668062,2.0427685,7.4830666,4.041747,4.524139,8.969345,-2.42958,1.8146734,6.323288,2.1386158,-4.3582506,1.4641329,4.7655935,3.7388988,-3.1942935,4.39224,6.2571144,1.4105374,5.402667,6.856014,1.7165312,5.755331,10.345499,0.7830002,1.6126817,0.970735,-3.6986792,-1.9817586,9.241355,0.62429094,-1.2862,1.2090539,2.0397322,1.6327056
1631,4.562088,7.1370664,-3.576839,2.1107888,0.47459105,2.8127756,1.321988,2.5780468,7.913102,5.1323805,4.783239,7.243169,-2.9548173,2.318613,6.8100386,0.39105943,-4.077499,0.9909341,5.3899617,2.8944235,-2.7836547,4.063818,7.3225117,2.1432264,5.5364246,6.9605565,2.1864173,6.160082,9.631406,-0.9387806,1.9640934,1.0300841,-3.330178,-2.8575056,8.635477,1.5153387,-1.2184615,1.4658653,2.5377839,2.2645378
1632,5.185854,5.6786337,-3.6773827,3.3514326,1.7347661,3.0016649,1.9079155,3.261106,8.480523,5.967726,4.408791,5.3161097,-3.1052117,2.4839616,7.1709895,-1.3477145,-3.3243942,0.22949554,5.711036,2.2639215,-2.4731574,3.5824833,8.329961,3.0896711,5.543723,6.972068,2.7361646,6.489321,8.282721,-2.2347312,2.882811,1.1945581,-3.0786967,-3.4381278,7.7911763,2.5805452,-1.4269751,1.7360872,3.1120732,2.9973037
1633,5.542775,3.9436696,-3.5025895,3.9909468,3.2480638,3.0537953,2.3802416,4.1014147,9.168749,6.1575174,3.2753227,3.7069244,-2.888233,2.3400855,7.323929,-2.711933,-2.0168738,-0.42076123,5.7973676,1.9224569,-2.2097425,3.030473,9.27927,4.254241,5.3215027,6.8600273,3.372446,6.627362,6.4495587,-2.8857837,3.9012547,1.4626255,-2.992938,-3.756609,6.721973,3.5612235,-1.7743697,2.0136964,3.8101707,3.8343234
1634,5.397661,2.0878415,-3.158212,4.027588,4.7403626,3.0063856,2.7404978,5.1051707,9.83338,5.2682157,1.7242174,2.8742971,-2.4069397,2.0838115,7.3084884,-3.4024742,-0.33139545,-0.5208317,5.827248,1.7761259,-1.986443,2.4685636,10.150912,5.535384,4.735626,6.6283646,4.09348,6.445913,4.3820353,-2.959068,4.649241,1.7671536,-3.0994997,-3.8460884,5.4792833,4.341134,-2.0593605,2.2814407,4.667919,4.7313285
1635,4.518628,0.39631918,-2.6860971,3.62723,6.0125957,3.000536,3.0356443,6.2393227,10.119323,3.1404974,0.51712465,2.782583,-1.773192,1.914115,7.2126427,-3.3634036,1.3357176,0.13474225,5.9138265,1.6104332,-1.8043616,1.9235141,10.903311,6.708179,3.6743004,6.3540955,4.895061,5.827721,2.3563938,-2.6465712,5.0167117,1.976558,-3.3555074,-3.7258866,4.14361,4.917515,-2.1112294,2.5066493,5.682022,5.547191
1636,2.8460143,-0.73520076,-2.1653445,3.0449328,7.005629,3.197021,3.3210914,7.3830986,9.509969,0.23348658,0.288532,2.9865072,-1.0732627,1.9135667,7.0957785,-2.764463,2.6332414,1.4119006,5.985232,1.2077605,-1.6259866,1.4017862,11.476645,7.470052,2.1559544,6.1740875,5.7643547,4.6815133,0.63579684,-2.1515582,5.1011066,1.9974129,-3.6477628,-3.4032304,2.8234205,5.3353195,-1.8356969,2.6683593,6.7847834,6.0057516
1637,0.6974029,-0.99863815,-1.7166206,2.5022094,7.7746053,3.6911783,3.627789,8.300197,7.6329756,-2.472666,0.9638983,3.25335,-0.4186812,2.0686376,6.986555,-1.861163,3.450753,2.9721894,5.8363605,0.47023144,-1.3566697,0.93276817,11.82037,7.5624475,0.40371656,6.1723104,6.650277,2.9699852,-0.5311378,-1.6649376,5.065381,1.8275869,-3.854783,-2.8990939,1.6487854,5.6387067,-1.2156479,2.7917063,7.842855,5.752412
1638,-1.259512,-0.46160495,-1.3389605,2.1096578,8.409878,4.4935637,3.928402,8.672873,4.6470404,-4.130349,1.7388296,3.7139552,0.1273661,2.333793,6.9050407,-0.8717821,3.8915606,4.4676757,5.257103,-0.4918671,-0.89985573,0.6153366,11.945414,6.8849616,-1.2445463,6.256593,7.4291453,0.80024475,-0.9035891,-1.3184955,5.0299177,1.533976,-3.9051535,-2.268372,0.74108803,5.856022,-0.2879015,2.9525928,8.687966,4.55965
1639,-2.3885753,0.38044554,-0.8871653,1.9178485,8.985206,5.528115,4.079363,8.233897,1.2989899,-4.5058327,1.8044225,4.3559065,0.63955504,2.6617198,6.8653135,0.0732424,4.130459,5.6441813,4.1463623,-1.3904583,-0.27408922,0.60431296,11.945542,5.478318,-2.5272317,6.192404,7.9372344,-1.4562331,-0.31394163,-1.0393577,5.0552893,1.1920956,-3.788558,-1.5911019,0.1744634,6.0053973,0.8867025,3.242476,9.148486,2.5399787
1640,-2.4394352,0.9880729,-0.298211,1.9644353,9.56199,6.5811877,3.7878144,7.0134377,-1.4561583,-3.8495502,1.1163442,4.9138203,1.3055468,3.0232337,6.859269,0.9206368,4.3013177,6.3499312,2.588115,-1.9230772,0.34232736,0.9976502,11.915576,3.4271631,-3.308025,5.7590556,8.1059,-3.2128465,1.1269342,-0.45632318,5.169621,0.8076593,-3.5264664,-0.95007825,-0.04283449,6.10716,2.2464192,3.708579,9.048087,0.14335537
1641,-1.571241,1.2372171,0.33618444,2.269506,10.196106,7.2440863,2.759489,5.5540075,-3.0239146,-2.6348367,0.2766174,5.231266,2.2648768,3.4160852,6.8418736,1.6547321,4.458486,6.5163527,0.8437542,-1.9337497,0.75099206,1.7242976,11.820882,0.8803524,-3.4405317,4.876095,8.036362,-3.9795554,2.8904703,0.8419664,5.28615,0.27220583,-3.1256676,-0.4181478,0.038639218,6.1956387,3.7330494,4.282787,8.211018,-2.0434554
1642,-0.25863448,1.4207892,0.9317227,2.8385043,10.89866,6.9721394,1.0791895,4.6746655,-3.4564786,-1.3023555,-0.1689787,5.368127,3.4833767,3.846648,6.739628,2.2622433,4.589632,6.154862,-0.7530215,-1.4563605,0.92871314,2.5887005,11.484013,-1.794436,-2.7008955,3.7399442,7.87926,-3.6486626,4.3136315,2.8147855,5.0697904,-0.53517276,-2.5553768,-0.044551186,0.33036682,6.3247447,5.2699533,4.7147903,6.566293,-3.5381243
1643,0.87754476,1.8353367,1.5015945,3.6633756,11.547197,5.3501368,-0.60085136,4.73145,-3.0923052,-0.07084512,-0.056847118,5.459488,4.820382,4.2922997,6.472412,2.722114,4.652737,5.3641996,-1.938472,-0.673599,1.0483135,3.4383163,10.722867,-4.008648,-1.0384783,2.9491084,7.6955996,-2.5187535,5.1003304,4.8680744,4.105402,-1.4920841,-1.8175068,0.18612476,0.7378038,6.561703,6.7152314,4.5800533,4.353423,-4.1518636
1644,1.4464679,2.4896853,2.1307147,4.7186484,11.799211,2.4361124,-1.489876,5.24525,-2.1574082,0.94357795,0.51843023,5.633695,6.132892,4.6588783,5.9757376,3.0271726,4.618846,4.313131,-2.613741,0.16262607,1.3183553,4.248551,9.4741,-5.323899,1.0531586,3.2139807,7.442811,-1.1514341,5.4207273,6.3271255,2.3087022,-2.1530373,-1.0720662,0.37239555,1.2029635,6.9657087,7.8115673,3.4846675,2.2368028,-4.0322776
1645,1.5248063,3.225093,2.9521992,5.9437523,11.108046,-1.1119416,-1.2384441,5.5411773,-0.92724884,1.6295385,1.35312,5.995673,7.301462,4.759253,5.2396407,3.2214775,4.4965014,3.1823468,-2.8374527,0.83736295,1.8358521,5.044278,7.7694564,-5.8179054,2.69815,4.6733665,6.986972,-0.12637308,5.5665817,6.884878,0.07847051,-2.092917,-0.55305064,0.60543877,1.7244081,7.5572114,8.1890955,1.4508309,1.0576866,-3.5309033
1646,1.4412274,3.9438353,4.092438,7.148968,8.922982,-4.284095,-0.19487531,5.5910015,0.20939676,2.0054498,2.2705297,6.6206,8.188147,4.3494725,4.3718195,3.407897,4.3160343,2.1011567,-2.7401245,1.2476346,2.5662978,5.785925,5.641685,-5.9120393,3.2538066,6.7140603,6.2129517,0.2556878,5.687199,6.6314406,-1.9798174,-1.2545842,-0.2746203,0.89251804,2.333955,8.2857,7.4897933,-0.8901237,1.2428484,-2.9045882
1647,1.4501071,4.6536093,5.5715013,7.8246117,5.1035395,-6.2213984,0.55281293,5.7953887,1.101166,2.2040076,3.2084732,7.533017,8.55528,3.2569077,3.6294394,3.6966875,4.085606,1.128839,-2.441148,1.4036367,3.40122,6.3292055,3.1165757,-5.88243,2.5463772,8.482444,5.2624245,0.105239585,5.8054504,5.8603334,-3.4428496,0.05828888,0.023896873,1.2160006,3.0623093,8.996347,5.582975,-2.682712,2.3851857,-2.078332
1648,1.6181686,5.4039383,7.180001,7.092852,0.46199253,-6.507269,-0.09753367,6.040544,1.9914125,2.3210359,4.167172,8.653638,8.025613,1.5841113,3.3024373,4.1524897,3.7548242,0.2854836,-2.0182643,1.3871465,4.2200704,6.4612494,0.3428561,-5.580853,0.76562065,9.359691,4.6127396,-0.25930724,5.911259,4.873364,-4.227713,1.4046252,0.6130588,1.5843107,3.9130192,9.411262,2.7036674,-3.4473388,3.5255075,-0.8973889
1649,1.9121485,6.2195134,8.372169,4.308984,-3.1253932,-5.308235,-1.8708435,5.736519,3.2481802,2.4404864,5.1212907,9.716377,6.2273784,-0.16886285,3.4224904,4.8009853,3.2166917,-0.40415335,-1.522864,1.3089632,4.934356,6.0007157,-2.2683353,-4.571844,-1.4686201,9.1290655,4.739094,-0.612543,6.0198817,3.8770254,-4.4879985,2.431359,1.5676733,2.0225637,4.8373384,9.16885,-0.5833745,-3.1822112,3.9557428,0.493545
1650,2.371165,7.06543,8.379451,0.14284995,-4.0377054,-3.743015,-3.3839984,4.7237988,4.83143,2.7837503,6.0162883,10.217596,3.1795228,-1.2825897,3.611817,5.5833707,2.3845625,-0.8816994,-1.0100108,1.2739553,5.507902,4.9223833,-4.1668406,-2.680057,-3.1431835,8.0494,5.5923824,-0.82266545,6.1797395,2.9657526,-4.436852,2.9746923,2.7900271,2.5844991,5.71031,7.9580655,-3.538685,-2.15277,3.7361577,1.7744843
1651,3.0893161,7.8110013,6.693945,-3.5487573,-2.5142455,-2.8289783,-4.0063863,3.2577736,6.3375936,3.7115781,6.785661,9.528653,-0.3822373,-1.2689062,3.519837,6.2680554,1.3272202,-1.0576628,-0.5440928,1.3504983,5.9428616,3.3902843,-5.0666513,-0.4148237,-3.508003,6.7599854,6.6601586,-0.71398246,6.408242,2.124931,-4.232353,3.0265036,4.1258097,3.3591337,6.3069735,5.714,-5.5288615,-0.91889054,3.4453325,2.8147125
1652,4.068121,8.135905,3.5366933,-5.3896604,-0.26824558,-2.3257732,-3.9045167,1.6344358,7.4228096,5.482835,7.16866,7.228299,-3.2496965,-0.36423558,3.400807,6.627036,0.25176564,-0.87519234,-0.15872417,1.556035,6.2430954,1.6510762,-5.1205506,1.4195386,-2.635351,5.8102813,7.5388346,-0.18798631,6.6097317,1.2638861,-3.9356742,2.6543841,5.4271474,4.402643,6.271176,2.7598321,-6.303762,-0.24727675,3.4425266,3.746934
1653,5.1791697,7.523194,-0.16103423,-5.367434,1.1352985,-1.7701348,-3.36446,0.20347743,7.8848534,7.883677,6.4447484,3.6505778,-4.5555544,0.41448423,3.6741257,6.6352115,-0.71644604,-0.3636719,0.18069792,1.8742404,6.3890524,-0.08430413,-4.6494765,2.3851209,-1.1086553,5.3718467,8.131735,0.62780243,6.599988,0.31584418,-3.5173116,1.9672139,6.543185,5.6001916,5.1710515,-0.16789067,-5.9872303,-0.5226308,3.5042746,4.794626
1654,6.1623497,5.5262265,-3.185693,-4.281454,1.4096757,-1.1732322,-2.692727,-0.79146767,7.685151,10.047052,3.8658273,0.36174104,-4.4217825,0.3334106,4.125527,6.3975673,-1.5363965,0.38634247,0.56573766,2.285762,6.336227,-1.666286,-3.8643513,2.5399494,0.5186246,5.4221096,8.472065,1.428329,6.229501,-0.6537286,-2.9112437,1.1401082,7.3216047,6.574072,2.8376217,-2.0927203,-5.008571,-1.3563685,3.2280097,6.0491333
1655,6.585206,2.263712,-4.604442,-3.1749353,1.1727022,-0.6417479,-2.0666404,-1.3215739,7.003503,11.054369,0.023145251,-0.6724956,-3.7928672,-0.22301725,4.346946,6.0776706,-2.1204515,1.2454575,1.1065888,2.7776108,6.022088,-2.979372,-2.8491983,2.223804,1.939771,5.9270144,8.565157,1.8538625,5.522537,-1.4424046,-2.1094334,0.4188342,7.6997876,6.8497877,-0.19076101,-2.3389447,-4.022487,-2.053793,2.5102875,7.297674
1656,6.0381336,-1.3018458,-4.201336,-2.7576551,0.91973525,-0.16402729,-1.5276209,-1.4781438,6.1613717,10.8254595,-3.1450586,0.9498114,-3.2010164,-0.574335,4.3257227,5.7787733,-2.4019306,2.0700269,1.8801373,3.319686,5.3759246,-3.9314146,-1.6902854,1.8474569,3.0866659,6.8271465,8.305789,1.6466733,4.748551,-1.8509436,-1.2115554,0.026196836,7.7923656,6.2240586,-2.8707597,-1.040849,-3.3715935,-2.2529628,1.5484554,8.185826
1657,4.556723,-3.9491746,-2.5312712,-2.8158596,0.79226184,0.294848,-1.0701213,-1.3773222,5.425215,9.992894,-4.346167,3.8112285,-2.2482333,-0.42796764,4.282252,5.4925137,-2.4092793,2.7451904,2.8909845,3.825834,4.3453307,-4.4719424,-0.57239974,1.7298106,4.0554028,7.9613185,7.4513035,0.83529174,4.293462,-1.8209833,-0.35390344,0.051334474,7.803589,4.869848,-4.4873095,0.99055636,-2.803796,-1.9287194,0.6671597,8.578549
1658,2.60002,-5.159291,-0.57396126,-2.6869433,0.86427736,0.74651325,-0.6801249,-1.1173061,4.910713,9.164249,-3.7609208,6.274801,-0.75816417,0.028964698,4.3912315,5.1655397,-2.2462633,3.2141137,4.0682316,4.13379,2.9497097,-4.6050262,0.25488085,1.9853894,5.0188003,9.023372,5.715961,-0.18564898,4.338128,-1.4013933,0.37807536,0.45067587,7.8527102,3.089929,-5.0329022,2.8381147,-1.9578319,-1.2650666,0.15616484,8.649954
1659,0.6129229,-5.1817203,0.8716822,-2.0981658,1.1205845,1.1918625,-0.34804612,-0.7672477,4.627682,8.626052,-2.1883883,7.6709056,0.7843973,0.4050553,4.6211905,4.7828345,-2.0229542,3.4792795,5.2867804,4.035078,1.3445382,-4.3752756,0.6146221,2.5149865,6.133767,9.553917,3.0255322,-0.83522195,4.659095,-0.66858274,0.9422314,1.1127251,7.906434,1.1150893,-4.858816,3.9411805,-0.78043413,-0.59061515,0.089174055,8.629827
1660,-1.1475898,-4.436161,1.5514548,-1.2251498,1.4443526,1.614861,-0.06804262,-0.37153974,4.5492306,8.446455,-0.28399205,8.127274,1.8074596,0.56102026,4.8634887,4.382202,-1.8026209,3.5817401,6.396535,3.369362,-0.15742554,-3.86164,0.52482253,3.101639,7.429886,8.991613,-0.21881798,-0.7294625,4.8912506,0.22121263,1.3243101,1.9015276,7.8262787,-0.8899084,-4.252641,4.198632,0.50248003,-0.14672609,0.3259,8.597365
1661,-2.5181093,-3.1970484,1.6699954,-0.33923498,1.7587622,1.9900541,0.16967516,0.04390171,4.650232,8.610269,1.5635021,7.9115305,2.0825355,0.6214185,5.079234,4.0023603,-1.6078019,3.5766752,7.2610135,2.1499267,-1.1744192,-3.2009642,0.19221102,3.547289,8.711482,6.9082084,-3.1612573,-0.06046769,5.0048413,1.0510025,1.5682534,2.6960044,7.456694,-2.7445774,-3.329931,3.8498836,1.6183215,0.06544176,0.6898057,8.520362
1662,-3.3758607,-1.6572204,1.6261544,0.416657,2.065616,2.3032103,0.37777913,0.46721944,4.9210825,9.072488,3.074496,7.1186223,1.7531178,0.7534031,5.283329,3.641484,-1.4431537,3.5152164,7.80136,0.61943513,-1.4344522,-2.5641422,-0.13357462,3.7753377,9.611447,3.4259896,-4.91366,0.3358428,5.210575,1.7518867,1.7436392,3.415075,6.700729,-4.241991,-2.1689906,3.3107383,2.4352314,0.18614233,1.0857258,8.358025
1663,-3.6770318,-0.043016553,1.7666363,1.0355657,2.3827682,2.5518115,0.56667316,0.897149,5.369509,9.744809,3.929059,5.7757998,1.2085046,1.0246761,5.5007653,3.2621572,-1.3048776,3.434415,8.020509,-0.8406396,-0.90691334,-2.0403872,-0.30180225,3.8434625,9.834742,-0.5971755,-4.9265375,-0.26294655,5.38696,2.4973395,1.8855172,3.9958901,5.5626717,-5.2318435,-0.96613145,2.9773242,2.982485,0.3259706,1.4904138,8.099311
1664,-3.4920316,1.4009833,2.2424865,1.5501257,2.6988337,2.7369888,0.7451806,1.3409051,6.0144615,10.440219,3.7638319,4.135398,0.8748097,1.3951759,5.7423167,2.8218946,-1.181386,3.3558657,7.991576,-1.8873991,0.20249613,-1.5665594,-0.27188924,3.876858,9.352805,-3.9405224,-3.0661993,-1.3928,5.2262416,3.492382,2.0216413,4.369903,4.150937,-5.696222,-0.02276927,3.03207,3.3531265,0.5030698,1.9031917,7.7606115
1665,-2.9772365,2.5117733,3.0107894,1.9703902,2.9730837,2.8638096,0.9258038,1.8137819,6.867955,10.814626,2.3961058,2.8109653,0.95239,1.8231775,5.983285,2.294985,-1.0511067,3.2910352,7.821543,-2.3486147,1.5564789,-1.0108998,-0.06389724,3.987253,8.365385,-5.7438464,0.035460215,-1.6776454,4.908912,4.6400237,2.1938457,4.474992,2.6366518,-5.7242084,0.4224351,3.3868334,3.6334853,0.6840979,2.3182702,7.376353
1666,-2.3043642,3.26156,3.9339213,2.289047,3.1586099,2.9470165,1.1287471,2.3396595,7.8988576,10.389707,0.14679635,2.4481614,1.386229,2.3235393,6.1646557,1.6713418,-0.8821487,3.2498548,7.61247,-2.2412064,2.826824,-0.30755857,0.26515764,4.2193437,7.1317387,-6.0283375,3.0203264,-0.35356164,4.850987,5.61461,2.3636887,4.282007,1.2059425,-5.424906,0.32995474,3.802046,3.9083107,0.84271675,2.7223828,6.987804
1667,-1.6034445,3.7237575,4.8774734,2.4991033,3.226072,3.013302,1.3820381,2.9504194,8.982699,8.738138,-2.1719584,3.1025438,2.2016373,2.896733,6.1948037,0.9598426,-0.6387301,3.250128,7.43637,-1.7044541,3.805137,0.497787,0.6449632,4.542218,5.8436418,-5.4523387,4.8577895,2.1748044,5.0679483,6.099529,2.3861318,3.8416858,0.033362854,-4.883444,-0.1407873,4.0585136,4.262885,0.9861613,3.1010432,6.6306505
1668,-0.9455723,4.006227,5.7519727,2.5928495,3.1750891,3.0979092,1.719609,3.6799006,9.85937,5.7555346,-3.7805839,3.983529,3.5842853,3.4885128,5.9243636,0.21252896,-0.2982933,3.3252156,7.32861,-0.9188319,4.429588,1.2997679,1.0278418,4.8836265,4.593886,-4.666162,5.41164,5.0773196,5.345058,5.848497,2.1794116,3.3220186,-0.772802,-4.1755123,-0.7338878,4.0573425,4.7448707,1.1527929,3.4422283,6.325352
1669,-0.35341904,4.2049866,6.5080404,2.5557458,3.0344615,3.238717,2.1799638,4.5438743,10.129449,1.8132406,-4.3119707,4.0334535,5.38541,4.0264406,5.17202,-0.4592244,0.11852599,3.520914,7.2964373,-0.05735535,4.7394824,2.008359,1.4024965,5.1705184,3.4020183,-3.9975815,5.029625,7.7322326,5.496336,4.7741756,1.8536688,2.9201944,-1.2236987,-3.376286,-1.2248712,3.8215616,5.3397074,1.3995105,3.735197,6.0726957
1670,0.18182597,4.3884926,7.1156654,2.3703718,2.8566926,3.470913,2.8036642,5.4942603,9.334591,-2.2440953,-3.6242957,2.9534466,6.9632616,4.5206532,3.857613,-0.9226816,0.53014195,3.8697627,7.3350015,0.7311505,4.8145123,2.5902505,1.7782564,5.345412,2.2572832,-3.501124,4.0857487,9.8025465,5.333792,3.0453138,1.6451398,2.7213495,-1.4156904,-2.5484905,-1.4937367,3.444533,5.9938436,1.7834208,3.9644861,5.8546696
1671,0.6888408,4.6001616,7.546463,2.029517,2.70744,3.8248432,3.620702,6.3459983,7.19201,-5.3259397,-1.9007914,1.6652845,7.8556876,4.9550114,2.0870755,-1.0788747,0.83711785,4.3573084,7.439332,1.3298856,4.7374783,3.0685587,2.162706,5.3628945,1.1590203,-3.09102,2.8611367,11.138963,4.7281795,1.0951276,1.7125882,2.6965733,-1.4551857,-1.7365568,-1.5197531,3.0367043,6.655006,2.3367543,4.1013994,5.6418457
1672,1.2108836,4.866345,7.763269,1.5489311,2.648509,4.3290124,4.613774,6.720596,3.9139385,-6.762614,-0.16104808,1.3148692,8.271543,4.9889784,0.1478639,-0.85800374,1.0164056,4.923433,7.5997953,1.6635454,4.5829782,3.499073,2.5479558,5.1845665,0.14308242,-2.6411698,1.591943,11.764006,3.7629616,-0.57520473,1.9960899,2.8083305,-1.4204156,-0.96741706,-1.3383794,2.6926587,7.2942705,3.042576,4.098959,5.4090095
1673,1.8023585,5.2012777,7.7149568,0.9709736,2.7164438,5.0140305,5.650692,6.117471,0.30871776,-6.694866,0.41773114,1.8284253,8.586848,4.1970234,-1.5251683,-0.3041242,1.1882972,5.516075,7.774793,1.7011466,4.41902,3.9431553,2.9046981,4.783477,-0.7163986,-2.0601854,0.507163,11.865622,2.6960843,-1.6810946,2.3006978,3.041443,-1.3529255,-0.25272396,-1.0001081,2.4794517,7.906952,3.820076,3.897502,5.156896
1674,2.522969,5.601543,7.3342094,0.35763177,2.9028733,5.9007573,6.4128733,4.224719,-2.4830854,-5.6909604,-0.2030282,2.257357,8.889148,2.5964565,-2.5274227,0.3077261,1.530434,6.1479163,7.856513,1.4458865,4.310018,4.45029,3.1785333,4.158513,-1.3340636,-1.3452474,-0.19641618,11.703695,1.741272,-2.218375,2.4787982,3.3642504,-1.2582026,0.40361094,-0.5463057,2.4396248,8.503511,4.5228577,3.4473915,4.9289064
1675,3.4290228,6.022162,6.541208,-0.21818897,3.145499,6.9533005,6.4151015,1.3609897,-3.5809333,-4.484686,-1.1355577,2.071151,9.097769,0.7097037,-2.6944976,0.6612899,2.0777702,6.87374,7.6735597,0.92785066,4.309208,5.0525975,3.2878036,3.3517754,-1.6541471,-0.58529764,-0.41076326,11.485731,0.9440524,-2.3097398,2.499366,3.7251105,-1.1158363,0.99642533,-0.0018505331,2.6007743,9.095396,4.9525347,2.7492535,4.802589
1676,4.559935,6.3325396,5.2684937,-0.6695664,3.3429668,8.017848,5.2466574,-1.4639434,-2.9825575,-3.6469333,-1.7070948,1.4212512,9.163355,-0.81913257,-2.1263359,0.723605,2.7037022,7.707656,7.041235,0.21864912,4.428656,5.760972,3.1308808,2.4602368,-1.6770911,0.098400325,-0.14766921,11.301763,0.2353205,-2.0611117,2.4106925,4.0772085,-0.8980659,1.5160663,0.62248427,2.9856584,9.6723,4.8919954,1.8946152,4.8419333
1677,5.9015903,6.275584,3.5364008,-0.88669676,3.4097183,8.838232,2.9621918,-3.1936615,-1.562238,-3.144155,-1.7848163,0.65141475,9.134407,-1.5791117,-1.1087137,0.7423613,3.307417,8.563729,5.820208,-0.5447661,4.599255,6.5473886,2.6195128,1.6354756,-1.4587355,0.6306277,0.48631427,11.1340275,-0.45784885,-1.5213307,2.3007383,4.390511,-0.5893775,1.9523563,1.325736,3.6179473,10.165726,4.1615334,1.0744051,5.0346603
1678,7.3106027,5.5046806,1.5845716,-0.77891064,3.361421,9.199955,0.1925149,-3.4210324,-0.34858674,-2.6761596,-1.4850153,0.037679285,9.080478,-1.4986207,-0.017087212,0.9590157,3.9198546,9.254496,3.9676666,-1.1549513,4.6729317,7.317512,1.7510916,1.0618939,-1.0885282,1.0177237,1.3535006,10.904559,-1.1448625,-0.7136079,2.2866375,4.648409,-0.2018955,2.3028362,2.11527,4.5159783,10.40059,2.6974998,0.5366589,5.290593
1679,8.467085,3.7904675,-0.062120516,-0.4093107,3.3399205,9.061697,-2.2553952,-2.3814003,0.2632455,-2.1564238,-1.0064471,-0.27475223,9.0269375,-0.77706146,0.82715243,1.4187558,4.6328554,9.524886,1.5987854,-1.363964,4.5251546,7.9195147,0.6850229,0.8949693,-0.6482244,1.3219113,2.3412127,10.521146,-1.775166,0.3089642,2.5043573,4.836927,0.2158836,2.5809026,3.007984,5.6615,10.057531,0.64480144,0.49223077,5.564493
1680,8.971284,1.2969745,-0.7994839,-0.028076377,3.4728954,8.522202,-3.8702536,-0.5910956,0.5634315,-1.6469216,-0.50142425,-0.27112257,8.969847,0.25852677,1.2745562,2.0214088,5.488701,9.091957,-0.95873535,-0.98323417,4.233875,8.22337,-0.2927284,1.1690185,-0.16194743,1.6120579,3.3771489,9.904427,-2.2917743,1.4276596,3.0701358,4.9272227,0.5823041,2.8190312,4.0288515,6.929479,8.711114,-1.588523,0.9310191,5.9980526
1681,8.520531,-1.4005487,-0.34590515,0.2494932,3.741139,7.7222996,-4.564108,1.3687443,0.99209976,-1.2035004,-0.0242456,0.00093955663,8.9152975,1.2874933,1.3513179,2.6507466,6.4231334,7.7242417,-3.221841,-0.10351937,4.139404,8.193284,-0.97400266,1.7631341,0.41073865,1.9385961,4.4091907,8.996301,-2.6826713,2.4706187,4.022743,4.858052,0.8053643,3.0623126,5.196909,7.9872484,6.038683,-3.415171,1.3906202,6.761604
1682,7.11337,-3.6042135,0.9773293,0.72970027,4.0989904,6.7700496,-4.548139,3.019881,1.7260286,-0.8912184,0.42250732,0.48886243,8.888284,2.0703282,1.1814647,3.2333496,7.262849,5.3784084,-4.7753897,0.73512787,4.541517,7.8560147,-1.389577,2.4918396,1.1287767,2.3376954,5.3758435,7.7553763,-2.9839764,3.2580557,5.284729,4.540657,0.82646865,3.3486943,6.486434,8.244105,2.2140403,-4.250981,1.115982,7.5937753
1683,5.288346,-4.891614,2.356267,1.813179,4.5468135,5.6525173,-4.149523,4.1256275,2.6584065,-0.77905124,0.8467497,1.1571615,8.910824,2.461359,0.9077422,3.7338471,7.7744055,2.3076937,-5.411123,0.8211439,5.2473183,7.287163,-1.6843272,3.2114396,2.0416148,2.8394341,6.1794024,6.1540747,-3.2321944,3.6375597,6.6692452,3.9095209,0.6674325,3.6811433,7.7620893,7.041686,-1.763371,-3.7096212,-0.06720877,7.91139
1684,3.7167652,-5.361729,3.0912986,3.4753504,4.9787073,4.248872,-3.637851,4.668811,3.585808,-0.86936533,1.2576696,1.9927105,8.9722805,2.3862612,0.65354615,4.1437078,7.758105,-0.93609345,-4.9818487,-0.07162923,5.6481233,6.723765,-1.8822161,3.8280618,3.1854672,3.4608822,6.6587853,4.2050557,-3.399886,3.50261,7.9335346,3.0141308,0.44010958,4.0199084,8.742653,4.193796,-4.437066,-2.1285775,-1.2561557,7.6725206
1685,2.5054257,-5.373235,2.9852915,5.285981,5.1751227,2.4935756,-3.130221,4.737398,4.3583326,-1.0738502,1.657489,2.9958148,9.003481,1.8213854,0.5225776,4.4815307,7.145597,-3.6445656,-3.390725,-1.3174775,5.395127,6.461746,-1.8806664,4.282086,4.5569677,4.1694083,6.576425,2.03934,-3.3663664,2.838858,8.868989,2.0832777,0.2845007,4.3236747,9.101022,0.3983985,-5.012183,-0.72759587,-1.6237491,7.3644423
1686,1.4433877,-5.1636977,2.1743064,6.7501082,4.975985,0.5336543,-2.6228068,4.4600735,4.920066,-1.2596583,2.0288694,4.1529436,8.859819,0.8022273,0.602984,4.792704,6.027452,-5.2975254,-0.98291683,-1.8973387,4.807734,6.5183063,-1.6080776,4.5643587,6.0831156,4.8062363,5.68248,-0.003023072,-2.9953148,1.8126804,9.393815,1.4464595,0.26559052,4.596027,8.669229,-3.1408143,-3.7253435,-0.2646354,-1.3989097,7.215521
1687,0.44687375,-4.7729783,0.9340783,7.5593224,4.421287,-1.30533,-2.0956109,4.00048,5.289543,-1.3172139,2.3415215,5.402579,8.331751,-0.54183364,0.93330437,5.138079,4.5694065,-5.881276,1.3861792,-1.2858881,4.435797,6.6610456,-1.1191573,4.716654,7.6146684,5.0219135,3.9375517,-1.4287488,-2.324417,0.77572596,9.578451,1.3130511,0.33145183,4.8601017,7.538769,-5.5098367,-1.3400255,-0.2396897,-1.0619829,7.1810107
1688,-0.45091337,-4.1396747,-0.39843118,7.6946526,3.7252588,-2.7405844,-1.5729309,3.531054,5.524412,-1.2030671,2.5800443,6.622785,7.209231,-1.9726517,1.4220804,5.5643353,2.9000995,-5.7756944,2.9372003,0.29923564,4.4817514,6.6631246,-0.5634547,4.81323,8.94005,4.380638,1.7917411,-1.919782,-1.6113977,0.047503926,9.564956,1.6326535,0.38208884,5.106926,5.9823823,-6.5297666,1.1582351,0.16404264,-0.6553605,7.215726
1689,-1.2097585,-3.204024,-1.5015957,7.3758407,3.0955002,-3.6911755,-1.0979787,3.1767764,5.6859713,-0.93558335,2.7633958,7.657797,5.3916397,-3.1939733,1.8005947,6.050999,1.1046476,-5.3528547,3.3823357,2.2973943,4.855328,6.3622007,-0.0755707,4.927592,9.824995,2.7112389,0.11159895,-1.6602119,-1.0498703,-0.2931056,9.464449,2.1890576,0.35461447,5.3074927,4.301692,-6.6016517,2.9429307,1.2020184,-0.0811185,7.277388
1690,-1.7869434,-1.9788263,-2.1388166,6.91494,2.5942822,-4.2328835,-0.70062476,2.9898653,5.8192883,-0.5610739,2.9354248,8.362957,2.980494,-3.921528,1.7306558,6.483783,-0.6618839,-4.7250056,2.8607342,4.1603427,5.4619803,5.6477213,0.2799765,5.1012692,10.089285,0.3993412,-0.38046008,-1.1653984,-0.6020979,-0.321825,9.3398485,2.7631521,0.24146195,5.454666,2.712403,-6.230029,3.6883678,2.6505718,0.6699822,7.259073
1691,-2.1505387,-0.58419144,-2.1891146,6.573651,2.1490693,-4.4774747,-0.40358847,2.9636679,5.9541326,-0.123572044,3.1381207,8.635395,0.30352145,-3.8954842,1.0665313,6.7413,-2.0902288,-3.798811,1.8007044,5.5081406,6.2409396,4.478938,0.5028719,5.3382816,9.692475,-1.7947727,0.4176463,-0.711056,-0.17630051,-0.11011413,9.235995,3.1958227,0.06911122,5.5723386,1.320684,-5.7148485,3.4866936,4.1775203,1.611501,6.9903607
1692,-2.3281105,0.78233075,-1.6422737,6.468507,1.6278911,-4.4998536,-0.23612055,3.051664,6.115409,0.34900847,3.3884516,8.429036,-2.143157,-2.9287186,0.0927551,6.836402,-2.8446734,-2.5356967,0.7963518,6.2385902,7.0337334,2.9166565,0.65943825,5.6259017,8.75545,-3.260891,2.0113692,-0.121034004,0.24316692,0.30197427,9.188507,3.3809083,-0.12140694,5.6952386,0.16350989,-5.1302257,2.6124144,5.50774,2.7764947,6.2745924
1693,-2.3910003,1.9190588,-0.57392734,6.5406337,0.8987003,-4.3099294,-0.22948858,3.1796374,6.33167,0.8472436,3.6673777,7.7708673,-3.8742914,-1.1288074,-0.51560634,6.908742,-2.833593,-1.1223127,0.3210913,6.550412,7.5570216,1.1394159,0.8663938,5.9668016,7.477471,-3.8761039,3.6802082,0.85050064,0.5796809,0.8598159,9.211322,3.2552404,-0.284277,5.845247,-0.7425203,-4.4271703,1.4019294,6.4347644,4.1003094,4.947814
1694,-2.3521066,2.6671104,0.8640974,6.5893955,-0.11290392,-3.8469234,-0.38955778,3.2612884,6.635053,1.3769468,3.9198406,6.7675447,-4.679271,0.94902027,-0.13293919,7.011142,-2.3172529,0.1595344,0.4883931,6.76012,7.5406327,-0.6137962,1.1941656,6.390765,6.0134916,-3.903753,4.896203,2.1720486,0.70619565,1.4588673,9.286505,2.8094778,-0.37443367,6.0185733,-1.3745198,-3.5452425,0.2121199,6.844542,5.3403606,2.99568
1695,-2.1065638,2.9508822,2.4281812,6.3604937,-1.340687,-3.021723,-0.64847517,3.232927,7.0477166,1.9493668,4.0617223,5.57505,-4.7199836,2.6016228,1.3191445,6.954191,-1.758437,1.1560388,1.1525887,7.068321,6.8196597,-2.1433995,1.5590472,6.9166665,4.429018,-3.6812706,5.48241,3.5955563,0.566317,1.9848399,9.375939,2.1027708,-0.35496244,6.189079,-1.7062219,-2.494155,-0.6490785,6.7900805,6.1698065,0.6645691
1696,-1.5276843,2.8763394,3.8305333,5.680046,-2.541269,-1.8346087,-0.8346877,3.1057756,7.5599136,2.5559042,3.991726,4.350512,-4.33315,3.453599,3.3508043,6.466198,-1.536023,1.8930645,2.1563323,7.4697614,5.31199,-3.3204467,1.7174191,7.4873686,2.7721112,-3.4014862,5.4936647,4.8765087,0.23802398,2.3829405,9.44388,1.2484573,-0.20574906,6.3264613,-1.732786,-1.3749149,-1.0184876,6.496588,6.3833156,-1.600184
1697,-0.6385852,2.7642858,4.8888,4.5407596,-3.4196186,-0.48170313,-0.7404045,2.9855714,8.124759,3.123999,3.617526,3.2367318,-3.7836123,3.5637052,5.322862,5.439331,-1.7044328,2.4394326,3.4257667,7.756425,3.0226543,-4.005091,1.3781333,7.9559326,1.2013685,-3.0720694,5.0740604,5.8841915,-0.11288164,2.669235,9.465428,0.37358052,0.07327851,6.418309,-1.4945536,-0.33079958,-0.9064889,6.225314,5.981921,-3.396085
1698,0.31559116,2.9596353,5.5844235,3.0403302,-3.8178227,0.70421875,-0.26539245,3.014456,8.680806,3.485402,2.9135776,2.3748033,-3.193219,3.2156754,6.824643,3.9857688,-2.0327861,2.7599812,4.8750877,7.545863,0.18386073,-3.9446604,0.42336345,8.175011,0.035240415,-2.6197102,4.4258595,6.5974617,-0.3170824,2.893589,9.420348,-0.41716293,0.4647144,6.481271,-1.0761763,0.52705693,-0.43030813,6.1250496,5.076989,-4.555119
1699,0.97588086,3.565819,5.9308505,1.290531,-3.7391322,1.4447939,0.5184491,3.2989602,9.163504,3.409519,1.9964608,1.8806838,-2.5966766,2.7119315,7.76215,2.3491554,-2.2400854,2.7566361,6.2828946,6.4491825,-2.5766273,-2.9167356,-0.80725986,8.141913,-0.42757303,-2.0484815,3.791177,7.0705976,-0.27619863,3.103586,9.286728,-1.0576075,0.93636,6.554997,-0.5804175,1.1596843,0.27396375,6.1953473,3.7796392,-5.1318803
1700,1.0689162,4.3682165,5.886706,-0.5532997,-3.2448044,1.6639361,1.4354775,3.8978658,9.474843,2.7085273,1.145039,1.766571,-1.9985015,2.2726784,8.241873,0.7838199,-2.1438482,2.4374478,7.35412,4.42935,-4.4617534,-1.2006234,-1.5520527,8.034745,-0.21436709,-1.4781305,3.3456876,7.394095,0.010844355,3.327593,9.041992,-1.521533,1.4432348,6.683982,-0.09724261,1.5909129,1.0979531,6.3299265,2.1798916,-5.2487726
1701,0.5523502,4.9979076,5.462042,-2.239023,-2.4134088,1.520679,2.320061,4.8246613,9.4345045,1.3626633,0.7008712,1.9060485,-1.3996595,2.0121098,8.418125,-0.51838225,-1.675591,1.9944923,7.944144,1.9383013,-5.115804,0.36203557,-1.3108289,8.002484,0.29379213,-1.0249648,3.1201434,7.654981,0.48655185,3.5697403,8.667311,-1.816214,1.9330812,6.89834,0.3140033,1.8744576,1.965456,6.3699837,0.39409995,-4.9448013
1702,-0.34331557,5.2048254,4.823896,-3.5095558,-1.3754143,1.3223463,3.0999756,6.0069456,8.76475,-0.39727592,0.8785061,2.1475632,-0.8199893,1.9587667,8.406243,-1.443815,-0.87491155,1.7172289,8.129126,-0.4496377,-4.7315598,1.120615,-0.3377744,8.013932,0.669766,-0.70692354,3.0543764,7.917304,1.0868777,3.8080497,8.150577,-1.9694035,2.3560302,7.2033215,0.62761015,2.0650303,2.8190596,6.151571,-1.3781201,-4.1546025
1703,-1.1897471,5.036752,4.1919975,-4.2620287,-0.30908468,1.3542024,3.8164117,7.2373576,7.177179,-2.1179361,1.5738119,2.4827049,-0.29954037,2.0900393,8.269575,-1.9582865,0.11689678,1.8415877,8.028819,-2.3921022,-3.6131165,1.1199025,0.76442087,8.008513,0.7118606,-0.4559943,3.088534,8.220275,1.7562073,3.9934983,7.4907765,-2.0114179,2.674075,7.58061,0.8469563,2.2034748,3.6073945,5.5603275,-2.863418,-2.8556733
1704,-1.5686018,4.7675934,3.657429,-4.5683565,0.61364216,1.7557755,4.583654,8.169247,4.575513,-3.2990272,2.3070915,3.0160468,0.13741526,2.3577013,8.041014,-2.1066577,1.1090782,2.4431427,7.6348996,-3.7787807,-1.9959389,0.86780995,1.6412929,7.985097,0.46141025,-0.18698901,3.2053325,8.580805,2.4282424,4.0535674,6.709866,-1.9586003,2.8676424,7.997319,0.9975159,2.3131335,4.280897,4.5834394,-3.8323333,-1.245692
1705,-1.2925469,4.643765,3.1590745,-4.5751905,1.2637836,2.5172548,5.5088243,8.348004,1.2572914,-3.5898716,2.5062182,3.7247362,0.53127944,2.705339,7.7425714,-1.9915584,1.9479051,3.4159088,6.8232884,-4.6217794,-0.18098037,0.89792615,2.3228881,7.9280553,0.04626132,0.1525543,3.4308581,8.996683,2.9963505,3.9105437,5.8714476,-1.807051,2.9414625,8.416635,1.1171298,2.4018216,4.7960734,3.3190956,-4.2280726,0.2858993
1706,-0.45449314,4.713621,2.5765443,-4.41427,1.5635121,3.5294943,6.578474,7.2930675,-2.0360875,-2.9105568,2.0531926,4.394924,1.0131227,3.090995,7.383337,-1.732412,2.571666,4.532416,5.4926634,-5.0119414,1.4096118,1.4922425,2.9982314,7.7543297,-0.44599488,0.57502604,3.8202655,9.444273,3.2954178,3.5265312,5.089467,-1.5420396,2.9308057,8.806749,1.2409936,2.4656978,5.1234984,1.9302019,-4.1591125,1.3901013
1707,0.6900571,4.8704376,1.812156,-4.156585,1.4880357,4.6112976,7.5472383,4.7536387,-4.359595,-1.6844058,1.4612898,4.8812833,1.7088499,3.4926488,6.9431086,-1.4294958,3.000772,5.5437794,3.6710603,-5.0742283,2.3690557,2.6204789,3.7889335,7.3088026,-0.9815687,1.0548525,4.4380565,9.861358,3.1190417,2.969099,4.498326,-1.1568863,2.9005897,9.146703,1.3821074,2.4939747,5.2551746,0.58330345,-3.7799563,1.9366059
1708,1.871854,4.9759955,0.8436454,-3.798582,1.0777118,5.528368,7.9712224,1.1076497,-5.068762,-0.826321,1.210189,5.245249,2.606734,3.8767545,6.376233,-1.1429805,3.2920585,6.259235,1.5228298,-4.868242,2.474048,4.0069847,4.699334,6.38939,-1.5325598,1.5143154,5.3241644,10.114178,2.295877,2.4492505,4.183358,-0.6658218,2.9278843,9.426565,1.5155271,2.475671,5.2096906,-0.58770657,-3.2018747,2.0126991
1709,2.90759,4.927466,-0.25227246,-3.281133,0.45750317,6.081215,7.5167136,-2.5802922,-4.1025333,-0.83728445,1.1616184,5.6035976,3.6240318,4.1641617,5.6433682,-0.8824336,3.5014486,6.5761757,-0.68761337,-4.31501,1.7903993,5.244572,5.6462803,4.831205,-2.0286047,1.8069484,6.4306116,9.979494,0.82495296,2.2549531,4.143539,-0.106600665,3.0738413,9.640144,1.5785594,2.4101396,5.0327907,-1.4945883,-2.4887235,1.8263838
1710,3.7326314,4.6654186,-1.3221599,-2.54637,-0.17000845,6.2434993,6.2835817,-5.2160463,-1.9595106,-1.1575514,1.0582469,6.0015063,4.716439,4.2237034,4.7458696,-0.6096153,3.6722085,6.4764047,-2.638225,-3.2656941,0.7266349,5.9889865,6.453054,2.65111,-2.316014,1.7580988,7.5575438,9.223361,-1.0100533,2.5513523,4.3658504,0.4627836,3.3626251,9.773437,1.4922025,2.319712,4.788352,-2.100123,-1.6921105,1.6050943
1711,4.3722277,4.1645265,-2.1991143,-1.6108558,-0.5839105,6.183921,4.6857986,-6.449891,0.43359172,-0.9481676,1.0169575,6.417364,5.8076267,3.897857,3.763145,-0.262598,3.8404078,6.0080566,-4.040374,-1.7202424,-0.08021667,6.213184,6.864718,0.15928993,-2.1551948,1.3276358,8.41004,7.80134,-2.7256212,3.1696267,4.9158244,0.9892261,3.7729547,9.794925,1.1985506,2.2558808,4.539231,-2.4178574,-0.87303567,1.5242424
1712,4.878502,3.4240813,-2.7692842,-0.59783137,-0.627381,6.118089,3.0574672,-6.6495476,2.2120192,0.019678636,1.2207328,6.8580823,6.698523,3.0708866,2.884335,0.20309992,4.0391088,5.25438,-4.773825,0.01969429,-0.11880533,6.2352715,6.6591988,-2.131046,-1.3660324,0.8058908,8.841411,5.9329734,-3.9548657,3.6442664,5.8467784,1.4787066,4.2412615,9.651997,0.700813,2.2869232,4.32888,-2.501449,-0.09633243,1.6769829
1713,5.2729344,2.4619818,-2.9975128,0.30766246,-0.2606133,6.1508255,1.4949611,-6.3193207,2.9887164,1.4527537,1.7048328,7.350015,7.107795,1.7756653,2.3603396,0.7952708,4.2840242,4.2948217,-4.9389453,1.4939345,0.7168974,6.3757906,5.7212763,-3.7865515,-0.09626513,0.72988766,8.996524,3.8340607,-4.630765,3.5210478,7.03445,2.05814,4.68174,9.272821,0.08301963,2.4643822,4.1779647,-2.4258397,0.58661264,2.0811253
1714,5.5196257,1.3181108,-2.9031727,0.94893086,0.4361287,6.235066,-0.03368,-5.733063,2.8004398,2.9468203,2.5181508,7.8617344,6.7511535,0.2691232,2.3383353,1.5290747,4.54263,3.1789355,-4.75355,2.365428,2.176913,6.6424437,4.0189424,-4.6510186,1.1062802,1.4424129,9.044036,1.4937912,-4.7773705,2.5896244,8.179035,2.9999835,4.996441,8.566248,-0.5082688,2.7855716,4.094137,-2.2670357,1.1493012,2.7034242
1715,5.5316267,0.06891986,-2.5220296,1.2729437,1.3027364,6.233055,-1.533273,-4.9086437,1.9181558,4.180606,3.789211,8.244653,5.414478,-1.0308318,2.6885026,2.4635553,4.711031,1.9276069,-4.397509,2.5415027,3.84502,6.7446613,1.6571604,-4.7776275,1.627959,2.7304301,8.851375,-1.092953,-4.2094836,0.9925588,8.901486,4.6003027,5.028691,7.436956,-0.9034741,3.1790628,4.075449,-2.084945,1.5894539,3.4817529
1716,5.2035313,-1.1595585,-1.9000114,1.3561556,2.171422,6.0102463,-2.8966362,-3.7493038,0.7693727,4.9520836,5.5536876,8.143023,3.0903728,-1.726254,3.0287752,3.5963488,4.62367,0.5760493,-3.9326906,2.1295626,5.295503,6.3323154,-0.97857,-4.2358127,1.268267,3.9556603,8.161144,-3.5215113,-2.638664,-0.5869173,8.921001,6.814159,4.5266333,5.903033,-0.9526239,3.5360017,4.0972805,-1.912212,1.9196839,4.337789
1717,4.4621043,-2.20435,-1.1283207,1.3692814,2.9397156,5.5004373,-3.940213,-2.2467036,-0.13217488,5.226769,7.5241213,7.002257,0.23210059,-1.6380068,3.0581408,4.7335515,4.135011,-0.7452993,-3.336097,1.3685212,6.2489576,5.2866197,-3.262213,-3.1083298,0.42844012,4.633747,7.0316405,-5.1328344,-0.2713412,-1.104852,8.429052,8.966877,3.2890024,4.3219004,-0.59798783,3.7945213,4.103607,-1.7546271,2.1574163,5.183962
1718,3.3167036,-2.911542,-0.37033468,1.4859141,3.5900092,4.710677,-4.534572,-0.61115605,-0.38975382,5.20681,9.118313,4.465045,-2.1511643,-1.0434177,2.893302,5.62924,3.2307339,-1.8000056,-2.6074781,0.5611173,6.6923413,3.8240273,-4.702815,-1.6767946,-0.22333989,4.8311424,5.7891245,-5.697285,2.0289228,-0.03331246,8.107596,10.15624,1.4064673,3.3497896,0.090992294,3.997858,4.0260715,-1.6073489,2.320078,5.933008
1719,1.8809718,-3.1822553,0.18485126,1.7827307,4.1413794,3.6852446,-4.6947393,0.80909276,0.08639986,5.246821,9.80787,0.9273807,-3.0280929,-0.6299934,2.8081481,6.2208714,2.0183039,-2.3742135,-1.841222,-0.03771878,6.8219814,2.2843087,-5.243437,-0.38279042,-0.30009162,4.8918386,4.6292853,-5.547029,3.4643664,2.2852128,8.460316,9.75531,-0.7022875,3.40703,1.0820237,4.209206,3.7991655,-1.4694221,2.424004,6.5138383
1720,0.35183248,-2.9811711,0.43322316,2.2090065,4.594518,2.479667,-4.538479,1.7305665,1.1203239,5.608161,9.331819,-2.5393434,-2.0561569,-0.6754652,2.7818952,6.576789,0.67553985,-2.3881004,-1.177817,-0.32047442,6.85096,0.88971835,-5.117497,0.45326546,0.1459782,5.0187335,3.530059,-5.1317368,3.7866914,5.14253,9.310994,7.337339,-2.4494905,4.159405,2.5162861,4.371933,3.3395886,-1.3305635,2.4826682,6.8865604
1721,-1.0408217,-2.3264744,0.4393552,2.6548378,4.9213395,1.1647074,-4.1784167,2.0511646,2.4318175,6.286682,7.6275835,-4.932134,0.15587327,-0.5524503,2.7868216,6.7398453,-0.5790212,-1.8932605,-0.6886244,-0.32004988,6.8871136,-0.27937135,-4.564016,0.77573776,0.8472604,5.2152233,2.3988423,-4.7163324,3.144968,7.785854,9.751462,2.9144251,-3.2625446,4.5873985,4.3727226,4.2937713,2.5726812,-1.1464524,2.5093794,7.047075
1722,-2.0968952,-1.3030881,0.41416723,3.0555277,5.079561,-0.16314332,-3.6551907,1.8474165,3.728588,7.00764,4.8256493,-5.9670424,2.268712,0.4052748,2.9936025,6.664646,-1.5868218,-1.020927,-0.32392335,-0.119734995,6.943358,-1.1998271,-3.721865,0.7328546,1.5545057,5.4078083,1.1849315,-4.3323593,1.8499234,9.518475,8.676612,-2.2611327,-2.7913585,4.0032077,6.095138,3.88198,1.5780537,-0.86352175,2.5328996,7.020361
1723,-2.708374,-0.08006782,0.596459,3.430841,5.0181494,-1.3871231,-2.9502347,1.3335282,4.761997,7.356134,1.3418424,-5.9591975,3.1067436,2.0493956,3.4439516,6.2301617,-2.2872443,0.05238526,0.038785234,0.2215111,6.9906077,-1.8550699,-2.670653,0.5585115,2.1430025,5.5228786,-0.07526109,-3.8403826,0.28591853,10.064478,6.0095906,-6.1270323,-1.4540496,3.0671713,7.177035,3.2872512,0.6009854,-0.487734,2.6061885,6.8473587
1724,-2.8901186,1.1256876,1.1298702,3.8265383,4.6746726,-2.3892822,-2.0588121,0.80117,5.424384,7.00511,-2.1329365,-5.1793013,2.4454064,3.6566355,4.0790377,5.323045,-2.6806123,1.1168517,0.5170297,0.68198884,6.9876227,-2.2368248,-1.4943984,0.4724429,2.614775,5.5034075,-1.2616969,-3.0557525,-1.1417209,9.80944,2.8586903,-7.7880206,-0.45952517,2.691213,7.744585,2.5567093,-0.15005392,-0.078944065,2.7805731,6.5692353
1725,-2.7542186,2.1331766,2.0209534,4.2285213,3.9856336,-3.0728893,-1.066761,0.5177122,5.7998605,5.890734,-4.851904,-3.700004,1.0310676,4.6355987,4.8684063,3.9287949,-2.81812,1.9681356,1.1702435,1.2543179,6.8873587,-2.3653407,-0.30434126,0.61857194,3.0376418,5.3068953,-2.2201295,-1.9017724,-2.080838,9.413587,0.20323981,-7.732782,-0.5117905,2.6411903,8.083801,1.6399362,-0.5554317,0.29778054,3.0735292,6.2176833
1726,-2.4475605,2.8578527,3.1740518,4.5249662,2.9266512,-3.3821378,-0.15753268,0.6190101,6.053951,4.1794715,-6.3865814,-1.8361568,-0.041614525,4.971144,5.642967,2.1616633,-2.739355,2.4664495,1.9859053,1.9272721,6.636754,-2.2994924,0.78289163,1.050263,3.4697256,4.900971,-2.8368154,-0.49813336,-2.2850046,9.303854,-1.6763233,-6.559014,-1.2513493,2.2590787,8.325301,0.71350324,-0.57682383,0.6120967,3.4620283,5.816199
1727,-2.0955064,3.3089876,4.4433355,4.528387,1.5754733,-3.3125718,0.47814706,1.0684078,6.2627664,2.1111405,-6.7978973,-0.2658725,-0.21119775,5.0514603,6.1003017,0.25211525,-2.4092557,2.5831745,2.889695,2.6816888,6.1783266,-2.1259117,1.6808997,1.7516067,3.9119537,4.2619467,-3.0913892,0.88360083,-1.6522864,9.485144,-2.845625,-4.5987983,-1.9456279,1.4275655,8.491337,0.11752324,-0.29808503,0.9002436,3.90588,5.3792553
1728,-1.7776868,3.5467634,5.6679144,4.04856,0.15601657,-2.9183495,0.76726294,1.7067219,6.365003,-0.07960765,-6.38356,0.46515027,0.29300317,5.1963563,6.0231986,-1.5250404,-1.78459,2.4399571,3.7789555,3.4795403,5.457645,-1.9292672,2.3500926,2.667285,4.29852,3.3811395,-3.0496786,1.9620657,-0.27773672,9.632517,-3.4308739,-2.170561,-2.150507,0.5298846,8.56706,0.05975504,0.09111067,1.2269435,4.3755293,4.903109
1729,-1.5292258,3.6394258,6.6973763,3.0050333,-0.9974805,-2.3284976,0.80326515,2.3627405,6.2459965,-2.1400256,-5.355391,0.33630937,0.92075026,5.491334,5.3642125,-2.9371011,-0.9347386,2.2874038,4.585549,4.232638,4.4415636,-1.7538137,2.7867854,3.7186005,4.5119433,2.2824116,-2.805508,2.5787957,1.5335574,9.371586,-3.581054,0.32052374,-1.8244462,-0.04479195,8.561681,0.46945137,0.39497402,1.6123635,4.853743,4.36414
1730,-1.3492806,3.640794,7.4217076,1.5209295,-1.5721608,-1.7297251,0.7621831,2.9462094,5.833579,-3.8006282,-3.819932,-0.2142225,1.3034232,5.87688,4.2203717,-3.857773,-0.080582246,2.36992,5.3163967,4.776783,3.149007,-1.5772117,3.0055308,4.8029737,4.4160495,1.0509514,-2.4260747,2.7444205,3.3765528,8.55169,-3.4637263,2.5060232,-1.106024,-0.17314067,8.518283,1.0931473,0.5120065,2.0228345,5.323939,3.7331634
1731,-1.2093649,3.5879707,7.799672,-0.09057525,-1.4187218,-1.2584898,0.77213985,3.451459,5.1313477,-4.8676023,-1.9696013,-0.62150025,1.4350977,6.247065,2.778219,-4.277353,0.50357884,2.7646112,6.0218887,4.8935876,1.6875839,-1.3270541,3.0451975,5.796985,3.9110787,-0.14645149,-1.9513528,2.6041546,4.933411,7.292807,-3.2147398,4.174703,-0.12129522,0.062302075,8.484809,1.6673707,0.4509788,2.4143808,5.7651873,2.9933627
1732,-1.0622274,3.5106566,7.865866,-1.460327,-0.60638195,-0.88605934,0.87724334,3.9015877,4.1999135,-5.3214626,-0.15552564,-0.5313059,1.5288014,6.520837,1.2326663,-4.24168,0.64977884,3.340826,6.723719,4.38916,0.2724064,-0.9530466,2.9957378,6.586951,2.9935658,-1.0901881,-1.436833,2.3601289,6.084019,5.8291407,-2.914198,5.277127,1.0553787,0.5269061,8.478963,2.0132797,0.28402767,2.7611365,6.1520677,2.1514914
1733,-0.8538063,3.4431586,7.7066274,-2.3256078,0.61540127,-0.44890067,1.0867755,4.3064675,3.1187172,-5.302652,1.2640901,0.09165375,1.7661421,6.648646,-0.2643416,-3.7805915,0.39077356,3.8635368,7.3664126,3.207853,-0.8104829,-0.508368,2.9870543,7.110652,1.7724811,-1.5894608,-0.96940684,2.178284,6.8697596,4.3449726,-2.6019685,5.8662515,2.3740602,1.1269629,8.466323,2.0446322,0.10241659,3.0558412,6.4554577,1.2424618
1734,-0.5401205,3.4325337,7.4176764,-2.6174996,1.9214524,0.20071863,1.3991352,4.6458507,1.956474,-4.9966207,2.0911057,1.0809888,2.2023494,6.5643783,-1.5881609,-2.9044778,-0.05221724,4.157224,7.8321166,1.5259856,-1.303535,-0.13229401,3.1070428,7.36114,0.42911738,-1.5524392,-0.6141365,2.1293416,7.385164,2.924955,-2.2887573,6.0383,3.7916136,1.827424,8.355305,1.746699,-0.0036565925,3.305613,6.6448035,0.32708108
1735,-0.10672062,3.5374193,7.0683875,-2.4412925,3.0445774,1.0902516,1.7873076,4.862546,0.77165234,-4.52958,2.3157904,2.2167146,2.815763,6.1673656,-2.6215088,-1.6817722,-0.36894214,4.2284136,8.013147,-0.27490819,-1.0866438,0.106642894,3.3443177,7.3563757,-0.8331288,-1.002825,-0.3436821,2.2099068,7.7012186,1.5933317,-1.9563764,5.9009132,5.2654343,2.6165085,8.000442,1.1665672,0.041507345,3.5357342,6.6911407,-0.5214711
1736,0.4180809,3.8136678,6.68857,-1.9924674,3.8614192,2.144624,2.1974068,4.873639,-0.36323485,-3.9421844,2.063608,3.3024933,3.5501728,5.3578777,-3.2847917,-0.31240436,-0.30633366,4.2478557,7.867808,-1.7900981,-0.23902346,0.34119934,3.6537623,7.116719,-1.8363873,-0.069540486,-0.0316837,2.411279,7.844693,0.36132652,-1.5643684,5.572787,6.742671,3.4349473,7.22192,0.42351967,0.27118635,3.7946615,6.5682793,-1.2430143
1737,0.9658438,4.2906556,6.27516,-1.470581,4.3848815,3.26209,2.5582612,4.6059737,-1.3454202,-3.2326767,1.5434428,4.197508,4.3063765,4.094791,-3.5740058,0.90670925,0.22499034,4.3998723,7.3975487,-2.7910984,0.9696591,0.82862014,4.039728,6.642818,-2.487287,1.0381124,0.47708637,2.7542334,7.797952,-0.7557676,-1.0709804,5.2003,8.147035,4.093849,5.8842373,-0.2811303,0.6362277,4.1397266,6.2520556,-1.8152974
1738,1.445886,4.952003,5.8077326,-1.024083,4.697961,4.3641653,2.7803297,4.042302,-2.060031,-2.4242911,0.9963792,4.8425775,4.933205,2.4450495,-3.5377975,1.7117306,1.143178,4.7525396,6.592924,-3.2843938,2.17425,1.7538762,4.5130997,5.888277,-2.803554,2.083405,1.2841114,3.2602756,7.494235,-1.7394247,-0.46802822,4.9625354,9.375817,4.2477903,4.0645804,-0.70745677,1.0077496,4.5918922,5.7242393,-2.256784
1739,1.7668535,5.7325063,5.2672973,-0.7281462,4.8881526,5.397111,2.7583938,3.2585993,-2.4285583,-1.5976906,0.62211215,5.2713275,5.261245,0.5964033,-3.214276,1.9928864,2.254,5.2468243,5.4231143,-3.424505,3.054138,3.1143413,4.989483,4.766925,-2.867081,2.8631907,2.3994007,3.901267,6.8173995,-2.5674663,0.1778467,5.032721,10.303446,3.5255368,2.2040124,-0.7157514,1.2851678,5.102051,4.9844604,-2.5998888
1740,1.8541397,6.5314536,4.658789,-0.58739686,5.01229,6.3104033,2.4036994,2.4301977,-2.4521737,-0.85415983,0.51587355,5.576653,5.1637964,-1.1850083,-2.615513,1.8450803,3.3349452,5.7488556,3.8765774,-3.372439,3.4218173,4.7257075,5.264947,3.229166,-2.7426593,3.2476041,3.7384377,4.5667267,5.6347823,-3.206992,0.70224315,5.483477,10.768148,1.8214928,0.99658376,-0.399219,1.5073586,5.589967,4.0511737,-2.8589249
1741,1.6649978,7.237066,4.0323105,-0.5571772,5.0931582,7.0441127,1.7025484,1.7870858,-2.2111263,-0.24894832,0.6697569,5.8467255,4.5958962,-2.639097,-1.7914956,1.5311056,4.2342734,6.089381,2.0202086,-3.1848145,3.2352693,6.286452,5.102811,1.3882906,-2.4415653,3.2127323,5.1307864,5.057621,3.8885682,-3.5964253,0.88259697,6.1801043,10.584969,-0.46897757,0.9670113,0.050797533,1.781469,6.0003104,2.944751,-3.0146317
1742,1.2070585,7.7557464,3.4863107,-0.57701373,5.1363964,7.541184,0.76025325,1.5258639,-1.8123544,0.23141591,1.0277002,6.1175556,3.5925758,-3.5950165,-0.89924204,1.345774,4.9344068,6.0884957,0.038680952,-2.7924652,2.604984,7.4931273,4.3958926,-0.4249775,-1.9733831,2.8765974,6.368682,5.124436,1.7280072,-3.6283996,0.57294464,6.788313,9.7091,-2.5766945,2.055413,0.69912434,2.1627946,6.2840233,1.6919135,-3.0065145
1743,0.56586,8.03864,3.1342332,-0.6031665,5.1494484,7.776954,-0.21900272,1.7232744,-1.3187915,0.6350644,1.5347929,6.360853,2.2478724,-4.0000935,-0.17396691,1.4474252,5.511384,5.5957737,-1.7840757,-2.1010873,1.8153234,8.203476,3.2695422,-1.8151805,-1.4230464,2.4659383,7.308007,4.5713024,-0.43240556,-3.2000341,-0.124412715,6.999775,8.422799,-3.883792,3.6006415,1.8559713,2.6505373,6.338607,0.3618735,-2.7375236
1744,-0.07259419,8.101516,3.0377088,-0.6225427,5.146944,7.780005,-1.0186814,2.3047972,-0.71911436,1.0020362,2.1488984,6.4947376,0.7003894,-3.8771513,0.20064206,1.7903136,6.0275583,4.545845,-3.158097,-1.1660676,1.2502452,8.509796,1.9695505,-2.557314,-0.932098,2.1765368,7.926636,3.3831792,-2.070681,-2.3653486,-0.8507057,6.793988,7.1664834,-4.3159876,4.838679,3.6349645,3.1547716,5.988588,-0.89063656,-2.12929
1745,-0.45870882,8.028354,3.1482508,-0.6417486,5.143437,7.6252766,-1.5018356,3.088717,0.03290427,1.346533,2.8252707,6.408219,-0.8683468,-3.2688737,0.21663076,2.205424,6.46952,3.0053535,-3.9063268,-0.2617498,1.1718193,8.599586,0.6686433,-2.6388512,-0.5999712,2.0671272,8.274416,1.7666267,-2.847048,-1.4077992,-1.2546141,6.403153,6.179508,-4.1793075,5.4003396,5.7734694,3.4702878,5.088831,-1.8299553,-1.2356018
1746,-0.41325715,7.934607,3.3149967,-0.6674211,5.1462235,7.4060974,-1.6445737,3.876575,0.9525867,1.6629533,3.4990354,6.0026894,-2.2458794,-2.2490175,0.063498214,2.5536792,6.7695813,1.1785067,-4.000491,0.29033703,1.5389171,8.566945,-0.55008507,-2.1405616,-0.41849113,2.093479,8.402155,0.061777126,-2.7327633,-0.64415497,-1.2465965,6.05667,5.4422584,-3.8151286,5.3262153,7.8496013,3.353128,3.7257164,-2.2647,-0.2868741
1747,0.05504262,7.9037056,3.3602898,-0.6965479,5.1541305,7.205976,-1.5054382,4.531633,1.9968951,1.9418778,4.084607,5.2445793,-3.243732,-0.98756987,0.02325952,2.8289137,6.8567133,-0.6506779,-3.492219,0.38201094,2.0761578,8.40778,-1.5820767,-1.1761534,-0.26974535,2.2100174,8.344355,-1.396853,-1.9106123,-0.16936246,-0.95323354,5.850062,4.8400946,-3.448555,4.8230906,9.520642,2.6744955,2.2983875,-2.200977,0.47137573
1748,0.8026444,7.9576406,3.1523786,-0.7150093,5.1598473,7.0831776,-1.1716567,5.004609,3.0863686,2.1779153,4.494003,4.197616,-3.7753162,0.2447692,0.30456948,3.1261559,6.6778226,-2.2116594,-2.4666817,0.20539933,2.5319557,8.130579,-2.2768931,0.077004015,0.021679655,2.429749,8.123642,-2.3909957,-0.6486238,0.16042462,-0.5184289,5.78859,4.267967,-3.187254,4.080539,10.637346,1.5906177,1.3067068,-1.8293885,0.97289413
1749,1.6916006,8.063566,2.6256087,-0.6949836,5.1547165,7.0671525,-0.7197626,5.312343,4.139462,2.3602486,4.66093,3.0064583,-3.8807745,1.1872313,0.94508773,3.5272036,6.186785,-3.3251004,-1.09026,0.11126357,2.8643095,7.783148,-2.5404704,1.3780314,0.59612966,2.797413,7.7408123,-2.8698099,0.76221615,0.5557288,-0.007867031,5.847391,3.6438463,-3.056706,3.2069235,11.250803,0.5369261,0.9988571,-1.345611,1.3064982
1750,2.6466444,8.138238,1.7716682,-0.59143853,5.1385612,7.1602135,-0.2014282,5.5010796,5.0882545,2.4574642,4.561412,1.8456433,-3.6742036,1.7120746,1.839101,4.0302734,5.3410716,-3.942411,0.35063887,0.3855392,3.19482,7.3925877,-2.419185,2.5043254,1.4920673,3.3191845,7.1639223,-2.9292548,2.0622485,1.14639,0.56214607,5.9820943,2.901756,-3.023996,2.2377574,11.524922,-0.013489513,1.2165277,-0.8235986,1.5768602
1751,3.629772,8.050894,0.64134127,-0.35023192,5.137412,7.3410254,0.35051525,5.617909,5.874677,2.4169037,4.231179,0.8682897,-3.2757494,1.8514411,2.8265786,4.5543156,4.125709,-4.1338024,1.5241613,1.116212,3.640994,6.9274564,-2.071734,3.3363225,2.6558743,3.9234285,6.3357844,-2.7340856,3.0793293,1.9540845,1.180621,6.1154857,2.002126,-3.0034606,1.1771783,11.606051,0.19559892,1.5322956,-0.27919948,1.8445951
1752,4.608658,7.64117,-0.6448381,0.054565404,5.221743,7.572226,0.902055,5.6956906,6.4440856,2.1890728,3.7725348,0.16989778,-2.7793858,1.7380435,3.7678018,4.9693766,2.5873537,-4.015992,2.1872625,2.1991968,4.226017,6.3058796,-1.6767215,3.8690016,3.9924169,4.463441,5.202727,-2.4269857,3.744688,2.9371896,1.8309693,6.132113,0.9605969,-2.862409,0.058355685,11.533218,1.1110988,1.5057777,0.23004559,2.1448495
1753,5.542041,6.755474,-1.909269,0.5558767,5.4943223,7.8150077,1.3923075,5.747635,6.752361,1.767256,3.331514,-0.22807503,-2.2489374,1.5258876,4.5792274,5.130588,0.85838383,-3.6649427,2.2702096,3.4164295,4.9007363,5.425384,-1.3551583,4.1607547,5.395085,4.7333603,3.7679615,-2.0718734,4.0677576,4.031497,2.48682,5.8933744,-0.1238559,-2.459797,-0.9939546,11.2518015,2.4109607,0.8888246,0.64609087,2.5168548
1754,6.3622346,5.2916007,-2.960435,0.950323,6.011787,8.048263,1.7240112,5.7694726,6.7897983,1.2121764,3.041478,-0.36530232,-1.7222404,1.3368583,5.235934,4.9211774,-0.8456508,-3.0929146,1.8925738,4.528589,5.5805793,4.209454,-1.1360867,4.2752805,6.7407584,4.507027,2.1637197,-1.6631901,4.1145773,5.161326,3.0910246,5.2776217,-1.0757782,-1.7353952,-1.7565695,10.735395,3.624551,-0.27454567,1.003297,3.014346
1755,6.9433117,3.2450047,-3.6149263,0.95609176,6.6675177,8.290342,1.799516,5.751304,6.6047287,0.63385475,2.9667692,-0.30472,-1.219082,1.2440724,5.7523966,4.295224,-2.2755637,-2.3158684,1.3263451,5.3730154,6.143395,2.6643631,-0.9570622,4.260497,7.880757,3.6382613,0.6865298,-1.2003509,4.0069337,6.2447896,3.5280206,4.2466,-1.7104409,-0.79415596,-2.0144854,10.10188,4.325496,-1.6833303,1.3775973,3.7051456
1756,7.077563,0.77236664,-3.6659064,0.4103669,7.16128,8.613347,1.5989815,5.6949153,6.2973933,0.13944933,3.0895514,-0.098290235,-0.75136703,1.2788363,6.1544323,3.2949493,-3.23615,-1.4405864,0.88160235,5.9342065,6.4277034,0.9168941,-0.7007733,4.1786494,8.666763,2.1933603,-0.28905421,-0.75019366,3.8932989,7.211922,3.6247683,2.9137137,-1.9294109,0.13063368,-1.7073594,9.562702,4.292099,-2.9715085,1.7206936,4.6330657
1757,6.528604,-1.7308049,-2.921823,-0.47853026,7.1851864,9.094785,1.2377203,5.620612,5.974289,-0.20981492,3.3428895,0.2215986,-0.32961568,1.443422,6.4548197,2.0327406,-3.6487436,-0.660496,0.74726605,6.319843,6.27721,-0.80831105,-0.281067,4.151451,9.006754,0.47735417,-0.49888614,-0.38228926,3.8748658,8.010608,3.2169652,1.5559728,-1.7707055,0.84276026,-0.95431906,9.253937,3.5051005,-3.9012244,1.813832,5.705105
1758,5.247347,-3.7004383,-1.4708749,-1.1208245,6.7451077,9.694494,0.92484707,5.552251,5.6951933,-0.40334177,3.6538277,0.6323598,0.036999054,1.7209787,6.6420484,0.6573843,-3.5363355,-0.14345488,0.9168038,6.652666,5.602666,-2.2765322,0.25323078,4.334617,8.886306,-1.1235908,0.070976295,-0.0257208,3.9882782,8.580559,2.261236,0.5288926,-1.3819021,1.307662,0.056841068,9.146182,2.0598645,-4.3559012,1.4236693,6.6384926
1759,3.5822127,-4.7684927,0.15220857,-1.0082126,6.217768,10.238283,0.8104766,5.489437,5.4600043,-0.458119,3.966964,1.1108751,0.34426376,2.0824265,6.685498,-0.6719639,-2.9670858,0.08078797,1.2574865,6.9826374,4.4115186,-3.3313823,0.6930861,4.791229,8.336841,-2.3425303,1.180534,0.5450854,4.2744527,8.823943,0.8995009,0.12127196,-0.92873853,1.6169566,1.1805677,9.069616,0.14886674,-4.191235,0.51805687,7.139644
1760,2.0783753,-5.02171,1.3562589,-0.13318095,6.0113564,10.556979,0.8438688,5.4083138,5.249391,-0.395273,4.2484007,1.6297553,0.5958883,2.4924102,6.553198,-1.8048813,-2.0308707,0.13892986,1.640666,7.278251,2.805833,-3.9035723,0.7835901,5.3855467,7.439866,-3.1020126,2.4361513,1.5608615,4.792722,8.587648,-0.58712566,0.43357036,-0.4737733,1.8770707,2.3357015,8.780301,-1.8825761,-3.2016835,-0.5922002,7.1778626
1761,1.0067397,-4.7865067,1.9223421,1.1768218,6.3245473,10.5299015,0.7989998,5.3129735,5.08011,-0.23478666,4.482967,2.1589851,0.803368,2.9150486,6.2324214,-2.6271985,-0.85988414,0.2387637,2.026744,7.4635797,0.9684762,-3.9410443,0.40872225,5.8497877,6.382355,-3.4597728,3.4484076,3.1087582,5.520423,7.65459,-1.887134,1.3147371,0.08034068,2.1550844,3.4617462,8.053214,-3.5667534,-1.3725551,-1.2888368,7.037646
1762,0.20718443,-4.3096128,1.9345586,2.5914474,7.173226,9.993351,0.4351286,5.2763834,5.023307,-0.0061875135,4.6707973,2.671463,0.98250884,3.318545,5.741091,-3.093475,0.36320722,0.5618979,2.4586005,7.448707,-0.8557699,-3.3666878,-0.28528324,5.9927363,5.420799,-3.530545,3.9789052,5.074699,6.2276487,5.8110967,-2.7499642,2.3634076,0.894586,2.4883332,4.471021,6.7923727,-4.5544763,0.8278964,-0.9696708,7.0293064
1763,-0.6833164,-3.6507807,1.5589526,3.8708177,8.421813,8.68177,-0.3192491,5.3871746,5.178607,0.24320218,4.8208156,3.1505094,1.1480862,3.6773124,5.1234193,-3.23733,1.4479675,1.1951576,2.9916327,7.13663,-2.397709,-2.163973,-0.9161868,5.85518,4.716306,-3.4393008,3.9905744,7.1589007,6.431632,3.0848796,-3.0271778,3.0733826,2.0033076,2.9051764,5.232002,5.0775537,-4.8456345,2.6264694,0.5069152,7.090969
1764,-1.8890516,-2.729086,0.99513465,4.8398337,9.745837,6.339984,-1.2399552,5.5890684,5.6236806,0.46221477,4.9409738,3.5946708,1.3093059,3.9715075,4.434679,-3.145007,2.2587278,2.1267798,3.6253684,6.4297824,-3.4448652,-0.53153205,-1.0549618,5.665497,4.2229815,-3.3021004,3.5872731,8.965554,5.588194,0.045085005,-2.7215118,3.164727,3.2360785,3.4470322,5.586882,3.1040144,-4.6837153,3.4802074,2.677149,6.778311
1765,-3.219891,-1.5117074,0.54062,5.443121,10.660766,3.0296838,-1.8480825,5.600998,6.3295813,0.6452323,5.0315533,4.012566,1.4682151,4.185562,3.7266285,-2.9115903,2.7454624,3.277078,4.2708607,5.2615037,-3.936245,1.1023293,-0.46749166,5.6270986,3.740444,-3.210111,2.9083233,10.182744,3.582776,-2.3011942,-2.1148396,2.8115895,4.3786893,4.1410623,5.375147,1.1086427,-4.274635,3.3390584,4.7723937,5.715077
1766,-4.203488,-0.24671695,0.5167341,5.8423414,10.712865,-0.6602019,-1.6642827,5.224072,7.0976906,0.8816373,5.0835905,4.4024553,1.6212195,4.307985,3.0409155,-2.6090276,2.9331353,4.5265265,4.7517548,3.6473644,-3.9673078,2.2870429,0.77150023,5.7424326,3.0310988,-3.1912196,2.0487392,10.752761,1.0425392,-3.1894648,-1.6682571,2.3625307,5.3595285,4.8975754,4.460536,-0.6224565,-3.69625,2.5278623,6.222646,3.9980304
1767,-4.5562425,0.6514609,1.0129522,6.3000727,9.66323,-3.8725624,-0.5943787,4.811733,7.6899004,1.2650455,5.078089,4.734333,1.7632995,4.3338747,2.4093256,-2.2770462,2.8933468,5.7360687,4.843277,1.7373463,-3.6818936,2.784414,2.3453963,5.8358507,1.9325796,-3.1607482,1.0467665,10.862555,-1.0219668,-2.5971637,-1.5188549,1.9614227,6.2017407,5.4796185,2.8346236,-1.7478719,-3.0257008,1.5060929,6.947934,2.1069617
1768,-4.3259187,0.9785626,1.8205945,6.9097314,7.492934,-6.0434666,0.74224675,5.045202,8.030296,1.6657245,5.00296,4.980027,1.8924018,4.2675734,1.8556827,-1.9304007,2.7183943,6.773753,4.3622556,-0.16265844,-3.185197,2.6478071,3.8647692,5.698335,0.4778401,-2.9259799,-0.049756914,10.764298,-1.8488967,-1.147696,-1.36255,1.6541764,6.906356,5.601456,0.7619014,-2.008093,-2.4162183,0.6278776,7.2086306,0.48125058
1769,-3.6785986,0.8567362,2.6396759,7.5044184,4.369622,-7.1427035,1.2396939,5.99075,8.199519,1.7588907,4.889363,5.175825,2.005238,4.1197567,1.3971118,-1.5712919,2.5020483,7.5491185,3.281774,-1.6610714,-2.5747647,2.1475654,5.0526147,5.2089925,-1.0643877,-2.2986438,-1.0727526,10.60175,-1.2733184,0.26389298,-0.9727718,1.5233743,7.4638586,5.064794,-1.2438374,-1.4254364,-1.9550399,0.029873718,7.2810116,-0.683133
1770,-2.7670026,0.5719606,3.2822726,7.7851977,0.70044255,-7.23194,0.18599074,6.725136,8.43571,1.418865,4.8038545,5.415556,2.0842874,3.9012134,1.0464389,-1.1995254,2.3252337,8.034205,1.7833761,-2.4447432,-1.9909483,1.594,5.843395,4.3795223,-2.334699,-1.2665817,-1.703559,10.385274,0.2645902,0.94516623,-0.46947157,1.5932269,7.883023,3.86499,-2.685868,-0.3545329,-1.5476142,-0.28404164,7.3123717,-1.3570123
1771,-1.7369646,0.38472584,3.7374163,7.5186453,-2.798792,-5.997,-1.9433147,6.149406,9.06261,0.9841378,4.7795606,5.7550855,2.094554,3.6245587,0.81496716,-0.8178595,2.2466004,8.252952,0.18784139,-2.4073293,-1.55138,1.170957,6.3253894,3.3236637,-3.1075602,-0.06200015,-1.6465739,10.116278,1.9599464,0.70973605,-0.030691309,1.8228805,8.159143,2.193082,-3.3357625,0.7021582,-1.0527714,-0.33723718,7.349267,-1.5868664
1772,-0.7343674,0.43044797,4.102419,6.666888,-5.2908177,-3.2676046,-3.625458,4.240193,9.988431,1.1101267,4.7662826,6.1171093,2.003383,3.3171582,0.711013,-0.43228626,2.2987857,8.250305,-1.1806751,-1.6507941,-1.2405102,0.92361206,6.616828,2.188229,-3.3740616,0.97807044,-0.8598406,9.880146,3.0384073,-0.16810665,0.35494912,2.1891246,8.254708,0.33647287,-3.2261114,1.3872547,-0.44846588,-0.16350427,7.3910084,-1.463091
1773,0.12525696,0.72186667,4.4623175,5.3700147,-6.377305,0.14281468,-3.7609708,2.1945121,10.718002,2.2320817,4.59797,6.2844615,1.8291801,3.0293694,0.7324922,-0.048225973,2.4897742,8.068473,-2.1050413,-0.41951132,-0.9176594,0.85573286,6.800386,1.092204,-3.248367,1.625582,0.43185064,9.7642565,3.0633016,-1.1899999,0.7496046,2.7143614,8.10387,-1.4271921,-2.4964926,1.6542836,0.1830597,0.19740674,7.4200606,-1.1063114
1774,0.78771824,1.2048613,4.822215,3.8234825,-6.361387,2.9871476,-2.5568361,1.0055839,11.049892,4.031615,4.046111,6.0822744,1.6909406,2.8087916,0.85859793,0.33413827,2.8080268,7.742025,-2.5231318,0.978868,-0.43447733,0.97971356,6.9141884,0.10158518,-2.8448763,1.8522708,1.9068997,9.718339,1.9979584,-1.8655753,1.0645624,3.398523,7.630302,-2.886573,-1.3237083,1.7212533,0.7603691,0.7121151,7.418553,-0.65106976
1775,1.2638081,1.810684,5.1153164,2.1775956,-5.82479,4.627724,-0.72338015,0.7530955,11.161602,5.709169,2.9738915,5.6256456,1.7618222,2.6545353,1.0505058,0.7217383,3.2298071,7.3018613,-2.5130353,2.2688067,0.27335975,1.2935874,6.9516387,-0.7568492,-2.2302332,1.7887611,3.2967098,9.531722,0.1524457,-1.8482136,1.1535922,4.127821,6.8040905,-3.9146233,0.042564288,1.8971167,1.2579393,1.3455858,7.3745623,-0.22262008
1776,1.6068037,2.4822936,5.2397485,0.525,-5.1690226,5.0885587,1.2502403,1.1869314,11.272901,6.5391045,1.4614993,5.2760406,2.1562757,2.5140975,1.2623867,1.1274719,3.7264676,6.774601,-2.2306864,3.2859747,1.1856582,1.76067,6.8629513,-1.4657083,-1.444774,1.6446047,4.456734,8.9515,-1.9067054,-1.0165623,1.1071278,4.7438116,5.696016,-4.4849496,1.2842567,2.3928802,1.689248,2.0454216,7.277928,0.08896237
1777,1.8805449,3.1781662,5.088802,-1.0532389,-4.5212855,4.6501846,3.1404755,2.218522,11.44219,6.04864,-0.130846,5.277975,2.8957121,2.3081503,1.4548787,1.5680733,4.2692924,6.1750145,-1.8366065,3.9918613,2.2467265,2.3167357,6.5708823,-2.0015337,-0.5477981,1.6342305,5.3750453,7.8328905,-3.592001,0.4071393,1.3310626,5.2094097,4.399828,-4.67733,2.120122,3.2223468,2.0851326,2.7410104,7.1125097,0.24628304
1778,2.134176,3.863145,4.575576,-2.4408522,-3.8481522,3.6392791,4.840936,3.9365907,11.41614,4.024939,-1.2689016,5.4625583,3.9074566,1.951196,1.6098884,2.0627425,4.8300395,5.4981766,-1.4474537,4.4311028,3.4026785,2.875119,6.0008154,-2.342224,0.35517523,1.9147211,6.107566,6.1776867,-4.609828,1.848837,2.2054024,5.5438776,2.8985882,-4.6096888,2.393083,4.2385206,2.512222,3.36026,6.8519053,0.2656347
1779,2.3912508,4.49567,3.6637125,-3.4833512,-3.103681,2.403312,6.2494907,6.3196993,10.419163,0.6952788,-1.4880407,5.4379044,4.9522533,1.423146,1.7485698,2.632293,5.3750916,4.718022,-1.1204135,4.6767616,4.605125,3.3176272,5.118581,-2.4794772,1.1273413,2.5415583,6.663337,4.0581017,-5.018097,2.6710768,3.6820705,5.603893,1.1232175,-4.320804,2.0741696,5.22981,3.0930693,3.8436909,6.4570704,0.2028989
1780,2.653084,5.0204067,2.3999908,-4.0383754,-2.3328996,1.2793132,7.2403736,8.794622,7.3158407,-2.8225403,-0.85819197,5.190738,5.707269,0.83314455,1.9216261,3.2966392,5.851582,3.7960048,-0.85718733,4.7959027,5.793145,3.492345,3.9728403,-2.4188275,1.6525141,3.4498565,6.9235325,1.5840908,-4.951985,2.5247748,5.259179,5.1544514,-0.8027579,-3.744581,1.2831403,5.9926586,3.9697592,4.1342897,5.8781176,0.1351911
1781,2.9121225,5.372629,0.9257025,-4.038019,-1.6658238,0.48490575,7.7551455,10.177451,1.9349549,-4.6390934,-0.53565156,5.0387645,6.10883,0.29511443,2.1562114,4.0702643,6.1717563,2.7022169,-0.6158921,4.8432264,6.8758616,3.2481112,2.7297454,-2.1761107,1.8943733,4.473803,6.6698613,-0.9996977,-4.3761687,1.5157802,6.35045,4.2145543,-2.4822686,-2.8498614,0.337474,6.3972983,5.191288,4.1535287,5.080631,0.14646032
1782,3.1698809,5.4927773,-0.5524932,-3.5104325,-1.204347,0.04585575,7.9014993,9.587213,-3.731774,-3.4738903,-1.3404701,4.7332077,6.427475,-0.12945655,2.4344482,4.9508944,6.2085295,1.4480062,-0.33386138,4.8767757,7.7354407,2.5123553,1.6616232,-1.7882504,1.9235656,5.418451,5.7327266,-3.2447057,-3.1935718,0.20404896,6.7529907,3.1328635,-3.5672348,-1.7638577,-0.35784066,6.455242,6.6055346,3.802992,4.112358,0.30944422
1783,3.4482255,5.3409486,-1.8256757,-2.565335,-0.9242244,-0.12985505,7.8798203,7.323229,-7.255774,-0.07834679,-1.7653283,4.2040787,6.8131213,-0.338868,2.7203548,5.89277,5.8134246,0.12096912,0.026857743,4.9758425,8.255845,1.3646958,1.0545412,-1.3173279,1.881122,6.151002,4.1515284,-4.697656,-1.6069953,-0.6768407,6.748738,2.1992605,-4.0374727,-0.6978996,-0.5565053,6.322,7.904651,3.0175247,3.1605217,0.6563063
1784,3.774059,4.9010706,-2.749262,-1.377706,-0.6951637,-0.12348244,7.8400846,4.360536,-8.330511,3.0321734,-0.32711005,4.060668,7.039689,-0.3480008,2.9881585,6.7944436,4.8695397,-1.102842,0.41729435,5.2232676,8.357997,0.029431602,1.0719343,-0.8043991,1.9004666,6.629843,2.1759565,-5.2103233,-0.17300871,-0.7359845,6.710527,1.3988613,-4.0613356,0.17069146,-0.25947225,6.217291,8.793197,1.8396679,2.5025392,1.1680539
1785,4.13665,4.175626,-3.275727,-0.1637417,-0.3784397,0.0418323,7.836808,1.3925161,-8.115521,4.033916,2.3556542,4.3945527,6.8145933,-0.3101798,3.2293777,7.532173,3.370903,-1.9970039,0.6822103,5.631826,8.024073,-1.2213427,1.6686897,-0.20351703,2.0610168,6.853023,0.12008816,-4.928717,0.63033974,-0.14077613,6.7533307,0.5830034,-3.7774239,0.7368313,0.38318312,6.3216,9.088891,0.4426403,2.3496704,1.8265105
1786,4.4515986,3.1801276,-3.4362435,0.8685652,0.09843253,0.3725819,7.8418665,-1.3264549,-7.3152866,2.85412,4.814175,5.083011,5.950426,-0.33346352,3.4410899,8.001676,1.4796305,-2.3495347,0.6635975,6.085885,7.325403,-2.1760707,2.6066473,0.61074626,2.3896163,6.794188,-1.7474059,-4.047218,0.7538643,0.6637588,6.803018,-0.309926,-3.2433264,0.9838354,1.187516,6.709174,8.701164,-0.9355808,2.7044847,2.6855118
1787,4.5473886,1.9514322,-3.2927818,1.5761518,0.72963345,0.8722594,7.7561183,-3.628388,-5.7937665,0.51936287,5.9949465,6.179937,4.425572,-0.4504823,3.6085851,8.149357,-0.4836816,-2.018321,0.39135268,6.420281,6.430257,-2.7458394,3.5620117,1.7479525,2.8550825,6.377932,-3.2184432,-2.7245567,0.52794904,1.346604,6.7889028,-1.1987647,-2.4789534,0.9993023,2.0040553,7.3308177,7.585929,-2.0984502,3.3258555,3.83972
1788,4.1889052,0.59890026,-2.9093485,1.9200503,1.4582026,1.5290272,7.4366403,-5.222374,-3.3106198,-1.4629774,5.7843823,7.440317,2.4384856,-0.56005573,3.7050717,7.9912744,-2.1324959,-1.0110369,0.17065781,6.5937014,5.508174,-2.97156,4.2689714,3.2078326,3.340918,5.51345,-4.151911,-1.1933322,0.3907391,1.8570108,6.687156,-1.9423504,-1.5202357,0.9565091,2.7571046,8.027377,5.7490406,-2.9424317,3.8132975,5.2670918
1789,3.226495,-0.6211037,-2.3787267,1.9778087,2.2149403,2.305582,6.762672,-5.873193,-0.2906579,-1.9688724,5.0135984,8.331938,0.42186615,-0.42400673,3.7526822,7.5923767,-3.176762,0.42761976,0.41984513,6.72318,4.5813365,-2.975684,4.5984373,4.859225,3.6379955,4.1893234,-4.5131516,0.19458017,0.6194793,2.3173149,6.476057,-2.445744,-0.45011482,1.0491335,3.4595702,8.560596,3.291098,-3.3955183,3.782623,6.708343
1790,1.8466073,-1.3650079,-1.8457168,1.9014467,2.9543219,3.1254368,5.7031856,-5.697793,2.3387754,-0.91942394,4.589277,8.572437,-1.2596719,0.09347214,3.8886068,7.0120554,-3.573197,1.8753451,1.3792124,6.8939686,3.4943826,-2.8766072,4.5319085,6.4802074,3.5053709,2.5819626,-4.3903127,1.1211691,1.2247154,2.8366945,6.1105204,-2.700763,0.60601354,1.4202677,4.184676,8.6494255,0.4711442,-3.305576,3.0911047,7.7868423
1791,0.5563621,-1.4608432,-1.4154304,1.8227053,3.6655126,3.8719194,4.3190556,-5.1012063,3.9388185,1.1002938,4.750122,8.097534,-2.508249,0.88126135,4.290752,6.2555876,-3.529831,2.96069,2.9666698,6.9664154,2.0407987,-2.6989813,4.103947,7.827345,2.8239188,1.0695376,-3.9546134,1.4948772,2.0383704,3.4412003,5.5320835,-2.7644923,1.5138394,2.1308582,4.9906397,8.006762,-2.2496624,-2.4842176,2.0393534,8.322215
1792,-0.2698305,-1.0460778,-1.0618833,1.805459,4.352836,4.4048023,2.715398,-4.4432034,4.434914,3.469913,5.253579,6.8069143,-3.3574436,1.6392946,5.0180154,5.2725363,-3.345933,3.5221298,4.857784,6.5864806,0.18464082,-2.3435977,3.4069054,8.7297,1.7514141,0.062192287,-3.3955941,1.4654168,2.875183,4.096822,4.692296,-2.7157023,2.1660497,3.1624217,5.822382,6.413286,-4.3149037,-1.0490705,1.3138938,8.462162
1793,-0.70050555,-0.37414223,-0.7007917,1.874499,5.0143867,4.582365,1.0226545,-3.8528178,4.059594,5.7161436,5.7052875,4.6437225,-3.8284516,1.9996227,5.918082,4.033289,-3.2172275,3.5639193,6.6432247,5.4027257,-1.7459209,-1.7228563,2.6572123,9.176644,0.6654489,-0.25273928,-2.8423264,1.2675424,3.628797,4.7269554,3.5734236,-2.6085253,2.4995084,4.41644,6.4371157,3.8635802,-5.365532,0.31863248,1.4395049,8.426487
1794,-1.0054787,0.4032735,-0.2733137,2.045174,5.6324778,4.28872,-0.57965523,-3.2788267,3.1364255,7.476919,5.6873136,1.8509754,-3.8600523,1.71079,6.694669,2.6557858,-3.14241,3.1573112,7.9746795,3.3994434,-3.1561675,-1.0013944,2.1448805,9.306306,-0.11808919,0.010907123,-2.3200448,1.0787687,4.2727013,5.2189255,2.2079003,-2.4372835,2.5018177,5.7049994,6.441444,0.7248395,-5.376311,0.8267744,2.2076492,8.2694
1795,-1.272505,1.2295809,0.26473358,2.3316803,6.1645246,3.4743767,-1.8588259,-2.6445482,2.0289176,8.557145,4.941418,-0.92268556,-3.3630319,0.8608218,7.127452,1.4297886,-2.9986057,2.4357393,8.70971,1.0543216,-3.5961215,-0.53556633,1.9744211,9.281381,-0.5142226,0.592901,-1.796685,0.98787785,4.824708,5.4467673,0.69734585,-2.1360273,2.2318351,6.7900176,5.522481,-2.2533684,-4.511148,0.35503346,2.9102807,8.029308
1796,-1.3688674,2.0389771,0.953889,2.7447832,6.5301995,2.1996667,-2.5911524,-1.9772159,1.072973,9.027728,3.5582645,-2.9457111,-2.4246838,-0.09572067,7.2461243,0.61619407,-2.7070763,1.6065415,8.963978,-0.94176286,-3.026179,-0.44126743,1.982159,9.208872,-0.5705035,1.2524399,-1.2479982,1.0214221,5.3156557,5.3068275,-0.78706425,-1.6300371,1.8463272,7.5068526,3.7415054,-4.2743845,-3.1276853,-0.4632668,3.128171,7.8373866
1797,-1.1674353,2.7357247,1.8024217,3.2791193,6.6057596,0.6527244,-2.6552887,-1.3989965,0.44968742,9.139686,1.8938457,-3.8796344,-1.3793266,-0.6880547,7.2376547,0.2441928,-2.300359,0.8688888,8.97536,-2.101472,-1.7490338,-0.44946074,2.0197353,9.147225,-0.35318685,1.8196402,-0.67837113,1.1741413,5.765756,4.7493525,-2.0455468,-0.92380136,1.5762423,7.857963,1.5291529,-4.9905,-1.8032205,-0.97435063,2.9896278,7.7648683
1798,-0.6703273,3.2455492,2.7688456,3.8906791,6.2449007,-0.8812661,-2.0901742,-0.9861918,0.15355094,9.116926,0.3189271,-3.8361866,-0.56700367,-0.7770916,7.2327294,0.16169962,-1.8582932,0.3287982,8.923597,-2.2923071,-0.23925269,-0.24430202,2.1269937,9.112162,0.03854849,2.1983674,-0.11088481,1.4318439,6.16946,3.7933118,-2.9210541,-0.15615724,1.6211313,7.937095,-0.634338,-4.5523343,-0.9762427,-1.0433036,2.7723513,7.7900505
1799,0.030699523,3.5531578,3.7773364,4.4728885,5.3412604,-2.1030705,-1.1056802,-0.6728288,0.10368833,9.0654,-0.91341996,-3.1067529,-0.089067884,-0.508321,7.2542667,0.19758633,-1.438299,0.0036307045,8.875481,-1.6624918,1.0474416,0.24841169,2.4039667,9.087203,0.4499067,2.372664,0.4362663,1.785375,6.4910493,2.5207858,-3.3445444,0.45147613,2.0258734,7.7825513,-2.4289904,-3.2768037,-0.6474064,-0.857143,2.6229715,7.883004
1800,0.82369703,3.6958811,4.7389607,4.852197,3.918687,-2.8074026,-0.035584275,-0.3187868,0.25191063,9.00613,-1.6789777,-1.979053,0.18046466,-0.06773218,7.28785,0.24185675,-1.057623,-0.12988558,8.831867,-0.51293355,1.8390177,0.8967461,2.885119,9.0374975,0.7146182,2.4024365,0.9689433,2.2332027,6.667386,1.060502,-3.314377,0.7316362,2.6498008,7.365005,-3.6765556,-1.4916463,-0.49494946,-0.5657714,2.5873008,8.033355
1801,1.607428,3.7309608,5.561842,4.8331137,2.1903784,-2.9527748,0.80417556,0.1561974,0.59056306,8.920834,-1.9709116,-0.70548344,0.43197152,0.45180172,7.321536,0.23989904,-0.7050967,-0.100289345,8.784978,0.81878215,2.0853477,1.5409123,3.5509422,8.9090395,0.7156806,2.3961134,1.5173763,2.7728584,6.61383,-0.42540532,-2.85114,0.6849927,3.2728717,6.7021265,-4.310133,0.42952365,-0.16523457,-0.20478119,2.690014,8.238485
1802,2.2916636,3.7026548,6.1603694,4.295959,0.516098,-2.6538706,1.2800983,0.7314771,1.1176022,8.776748,-1.8839569,0.50514364,0.79261535,1.0358855,7.339382,0.16401461,-0.35543954,0.073771246,8.744973,2.0407763,1.8852264,2.1018922,4.3721514,8.622251,0.41598126,2.4682803,2.1276612,3.3841345,6.2363276,-1.7551924,-2.0035386,0.49239197,3.7564077,5.907979,-4.395693,2.1176224,0.51748306,0.20221294,2.9477706,8.496231
1803,2.7929344,3.6244118,6.475476,3.2886772,-0.74805635,-2.1206932,1.4708806,1.3479217,1.8214142,8.540064,-1.5808028,1.5195888,1.3022851,1.69168,7.3068795,-0.0004881727,0.021063881,0.38927385,8.738352,2.943125,1.397087,2.5761368,5.3177238,8.06994,-0.14050093,2.691193,2.8593764,4.0073614,5.45528,-2.7616265,-0.9092159,0.41943246,4.111744,5.105301,-4.1062584,3.3444245,1.5167954,0.59666157,3.343941,8.802488
1804,3.0356195,3.4847264,6.502532,2.0279908,-1.4080461,-1.5669888,1.5418249,1.9728284,2.6777847,8.177313,-1.2400246,2.2996287,1.9558696,2.4169178,7.163724,-0.25349885,0.44877636,0.86138445,8.791496,3.3940697,0.78384614,2.9785752,6.336506,7.1313014,-0.8447205,3.0480213,3.778277,4.5208697,4.2403626,-3.341089,0.17985474,0.66841793,4.426335,4.3321743,-3.63684,4.0699654,2.6832035,0.93959886,3.8292859,9.141698
1805,2.9557803,3.2784328,6.307139,0.7937317,-1.4787165,-1.1139715,1.6131219,2.611598,3.6458511,7.6432676,-1.001982,2.8803434,2.7491639,3.1899707,6.824221,-0.5741705,0.93274343,1.5213187,8.90707,3.3164291,0.1907714,3.3011286,7.3351493,5.715335,-1.54676,3.4072258,4.911817,4.7298083,2.654447,-3.4751596,0.9833587,1.2697228,4.749904,3.5423727,-3.1336248,4.373442,3.8719535,1.2592069,4.354764,9.469311
1806,2.5151331,3.046219,6.0052943,-0.20184745,-1.1112075,-0.7581858,1.7315221,3.288575,4.6621513,6.8671355,-0.93235165,3.319259,3.694354,3.9562564,6.1860414,-0.91681343,1.4425094,2.402533,9.034139,2.6703153,-0.25180873,3.5159903,8.175164,3.8308313,-2.0752053,3.5579286,6.167509,4.4102855,0.90723157,-3.215913,1.3451675,2.084174,5.0596986,2.666096,-2.6681428,4.365196,5.0020247,1.6414379,4.893265,9.694059
1807,1.7357938,2.88475,5.7111692,-0.87772983,-0.48966953,-0.42332172,1.9085726,4.027947,5.627531,5.7575173,-1.0086923,3.64534,4.8016696,4.604142,5.1570807,-1.2087216,1.904066,3.507398,9.037241,1.4709378,-0.4131731,3.6211107,8.707374,1.646759,-2.2452028,3.3411431,7.3068266,3.4624646,-0.63361454,-2.6869535,1.326084,2.9133046,5.299424,1.6706204,-2.2436483,4.143604,6.054412,2.1971428,5.429398,9.670137
1808,0.74240065,2.8972092,5.4951406,-1.2644321,0.23420607,-0.030173643,2.1540775,4.8413935,6.3865504,4.244307,-1.1252843,3.8361528,6.0353045,4.948578,3.7176402,-1.3543018,2.2206585,4.7608867,8.694643,-0.14760306,-0.17954105,3.7051795,8.82695,-0.52210796,-1.889409,2.830313,8.083977,2.0713706,-1.5844687,-2.081832,1.1381191,3.628811,5.4113584,0.5868271,-1.8187257,3.7972796,7.044932,3.0299737,5.919462,9.211867
1809,-0.22769786,3.1038022,5.3836637,-1.4443743,0.96080625,0.47130546,2.487903,5.715976,6.7162166,2.3602698,-1.1213644,3.8531642,7.2698107,4.766518,2.0127847,-1.2656454,2.3396366,5.995615,7.776503,-1.8849126,0.43567902,3.968414,8.48889,-2.3464563,-0.9646966,2.3915775,8.436,0.6114339,-1.7717453,-1.5674437,0.97313386,4.210602,5.3409414,-0.5025218,-1.3414634,3.4271808,8.000547,4.18924,6.2221475,8.154168
1810,-0.8822441,3.3959625,5.3721023,-1.4930781,1.6348522,1.1063854,2.9419076,6.593793,6.3572426,0.32531047,-0.86054844,3.7380104,8.3083105,3.9150019,0.39257738,-0.9366357,2.3270931,7.022356,6.185782,-3.364931,1.1525874,4.5915656,7.6600094,-3.6568866,0.32087958,2.486303,8.446485,-0.6593525,-1.2737272,-1.1736313,0.9153204,4.6949368,5.044868,-1.4935864,-0.79029006,3.1595619,8.950718,5.5766935,6.027815,6.497011
1811,-1.01031,3.6265686,5.417545,-1.4456117,2.2266417,1.8901126,3.5555842,7.3392506,5.1177397,-1.4564192,-0.37344015,3.667117,8.985962,2.4543939,-0.71167177,-0.49767783,2.3404036,7.7334533,4.0233502,-4.3183966,1.4936498,5.4899044,6.325168,-4.4877853,1.5246207,3.336914,8.115512,-1.720375,-0.27586403,-0.8058539,0.9834089,5.120733,4.5032935,-2.2950506,-0.20675895,3.125611,9.928314,6.8150644,4.922497,4.614977
1812,-0.6232499,3.7763057,5.4472346,-1.3089739,2.7168818,2.8344789,4.3553033,7.7027955,3.0327632,-2.5457149,0.0663973,3.808313,9.243148,0.6482085,-1.0056278,-0.12399645,2.4877808,8.105723,1.5316161,-4.603026,1.1156749,6.2822213,4.6422467,-4.949653,2.1768441,4.73024,7.2974477,-2.6272016,1.0121459,-0.31335655,1.1847969,5.5063267,3.7204752,-2.8516114,0.30357736,3.4061255,10.948982,7.2069564,2.7824802,3.258037
1813,0.14197008,3.9517434,5.393761,-1.1041387,3.0963855,3.9461384,5.300062,7.3227,0.49335155,-2.676449,0.16440345,4.0991936,9.100593,-1.1218199,-0.45110023,0.1656355,2.76606,8.128242,-0.9460464,-4.0746603,0.11585452,6.633223,2.99961,-5.1147327,2.0475013,6.1334896,5.9483194,-3.3348818,2.3155692,0.4544159,1.5230803,5.834407,2.7195475,-3.1417303,0.61232305,3.9711637,11.926138,6.017219,0.26228878,2.9567869
1814,1.2575419,4.218575,5.1886783,-0.8763615,3.372265,5.2133994,6.189791,5.8559628,-1.7885985,-1.9384623,-0.014544922,4.335797,8.647534,-2.4666288,0.72620046,0.58090407,3.1540642,7.7749095,-2.9943614,-2.6451807,-0.9352586,6.587604,1.7396894,-5.0314913,1.2630707,7.075327,4.3420715,-3.7360492,3.3108218,1.565551,1.9843657,6.033998,1.5497214,-3.1509585,0.63605917,4.6572924,12.572183,3.0913727,-1.4454005,3.3132467
1815,2.5931096,4.5459447,4.7487187,-0.6635761,3.565588,6.574229,6.5977926,3.2953634,-3.0966935,-0.88024545,-0.092700824,4.4786687,8.013103,-3.1728952,2.1139836,1.3865113,3.6602962,7.008587,-4.2837057,-0.5648651,-1.3025556,6.490597,0.86569816,-4.754093,0.15219027,7.4250054,2.9148934,-3.8125634,3.7882264,2.9433744,2.541453,5.9785137,0.30882353,-2.8540814,0.40089184,5.2281694,12.498015,-0.7235418,-1.5181698,3.4813447
1816,3.7993803,4.8597293,4.0354757,-0.47095728,3.7052553,7.8783994,5.986456,0.26268795,-3.1626701,-0.16939051,0.12202041,4.6467304,7.2847204,-3.3077104,3.3040316,2.6790168,4.2189198,5.7854795,-4.7675376,1.5176499,-0.5646225,6.557238,0.097503394,-4.2921777,-0.99465793,7.313706,1.9657334,-3.65522,3.7585025,4.41597,3.1602721,5.51802,-0.8462096,-2.2471015,0.061048716,5.529524,11.562295,-4.0012393,-0.02495656,3.488113
1817,4.713731,4.9692636,3.105779,-0.26361758,3.828863,8.894376,4.091374,-2.1698477,-2.3728478,0.051797934,0.49521363,4.9116592,6.498106,-3.1083858,4.069676,4.3327527,4.59882,4.1057296,-4.6690426,2.9350486,1.1291931,6.581204,-0.8596608,-3.5454385,-1.9974952,6.932392,1.5601745,-3.3840919,3.3805919,5.814568,3.763792,4.540728,-1.7292777,-1.4185807,-0.16817679,5.607768,10.033231,-5.823813,2.0896907,4.206987
1818,5.315534,4.5117917,2.1330695,0.022956777,3.9928143,9.390237,1.2712038,-3.1495113,-1.5186903,0.11745631,0.8897241,5.263911,5.6656976,-2.8092792,4.3891068,6.080107,4.4568977,2.1276953,-4.2595263,3.3972652,3.187745,6.140899,-2.038071,-2.3615456,-2.6927216,6.4606924,1.5928817,-3.0992303,2.8342576,7.0201073,4.191135,3.0584934,-2.188587,-0.5712884,-0.13340126,5.637266,8.290842,-6.355057,3.6111357,6.010512
1819,5.457189,3.2393966,1.4159653,0.42298245,4.269376,9.23062,-1.6290274,-2.4968724,-1.1037568,0.25099126,1.2946892,5.664361,4.77605,-2.5526822,4.351192,7.6170416,3.5305479,0.26530683,-3.7101426,3.0518866,4.9628525,5.0418653,-3.1188335,-0.7830607,-2.8527699,6.0808077,1.8593409,-2.8695633,2.2445896,7.9631147,4.2384443,1.2791364,-2.1700606,0.081475556,0.1787235,5.750835,6.5140753,-6.3130484,3.8951674,8.328884
1820,5.034594,1.382508,1.2051923,0.9227496,4.697294,8.407763,-3.8044367,-0.6413444,-0.89331406,0.47353116,1.7411022,6.0668497,3.7952461,-2.3799927,4.060426,8.710122,1.890675,-0.9129619,-3.1420562,2.2960598,6.1273484,3.5018022,-3.7417548,0.81440467,-2.3013642,5.919764,2.1134613,-2.7326145,1.6651161,8.617623,3.787806,-0.42916527,-1.7522998,0.46926776,0.6733016,5.964047,4.677451,-6.2461114,2.9395516,10.291972
1821,4.3274145,-0.4779473,1.4552714,1.5590849,5.239955,7.007576,-4.927311,1.5967681,-0.32409608,0.7887192,2.2566905,6.4132457,2.6862686,-2.25185,3.599163,9.28908,0.027493153,-1.0256294,-2.6484,1.5149004,6.7400894,1.9171829,-3.831607,1.9915448,-1.1059686,5.9567776,2.122666,-2.6855514,1.093023,8.997859,2.9160595,-1.7103417,-1.1300756,0.694585,1.2468946,6.2033353,2.697188,-6.264815,0.9927614,11.266919
1822,3.9599035,-1.9714099,1.8972614,2.4308932,5.7930617,5.1432476,-5.1887927,3.3735359,0.8448967,1.1345472,2.832864,6.6238174,1.4425107,-2.072163,3.0386498,9.459326,-1.4044446,-0.1523225,-2.1881604,0.93908054,7.0184784,0.564269,-3.5257175,2.5681796,0.4419576,6.056462,1.7241536,-2.66134,0.49914703,9.14871,1.877068,-2.3949049,-0.52451,0.9085846,1.8526042,6.348435,0.57667124,-6.068644,-1.5676019,10.978427
1823,4.3022466,-3.1100166,2.327031,3.5919123,6.168923,2.9084668,-4.969253,4.207574,2.4024196,1.4080184,3.3968709,6.611393,0.13101345,-1.7262882,2.4729452,9.40986,-1.9703974,1.2244136,-1.6244422,0.66699886,7.1412325,-0.46799153,-2.9670935,2.6439896,2.0120745,6.066423,0.8891112,-2.5230598,-0.12861712,9.131408,0.97585905,-2.533563,-0.06605591,1.1921948,2.4885364,6.261292,-1.4857497,-5.145469,-4.0895987,9.469313
1824,5.0779305,-3.895853,2.6700153,4.9966087,6.0672956,0.43762234,-4.4967604,4.045805,3.9612136,1.6461449,3.8637118,6.316195,-1.0979106,-1.1470324,2.046263,9.29625,-1.6364549,2.5248563,-0.9217566,0.69269186,7.196395,-1.1985862,-2.238081,2.4550943,3.3780634,5.859771,-0.24238135,-2.1124797,-0.7301655,9.014048,0.43107355,-2.3126287,0.24465397,1.5505573,3.1546562,5.827303,-3.1215162,-3.2180893,-5.729384,7.2179623
1825,5.7835946,-4.1914177,2.871075,6.4700427,5.1444874,-1.9372832,-3.808722,3.1476583,5.222529,2.0534236,4.188093,5.7178674,-2.0725493,-0.38084015,1.931139,9.192398,-0.6983171,3.3663516,-0.19740136,0.93336797,7.1991034,-1.6702113,-1.3932751,2.2514775,4.4562755,5.3474603,-1.4053588,-1.3502696,-1.1389507,8.86828,0.2892286,-1.9475633,0.47535607,1.9654536,3.8242514,5.009372,-4.0295124,-0.64170855,-5.9963913,5.1006866
1826,6.207508,-4.021494,2.896961,7.7326474,3.2641506,-3.6435285,-2.9971037,1.9721086,6.0826564,2.8245404,4.321703,4.8234506,-2.68076,0.40600482,2.2418373,9.118352,0.39769363,3.6569772,0.41830435,1.2991517,7.132012,-1.9167664,-0.49747148,2.2277992,5.2663493,4.492563,-2.3301418,-0.32993034,-1.1328974,8.757656,0.4128084,-1.5983008,0.68300164,2.4273078,4.440135,3.8671339,-4.2122407,1.8262098,-5.058654,3.7636566
1827,6.3708434,-3.6151168,2.795912,8.560878,0.75206,-4.143462,-2.3467543,0.9313073,6.5925574,3.9605582,4.14833,3.69018,-2.8989627,1.0082366,2.9487197,9.079765,1.2317681,3.5196633,0.9049249,1.7389299,6.978833,-1.9743708,0.3686903,2.4913914,5.8503084,3.3103406,-2.8577635,0.6914426,-0.5759486,8.705829,0.54698753,-1.3202803,0.885207,2.9349504,4.9258466,2.51631,-3.9203033,3.6199286,-3.3999467,3.2293704
1828,6.299796,-3.1914356,2.649278,8.917613,-1.6910616,-3.274631,-2.0293753,0.16287068,6.830358,5.257211,3.506861,2.4928055,-2.7754633,1.3043042,3.8840957,9.06901,1.5377471,3.1821482,1.3406118,2.2367592,6.73084,-1.8968948,1.13063,3.0586221,6.196205,1.8580952,-2.9575667,1.4315637,0.4649234,8.670138,0.44029924,-1.0617182,1.0765684,3.4828858,5.1989093,1.0760093,-3.422355,4.597336,-1.4479793,3.1960707
1829,5.970616,-2.8585544,2.5012233,8.92314,-3.3715422,-1.3347982,-1.8205898,-0.32482755,6.8442793,6.4146132,2.3269866,1.5446316,-2.4109418,1.3293422,4.8438387,9.038641,1.2561145,2.8903456,1.8220019,2.789784,6.375206,-1.7529633,1.7434255,3.8706477,6.2092247,0.24419099,-2.6615126,1.7484877,1.7414249,8.5584955,-0.030551074,-0.705176,1.2613286,4.051451,5.1818004,-0.34606877,-2.874347,4.8941555,0.5163549,3.395471
1830,5.3462744,-2.6352162,2.3472009,8.758917,-3.927884,1.0330298,-1.3612697,-0.47116882,6.723564,7.1518054,0.7746408,1.1754242,-1.9229685,1.2350973,5.6964774,8.889512,0.51336735,2.8321705,2.4240127,3.3832018,5.882731,-1.6070509,2.1965346,4.8162484,5.747725,-1.3468457,-2.025757,1.7210175,2.970916,8.278089,-0.7966889,-0.14449063,1.4909605,4.608398,4.8119802,-1.6393175,-2.336079,4.7401814,2.3309517,3.6757386
1831,4.4126387,-2.4872394,2.1534433,8.591361,-3.396827,3.135471,-0.5590787,-0.2815446,6.6244807,7.3150063,-0.78181314,1.5172586,-1.3596915,1.1821754,6.4153833,8.498143,-0.45573536,3.0700066,3.218605,3.9651036,5.2029123,-1.4954777,2.5000563,5.755825,4.712935,-2.6669037,-1.1805997,1.5998579,3.996065,7.7680264,-1.6514179,0.6318695,1.881756,5.115467,4.047799,-2.68162,-1.8441926,4.361899,3.9187298,3.9354737
1832,3.2098455,-2.3450558,1.8821502,8.526127,-2.0541518,4.5466375,0.36384895,0.105218016,6.6554856,6.9165106,-1.9945147,2.398816,-0.6493744,1.275184,7.0355687,7.760817,-1.4164608,3.5083282,4.280668,4.4242606,4.273021,-1.4065955,2.6687214,6.549229,3.1465268,-3.4860387,-0.37775022,1.6374366,4.8273826,6.990818,-2.3921335,1.5042787,2.5693176,5.5097504,2.8734667,-3.3463373,-1.4634839,3.929269,5.260753,4.057765
1833,1.863498,-2.1240587,1.5239321,8.588412,-0.22375914,5.160417,1.0902673,0.555547,6.810945,6.073226,-2.7170167,3.4517307,0.32050174,1.5614936,7.586579,6.6132283,-2.2198224,3.9237127,5.623632,4.5787134,3.0633323,-1.2767138,2.7218518,7.0889893,1.2661024,-3.6743958,0.109799124,1.9074501,5.543567,5.9137135,-2.9242885,2.2618442,3.6066785,5.65388,1.3324459,-3.5137475,-1.2734214,3.515802,6.3670297,3.9088192
1834,0.5850647,-1.7693478,1.1303722,8.734456,1.7923687,5.016884,1.4289161,1.0308875,7.029146,4.9229755,-3.0050323,4.316402,1.5922129,2.0520241,8.03036,5.0282702,-2.80408,4.050858,7.109325,4.2222276,1.6714634,-1.0262014,2.7049277,7.3288,-0.59606713,-3.2108345,0.1944949,2.287771,6.178339,4.5242476,-3.2484055,2.689562,4.880152,5.3338504,-0.39369547,-3.1087003,-1.2848878,3.1056712,7.246675,3.4033444
1835,-0.39276937,-1.3007727,0.8098931,8.89801,3.680163,4.165329,1.4184331,1.5467478,7.250072,3.5718997,-2.9999483,4.777891,3.115682,2.7482495,8.217949,3.0355916,-3.1111686,3.6921632,8.448398,3.2901585,0.38238853,-0.64420754,2.7051742,7.2877703,-2.1173077,-2.1715012,0.06834573,2.6269639,6.6947637,2.869673,-3.3723538,2.6525784,6.1226897,4.3999033,-1.9501369,-2.2039328,-1.3648574,2.6785438,7.896126,2.577276
1836,-0.9155368,-0.80265826,0.66755897,9.046719,5.093334,2.698592,1.3015487,2.1165564,7.4152694,2.0881133,-2.81133,4.778305,4.78648,3.6358156,7.877098,0.7949217,-3.0134327,2.8389835,9.358818,2.0410478,-0.46416116,-0.22767414,2.811479,7.023038,-3.102271,-0.75147194,0.07149079,2.9075644,7.01623,1.0736741,-3.2381158,2.1583035,7.0538254,2.9728103,-2.9615076,-1.0912138,-1.3056183,2.292847,8.317797,1.5836854
1837,-0.9578919,-0.35474244,0.7444436,9.199033,5.724003,0.86650884,1.3617159,2.764864,7.4392037,0.5305357,-2.462169,4.380085,6.463916,4.599119,6.672929,-1.3168963,-2.4028678,1.7696875,9.771834,0.95309526,-0.73835206,0.12603724,3.0487363,6.5972047,-3.530034,0.7537003,0.46699116,3.2333798,7.0530124,-0.6829856,-2.72963,1.3931664,7.5592446,1.4429629,-3.276787,-0.12891185,-1.0029223,2.0538712,8.540808,0.6071736
1838,-0.59694254,0.027156258,1.0202365,9.3856535,5.4128947,-0.92905086,1.6845905,3.5665176,7.189135,-1.0225197,-1.9085749,3.757764,7.9689636,5.304767,4.445732,-2.7681913,-1.4570161,0.95084494,9.853696,0.3346039,-0.59201497,0.4228507,3.384629,6.0650864,-3.518341,2.0555708,1.3275284,3.6907506,6.7011433,-2.194949,-1.7806666,0.7023421,7.739739,0.19077943,-3.01205,0.5090901,-0.5086804,2.030514,8.607373,-0.21617198
1839,0.0423824,0.39349684,1.4601624,9.594548,4.1959147,-2.3018448,2.046247,4.567738,6.5007987,-2.4589057,-1.1313957,3.19895,9.134071,5.241202,1.5724422,-3.1922543,-0.66163576,0.65139055,9.810012,0.13646907,-0.26729387,0.72166795,3.7813988,5.466746,-3.245705,2.9832025,2.5724013,4.2455134,5.8474107,-3.2796392,-0.52127576,0.46760458,7.7776265,-0.6590058,-2.3836052,0.87149686,0.072869845,2.2364986,8.543508,-0.8238298
1840,0.82744646,0.82617056,2.049731,9.738404,2.2730885,-3.0076752,2.084788,5.6228223,5.2782664,-3.623766,-0.2615122,3.0152438,9.89088,4.0344768,-1.0109574,-2.7137184,-0.3028574,0.7304749,9.740708,0.15599386,0.0772006,1.0599612,4.2126155,4.8202305,-2.8776338,3.505966,4.0472283,4.7231784,4.4302983,-3.8429825,0.69067043,0.8997761,7.752436,-1.2257593,-1.5602313,1.0941364,0.6719907,2.653151,8.34772,-1.2182252
1841,1.6408368,1.4063346,2.7942147,9.647842,-0.02531386,-2.8980083,1.6463813,6.4369807,3.65515,-4.3584366,0.39999464,3.3325377,10.232934,1.7813272,-2.3714726,-1.9187788,-0.19223712,0.9438991,9.673796,0.2552431,0.38020024,1.4472357,4.654387,4.1215153,-2.5241892,3.682945,5.5680356,4.8442407,2.5483294,-3.9038115,1.4561589,1.8827059,7.5872703,-1.6983349,-0.63076645,1.3044244,1.2646375,3.2436774,7.996877,-1.4471724
1842,2.391273,2.200968,3.6877046,9.089422,-2.2521937,-1.9021775,1.0217623,6.8597574,1.9646921,-4.591403,0.58376074,3.946385,10.09705,-0.9075795,-2.1189892,-1.366977,-0.06374867,1.213808,9.615611,0.36752722,0.6302162,1.8805904,5.077602,3.3524268,-2.230187,3.6024356,6.9397087,4.333878,0.54126406,-3.5569196,1.6069777,3.0413034,7.1809387,-2.166546,0.35102165,1.6117425,1.8561445,3.9531732,7.4548893,-1.5780698
1843,3.010963,3.2552414,4.656898,7.828514,-3.947901,-0.24409449,0.8321712,7.013894,0.43860942,-4.347733,0.27659225,4.468496,9.458236,-3.1667323,-0.49761203,-1.0399917,0.16539986,1.5668854,9.561307,0.43841043,0.8407108,2.3543403,5.4440165,2.4943557,-1.9836746,3.3494916,7.991837,3.1114304,-1.0740868,-2.9626892,1.3055859,4.0168495,6.5499725,-2.58236,1.3073881,2.113515,2.4695225,4.699946,6.679312,-1.6682098
1844,3.4431,4.5661945,5.4906,5.7453194,-4.867936,1.4005733,1.5369306,7.005005,-0.9551033,-3.6498268,-0.29814863,4.6424193,8.520891,-4.369581,1.7570782,-0.4572048,0.49830005,2.0437927,9.493986,0.4103095,1.0430529,2.8665214,5.70383,1.5449473,-1.7318411,3.0037885,8.637093,1.4230179,-1.8544017,-2.3417833,0.8720298,4.6807303,5.8051395,-2.86229,2.1266706,2.8727846,3.138149,5.3615427,5.632562,-1.7379059
1845,3.638397,6.031432,5.809511,2.97789,-5.059051,2.2504709,2.9640722,6.6552095,-2.3008711,-2.484941,-0.8292619,4.4936037,7.6195483,-4.461646,3.811723,0.6756814,0.8557597,2.644561,9.380253,0.23661955,1.2786771,3.42367,5.7946362,0.5325086,-1.4043398,2.652676,8.902281,-0.255617,-1.6698121,-1.8484136,0.5357126,5.096501,5.0450916,-2.9845002,2.7063289,3.8926814,3.8920088,5.7604885,4.310629,-1.7558397
1846,3.5850437,7.421193,5.1925416,0.047965065,-4.6706743,2.0013194,4.4142003,5.784573,-3.4640348,-0.95108515,-1.0077666,4.2451134,6.9545627,-3.7835886,5.2092943,2.1809063,1.0882419,3.2834241,9.180783,-0.08363425,1.5822053,4.040226,5.643115,-0.4795148,-0.9482208,2.4007297,8.891923,-1.4852829,-0.7235471,-1.4466646,0.37863103,5.3745236,4.3109846,-2.9886618,2.990138,5.117725,4.7239246,5.662919,2.797754,-1.6502359
1847,3.3620872,8.460289,3.5050645,-2.2117965,-3.893005,1.0240414,5.3107166,4.593717,-4.191129,0.62518954,-0.62044364,4.136131,6.5155816,-2.7320495,5.9551806,3.6684759,1.1289823,3.846875,8.876576,-0.48709375,1.9580488,4.7260184,5.1727023,-1.4030682,-0.36985454,2.3590531,8.714174,-2.067743,0.5981629,-0.99030095,0.4156159,5.5986466,3.5956724,-2.9307232,2.9699543,6.445668,5.5300455,4.8286715,1.3274081,-1.3652749
1848,3.137037,8.993741,1.1404848,-3.113632,-3.063475,-0.033731133,5.6235094,3.4661772,-4.424731,1.8701566,0.339298,4.274346,6.1836524,-1.6031103,6.2776666,4.8511295,1.0318897,4.282739,8.479669,-0.88271767,2.3717399,5.462456,4.3226953,-2.1450558,0.23821165,2.6050992,8.43295,-2.0729918,1.9141059,-0.3877007,0.6316136,5.8125176,2.8637025,-2.847595,2.6698544,7.729687,6.064422,3.1679273,0.27001995,-0.9442265
1849,3.057389,9.045053,-1.1826525,-2.5398629,-2.4655592,-0.7888032,5.619046,2.6030502,-4.3132386,2.5997453,1.6964912,4.6318398,5.823239,-0.5742683,6.4046383,5.6327953,0.883782,4.603755,8.019262,-1.2050788,2.7689264,6.1852536,3.081516,-2.6189232,0.7166706,3.1272285,8.075871,-1.7309346,2.987513,0.35029772,0.9842084,6.014462,2.0763624,-2.7380757,2.1372497,8.792058,6.0123334,0.9503879,-0.04721533,-0.50870955
1850,3.1713583,8.720722,-2.8532765,-0.89061165,-2.0402377,-1.1677775,5.5134125,2.005899,-4.0269136,2.8294983,3.2197201,5.1309676,5.3120503,0.2720719,6.483785,6.0436482,0.740667,4.8451295,7.5250034,-1.4332979,3.1049578,6.7953944,1.5250859,-2.738178,0.91935325,3.8012211,7.676015,-1.2804446,3.7565563,1.1719161,1.4241543,6.1603937,1.2187426,-2.5570548,1.4494183,9.486978,5.2228413,-1.2110047,0.38452867,-0.070632
1851,3.4825876,8.113714,-3.6281574,1.1956131,-1.5285071,-1.1911395,5.4236493,1.5934407,-3.674345,2.6724355,4.707258,5.6896515,4.5532885,0.9217966,6.59513,6.1587396,0.6199617,5.0372386,7.0199256,-1.5776051,3.3617287,7.198188,-0.16339606,-2.4125712,0.8264681,4.445832,7.2982607,-0.8647926,4.270709,2.0426426,1.9116551,6.1782207,0.32052925,-2.2302275,0.72520965,9.787689,3.8796544,-2.7490177,1.180648,0.5325062
1852,3.984919,7.264142,-3.6378095,3.1227076,-0.7822418,-0.932345,5.411385,1.2698512,-3.3082156,2.2610068,6.01098,6.209896,3.4972699,1.4110318,6.7847877,6.048185,0.5138285,5.1997795,6.5210457,-1.6587859,3.546018,7.3461447,-1.7211295,-1.5909518,0.6182547,4.941958,7.011009,-0.5216172,4.60969,2.9521353,2.40759,5.987305,-0.53786665,-1.6964792,0.12293424,9.805957,2.3632236,-3.4851422,1.8411812,1.4192053
1853,4.6267066,6.1650877,-3.2086854,4.548318,0.15994038,-0.52604324,5.484207,0.96355975,-2.943689,1.7143672,7.0343003,6.567455,2.1723173,1.8045342,7.0871286,5.7523785,0.40247136,5.344576,6.042949,-1.6953192,3.6778219,7.2589345,-2.8925812,-0.35145468,0.6234661,5.3178864,6.818119,-0.24200384,4.8401484,3.8944135,2.8523023,5.5242844,-1.2436802,-0.96432483,-0.18901457,9.711148,0.97170895,-3.5490775,2.0861251,2.5090473
1854,5.3042145,4.7993426,-2.6478238,5.411012,1.1841418,-0.09637892,5.6025987,0.6446254,-2.5706704,1.1336387,7.7326136,6.640035,0.6997837,2.1510665,7.528777,5.275145,0.26556385,5.4788,5.600976,-1.6996831,3.7786233,7.0104203,-3.5373957,1.0578681,1.1424524,5.7042785,6.61683,-0.02912879,5.009938,4.851542,3.1512291,4.7783885,-1.6945181,-0.13886689,-0.08743272,9.619059,-0.19068548,-3.121815,1.9344118,3.6046891
1855,5.8771415,3.184771,-2.120201,5.8099713,2.1998553,0.2985707,5.711048,0.31960303,-2.1667426,0.60588384,8.120285,6.356892,-0.7433253,2.428871,8.112355,4.6000857,0.09608654,5.605547,5.2114816,-1.6796658,3.8646255,6.69417,-3.679865,2.3177495,2.2832062,6.19249,6.210953,0.09357646,5.154203,5.7868767,3.1824086,3.8258722,-1.8421285,0.62125796,0.4492098,9.529493,-1.1428155,-2.3170066,1.5966319,4.539689
1856,6.178502,1.4098536,-1.6462328,5.8861556,3.1583116,0.6575073,5.7614884,0.015184992,-1.7129172,0.20489667,8.268673,5.7199135,-2.0053544,2.5310862,8.787325,3.7363698,-0.08364484,5.722115,4.8873334,-1.6403438,3.9451933,6.3899136,-3.4637694,3.201996,3.9364655,6.724355,5.359428,0.12831025,5.295486,6.640168,2.8355312,2.8401427,-1.7081887,1.1969566,1.3263426,9.345037,-1.9183116,-1.2100046,1.3538958,5.265367
1857,6.0280604,-0.3614928,-1.1836436,5.7806063,4.0338664,0.99938595,5.7181773,-0.23806676,-1.2064198,-0.013141594,8.2824335,4.7752366,-3.013704,2.3141246,9.441971,2.7820182,-0.21924587,5.8212595,4.629438,-1.5847238,4.024221,6.146474,-3.063747,3.6574874,5.8575597,7.058615,3.879386,0.15931766,5.443379,7.3206506,2.077004,2.0561857,-1.3661941,1.5741656,2.3830822,8.946977,-2.5151045,0.08736451,1.4692432,5.847594
1858,5.248521,-1.9167225,-0.74026036,5.6318126,4.8177075,1.32851,5.5566087,-0.4154135,-0.6648347,-0.014457812,8.260508,3.5709999,-3.7489197,1.6682564,9.940524,1.9604694,-0.2570567,5.9011374,4.421359,-1.514023,4.1020555,5.981465,-2.6210167,3.7661824,7.753964,6.8032236,1.8303665,0.3317598,5.621999,7.710127,1.0035306,1.6873213,-0.89765126,1.8290591,3.4695106,8.262182,-2.9204235,1.3887421,2.1174395,6.368303
1859,3.7060084,-3.017076,-0.44833857,5.5346994,5.530575,1.6138998,5.2677255,-0.49906415,-0.12103266,0.21098347,8.258786,2.148105,-4.164237,0.5712604,10.165942,1.5752723,-0.20115834,5.9737306,4.23734,-1.4293706,4.177134,5.889827,-2.2228158,3.6618993,9.346374,5.587576,-0.34186447,0.6740329,5.9111686,7.6971445,-0.1798003,1.8266215,-0.3341472,2.062961,4.4868855,7.2747297,-3.1593702,2.468935,3.3292878,6.7721972
1860,1.4509504,-3.4061632,-0.50126517,5.457691,6.2302155,1.8021144,4.8657928,-0.47576782,0.38792634,0.6505961,8.267258,0.57756567,-4.120127,-0.8565252,10.021373,1.8716332,-0.13454816,6.052565,4.06366,-1.3336217,4.2477627,5.8540907,-1.9091772,3.4663408,10.430819,3.3749456,-1.9476993,0.91894156,6.364506,7.2421756,-1.2609088,2.393337,0.3747305,2.3544145,5.3699317,5.9971714,-3.2955697,3.1359508,4.9530163,6.7666383
1861,-1.0641502,-2.914414,-0.9010644,5.253162,6.9783373,1.8646389,4.387365,-0.33967775,0.83450836,1.2702347,8.210321,-0.9821161,-3.414967,-2.285416,9.44231,2.8637247,-0.15077072,6.136748,3.9143956,-1.2308395,4.314119,5.852677,-1.6884145,3.2616475,10.937437,0.6386285,-2.4208431,0.7428124,6.832512,6.4479814,-2.093428,3.1625185,1.3257169,2.748995,6.041011,4.44924,-3.3741457,3.2772198,6.651292,5.9339995
1862,-3.0415494,-1.7452489,-1.2882125,4.857267,7.7613287,1.8272341,3.8771276,-0.099350624,1.2127286,2.016812,7.9792485,-2.2778733,-1.965178,-3.2071226,8.508179,4.26091,-0.23433262,6.2252665,3.81657,-1.1258705,4.379128,5.8651395,-1.5517379,3.0901608,10.943476,-1.8230988,-1.5720474,0.32380065,7.100066,5.532917,-2.6117811,3.8648658,2.580653,3.2586517,6.3698587,2.6808057,-3.358244,2.8804333,8.009413,4.1335926
1863,-3.8954337,-0.528439,-1.2762418,4.414878,8.473942,1.7288544,3.3766387,0.22401156,1.542095,2.8262165,7.4911637,-3.0747368,-0.012220106,-3.1869466,7.5264616,5.6268554,-0.24479564,6.326399,3.769025,-1.0250001,4.4466934,5.874985,-1.4837244,2.9657261,10.629751,-3.30821,0.26408765,0.37451798,7.2217836,4.594371,-2.8498392,4.2967153,4.110081,3.8450904,6.16687,0.8393044,-3.1258252,2.0658426,8.777313,1.8215423
1864,-3.64272,0.23270059,-0.86501026,4.116792,9.02021,1.5630771,2.9291446,0.60993063,1.860877,3.6345334,6.7341757,-3.318396,1.9361631,-2.1417603,6.8533754,6.639536,-0.0719815,6.4278107,3.7252598,-0.931591,4.5187106,5.870422,-1.4683522,2.8850234,10.206722,-3.5798984,2.2970717,1.4411001,7.355561,3.4410558,-2.8984878,4.3489156,5.7908034,4.381906,5.2495503,-0.78226274,-2.5804322,1.1039199,9.027674,-0.24054246
1865,-2.66847,0.5577474,-0.28478962,4.058458,9.369574,1.2837743,2.5899434,1.0498816,2.2135975,4.3840814,5.7569685,-3.1599553,3.4318511,-0.31716666,6.6411757,7.149302,0.2397386,6.4911356,3.629622,-0.83866245,4.5945764,5.842646,-1.4919344,2.8350778,9.845773,-2.889514,3.8100595,3.3786187,7.308247,1.7873755,-2.775308,3.9761784,7.412877,4.639768,3.608147,-1.8301368,-1.814728,0.32544455,9.025271,-1.5476217
1866,-1.3956549,0.74085784,0.3142147,4.2583456,9.516034,0.8502157,2.423587,1.5511302,2.6382592,5.0178246,4.6206408,-2.8177366,4.301427,1.9439882,6.8248353,7.058655,0.5450645,6.4942164,3.466813,-0.7304342,4.6739407,5.7827444,-1.54469,2.7975154,9.647647,-1.6695343,4.615709,5.5358276,6.5459914,-0.32353535,-2.3724434,3.244529,8.710853,4.3862414,1.5680791,-2.1163938,-1.0896146,-0.0721164,8.97537,-2.0160096
1867,-0.16431928,1.0014886,0.90759355,4.698095,9.429419,0.26001263,2.4831777,2.1420014,3.1544585,5.4636645,3.3691976,-2.4394343,4.5953007,4.351696,7.213249,6.2442293,0.7346201,6.4618483,3.2721376,-0.59431374,4.759551,5.6798096,-1.6219565,2.750586,9.651211,-0.24401176,4.9396563,7.211261,4.664922,-2.26628,-1.6857861,2.4380276,9.516122,3.5589628,-0.29748243,-1.7718084,-0.5754286,-0.112424396,8.934417,-1.8084735
1868,0.8039248,1.3893754,1.5225635,5.335327,9.038464,-0.44228068,2.7779267,2.88021,3.7507174,5.6171546,2.046199,-2.0628145,4.4561834,6.6686363,7.4907117,4.618836,0.8422865,6.4483905,3.092592,-0.43012467,4.856843,5.5213647,-1.7249234,2.66944,9.858074,1.2457312,5.0410724,7.932635,1.8867042,-3.219162,-1.0581584,1.8869271,9.893135,2.299957,-1.505502,-1.1445795,-0.22105618,0.0853247,8.890633,-1.1652164
1869,1.4221424,1.857048,2.2000237,6.1005697,8.239081,-1.1770322,3.2388606,3.846542,4.365676,5.338451,0.74189097,-1.6555492,4.059651,8.666666,7.212039,2.3299584,1.0263343,6.503557,2.9339936,-0.24759685,4.9703774,5.294478,-1.8600807,2.5250645,10.248773,2.759984,4.963812,7.5495653,-0.9326938,-2.8606312,-0.81249934,1.6080247,10.012526,0.8792596,-1.8791242,-0.559891,0.09929753,0.44186327,8.839404,-0.33280542
1870,1.7180208,2.3514085,2.9875295,6.88304,6.919416,-1.8499826,3.6997364,5.0966926,4.8581834,4.4925017,-0.37071735,-1.1950248,3.6089725,10.150497,5.9757204,-0.08477567,1.3473085,6.680685,2.7524912,-0.059850626,5.1008997,4.9860687,-2.0368621,2.28284,10.779311,4.2249637,4.4952493,6.290896,-2.8965638,-1.5775764,-0.7634558,1.4469993,9.990239,-0.36822376,-1.511843,-0.14414474,0.444958,0.9308035,8.793113,0.4679014
1871,1.7874014,2.8558075,3.9255743,7.4999714,5.007335,-2.355406,3.9209015,6.567583,4.994051,3.06509,-1.0672301,-0.7354224,3.2924054,11.032761,3.7308054,-1.8828782,1.5525118,7.013846,2.5262632,0.11908323,5.24548,4.5832567,-2.263489,1.9030154,11.361057,5.41864,3.3382123,4.784042,-3.6723435,-0.09552321,-0.52334386,1.4142187,9.8827915,-1.1834804,-0.65207845,0.17885457,0.81540906,1.5441804,8.764679,1.0651635
1872,1.7509592,3.3856184,5.016582,7.6616855,2.5641341,-2.5502803,3.692221,8.008847,4.54035,1.3118578,-1.2033374,-0.3700424,3.19507,11.337223,0.90756434,-2.502254,1.3089411,7.401246,2.3471532,0.2800027,5.3984194,4.0744486,-2.5404313,1.3466903,11.84852,5.9993773,1.4784199,3.8195608,-3.5080945,1.1004895,0.027580766,1.6108798,9.709094,-1.5079439,0.40709406,0.54896456,1.2005489,2.2716007,8.74827,1.3481905
1873,1.725335,3.970862,6.1778936,6.9934688,-0.08030186,-2.276224,3.024204,9.08532,3.4886067,-0.26631004,-0.86312896,-0.10180814,3.2902858,11.134099,-1.7501965,-1.7469501,0.7702087,7.6631713,2.371814,0.42009816,5.549541,3.4517367,-2.8502653,0.5895302,12.074572,5.767726,-0.5959742,3.8277833,-2.7395954,1.9549398,0.7937111,2.0762582,9.454595,-1.46226,1.4247437,1.0458213,1.5989294,3.0924387,8.702213,1.2699348
1874,1.8009855,4.649092,7.1929774,5.207234,-2.297555,-1.564645,2.2641065,9.648381,2.1275976,-1.235615,-0.3266893,0.17332615,3.5363436,10.518066,-3.546994,0.09121859,0.6860325,7.7871346,2.581016,0.5350758,5.6831126,2.718642,-3.1459377,-0.35978454,11.929214,4.9338474,-2.244769,4.5596766,-1.4461536,2.5560236,1.6486919,2.77911,9.0778885,-1.2477194,2.271769,1.6743727,2.021036,3.972888,8.539962,0.84876513
1875,2.0154483,5.460417,7.7046595,2.3996844,-3.4322124,-0.8396942,1.8171756,9.827464,0.7858772,-1.4774339,0.15307033,0.5377344,3.9245467,9.607766,-4.2404156,2.2141826,1.7276429,7.867962,2.6449687,0.62907094,5.786295,1.9008454,-3.3466134,-1.443598,11.402727,4.007895,-3.2044215,5.3987885,0.36905342,2.9027345,2.464197,3.6421912,8.521567,-1.0486919,2.9289794,2.4168446,2.4929342,4.8619456,8.136048,0.16877083
1876,2.322476,6.4118123,7.3056006,-0.7914426,-3.1991122,-0.56495214,1.693443,9.811343,-0.33539194,-1.1073841,0.5013795,0.99270993,4.4445662,8.511756,-4.131887,3.8059752,3.8486347,7.771181,2.1239636,0.7469868,5.861649,1.0468208,-3.3509102,-2.5484757,10.55048,3.427376,-3.6129758,5.8973527,2.5168488,2.9511244,3.1183157,4.5643787,7.731336,-0.96823657,3.4346719,3.2763436,3.051936,5.677432,7.3525887,-0.6300278
1877,2.5846128,7.4067197,5.751142,-3.4374537,-1.8931254,-0.6250682,1.646453,9.710234,-1.0769523,-0.33235905,0.79901457,1.5082694,5.0564733,7.2860503,-3.732735,4.547708,6.4167953,7.081394,0.8503124,0.9769579,5.928377,0.21155652,-3.065288,-3.515392,9.447464,3.341687,-3.708114,5.949473,4.6850467,2.7411103,3.5522082,5.4442253,6.681647,-1.0134736,3.8224132,4.2827234,3.7292428,6.277503,6.091711,-1.3743051
1878,2.6343017,8.230202,3.2138467,-4.864082,-0.35697073,-0.5110889,1.6421002,9.574917,-1.3400705,0.6016359,1.1734574,2.0741782,5.6875668,5.919013,-3.4075415,4.545728,8.71094,5.410171,-0.78707474,1.3072083,6.0191503,-0.54985476,-2.43617,-4.174684,8.1952095,3.6488109,-3.6440053,5.6514378,6.6254663,2.408987,3.7891908,6.192167,5.392288,-1.1226029,4.086673,5.468344,4.515255,6.4315376,4.3795633,-1.8838506
1879,2.4029636,8.684256,0.31889287,-4.9526362,0.5500455,-0.03808875,1.8154788,9.414837,-1.1896164,1.4714248,1.6968632,2.7042701,6.2285085,4.3568425,-3.262223,4.001322,10.256071,2.8384829,-1.9982088,1.4828815,6.157715,-1.1422625,-1.4852058,-4.397134,6.9476414,4.138152,-3.4825191,5.1445427,8.229002,2.1179917,3.8883262,6.732847,3.9318013,-1.2053578,4.192391,6.825971,5.296546,5.8436017,2.4678364,-2.0156834
1880,2.0104258,8.754107,-2.1748166,-3.9268231,0.64783657,0.56121016,2.228783,9.220547,-0.81984246,2.1512773,2.368584,3.4130342,6.5238028,2.571163,-3.1867783,3.0634675,10.964865,0.108609796,-2.1475618,1.2895944,6.307333,-1.4048105,-0.3496918,-4.1412716,5.883798,4.618297,-3.251877,4.5435977,9.497112,1.9963901,3.8906207,7.0088477,2.415214,-1.1750603,4.121282,8.263319,5.7821174,4.3236594,0.8540493,-1.7651424
1881,1.6763984,8.585272,-3.753553,-2.1304626,0.44011426,1.0724438,2.8564003,8.981561,-0.4436704,2.630894,3.1632733,4.1847334,6.3736715,0.6542246,-2.94773,1.8813066,11.089409,-1.78196,-1.18944,1.0037953,6.412198,-1.2308298,0.73088473,-3.4832776,5.1240954,4.9752645,-2.9948144,3.9202342,10.487592,2.106723,3.7940972,6.9924474,0.9950271,-0.9726519,3.926865,9.591803,5.5336604,2.1033013,0.04641929,-1.3202643
1882,1.536439,8.323854,-4.281356,-0.03347858,0.53379345,1.5034794,3.6354961,8.6795225,-0.215759,2.973423,4.0694294,4.9340153,5.5801673,-1.1202346,-2.3487992,0.7063258,10.977514,-2.233574,0.30103335,1.1605977,6.461373,-0.7368817,1.5486798,-2.5912592,4.680551,5.163927,-2.7729998,3.3041968,11.269743,2.4373288,3.5541995,6.705741,-0.16525847,-0.5921849,3.7512996,10.591606,4.2337046,-0.052623633,0.13187017,-0.86409414
1883,1.6112533,8.039629,-3.9249942,1.8559139,1.1722925,1.9407481,4.4903684,8.265811,-0.20537198,3.2551956,5.086537,5.4675927,4.06423,-2.374193,-1.4392842,-0.11530561,10.832726,-1.3502806,1.5421832,1.885245,6.4301567,-0.20407626,2.057514,-1.6277889,4.4958177,5.170935,-2.6453612,2.6894233,11.893358,2.9081023,3.1032286,6.2392974,-0.93644285,-0.09570847,3.7664907,11.106605,2.0156724,-1.2867785,0.64616317,-0.38549694
1884,1.8814229,7.752536,-3.0133314,3.220757,2.22073,2.424327,5.3282747,7.658368,-0.39906096,3.5181804,6.1913977,5.4893756,2.0102491,-2.8456244,-0.54525405,-0.35493043,10.688372,0.24427144,2.099444,2.8174589,6.288781,0.15332414,2.350869,-0.67279166,4.504354,4.982436,-2.6519995,2.0414057,12.371131,3.3927846,2.3915496,5.7479377,-1.262811,0.41413,4.0718985,11.057618,-0.5424158,-1.2009699,1.0614924,0.15545042
1885,2.3136384,7.4720154,-1.8888277,4.0330687,3.4222949,2.9751234,6.0340734,6.769436,-0.7154311,3.7472014,7.294884,4.708236,-0.09406035,-2.5722716,0.033295177,-0.093622655,10.542279,1.8403771,2.0067868,3.5939689,6.080938,0.30285764,2.5512357,0.26814646,4.649905,4.567494,-2.806369,1.3047273,12.673633,3.7689712,1.4394302,5.4036455,-1.16069,0.85827965,4.6404343,10.403741,-2.7527416,0.0381047,1.3456689,0.6977832
1886,2.8552923,7.212444,-0.8027773,4.4480605,4.606559,3.6159465,6.4699697,5.5498815,-1.0295917,3.88294,8.227843,3.0529687,-1.6253905,-1.8971798,0.30811447,0.41766044,10.436993,2.9726286,1.5090432,4.117091,5.899501,0.31863222,2.735709,1.2177427,4.868132,3.879388,-3.0807724,0.415208,12.7342,3.991675,0.35610622,5.3171945,-0.67535436,1.2240112,5.3522086,9.162941,-4.1798415,1.8410673,1.8883779,1.178207
1887,3.4209573,6.9911847,0.11848152,4.6565156,5.727124,4.32093,6.466149,4.048164,-1.2040867,3.8750887,8.804631,0.8463832,-2.1247792,-1.2685815,0.48131025,1.0186274,10.419282,3.454504,0.84948653,4.4563613,5.8178906,0.27511314,2.9317887,2.1945987,5.063491,2.8802276,-3.3795893,-0.67171544,12.460033,4.1428657,-0.70787674,5.4848776,0.16301031,1.5517569,6.061792,7.4453993,-4.8179555,3.454776,2.974644,1.5580033
1888,3.9059691,6.827646,0.85885113,4.807674,6.795477,4.9490767,5.8478937,2.4713535,-1.1373595,3.747403,8.939522,-1.2876972,-1.5050846,-0.88847274,0.6803727,1.6830403,10.486366,3.2559175,0.22238865,4.690346,5.862462,0.21267068,3.1414251,3.19705,5.097317,1.5943567,-3.52017,-1.924628,11.752792,4.392491,-1.6310529,5.8082194,1.3473512,1.8933067,6.6310015,5.4116845,-4.948095,4.32625,4.500675,1.8165977
1889,4.240089,6.735726,1.4744384,4.9967103,7.798122,5.2183366,4.5662875,1.1706889,-0.8345584,3.6113203,8.696328,-2.7765708,-0.06046035,-0.5618488,0.9334041,2.4320955,10.570255,2.4234865,-0.20853598,4.847429,6.01318,0.15128124,3.3584924,4.1924257,4.8039865,0.17252545,-3.276175,-3.169306,10.561739,4.8709636,-2.3290334,6.159184,2.867043,2.273961,6.918076,3.2195342,-4.8252454,4.2648015,6.1274743,2.046944
1890,4.4045615,6.696213,2.0518265,5.276663,8.63377,4.785496,2.8856206,0.46115753,-0.41378403,3.5901022,8.218995,-3.3991334,1.680999,0.031434704,1.2466815,3.2785637,10.535603,1.0771291,-0.30131626,4.9396567,6.209412,0.10807503,3.5757587,5.111396,4.0521784,-1.10178,-2.5283008,-4.099668,8.975969,5.5584655,-2.7038016,6.4277453,4.6620483,2.6562772,6.7671027,1.0508817,-4.5037985,3.367318,7.5262012,2.499167
1891,4.379026,6.6377864,2.6852462,5.668184,9.088054,3.4725113,1.3921393,0.3710536,0.024323301,3.7330673,7.638341,-3.2948759,3.2213671,1.0067656,1.6036233,4.194816,10.192564,-0.5655938,0.031485543,5.0414424,6.3618207,0.093692414,3.7877073,5.857209,2.832091,-1.928577,-1.4220163,-4.450943,7.2546105,6.3142943,-2.6410828,6.546361,6.572554,2.8991497,6.064554,-0.82477933,-3.9008994,1.9545178,8.482357,3.452298
1892,4.108591,6.47295,3.4695582,6.1525035,8.870907,1.5051051,0.66106945,0.6316608,0.48379317,4.023884,7.032755,-2.7668624,4.308872,2.2471995,1.9812602,5.0938997,9.352528,-2.2022045,0.73148733,5.3280263,6.3725777,0.08381545,3.9919803,6.3368087,1.2958616,-2.1533298,-0.30640474,-4.20176,5.6883554,7.012771,-2.0847487,6.52491,8.325232,2.7596967,4.8985677,-2.1005254,-2.9992175,0.51926136,8.906767,4.978345
1893,3.5562036,6.1849422,4.4770856,6.6336055,7.731004,-0.5141457,0.83601314,1.0020027,0.9907819,4.4279537,6.428437,-2.0968213,4.9462523,3.5769377,2.3931751,5.844936,7.91581,-3.5485208,1.50927,5.971093,6.1530113,0.0019556396,4.187745,6.5030217,-0.2995686,-1.8115865,0.5345291,-3.5618756,4.4346943,7.6213093,-1.0665872,6.466978,9.592735,2.0307496,3.6902418,-2.6406145,-1.9529598,-0.4828706,8.845121,6.815114
1894,2.7762334,5.868563,5.7081757,6.869957,5.626311,-1.9519883,1.5212902,1.4951367,1.5429578,4.901196,5.8147283,-1.4657682,5.2623177,4.8920517,2.8694012,6.291124,5.931448,-4.4565134,1.9169408,6.9285264,5.6549935,-0.2294383,4.370669,6.3807907,-1.7034864,-1.052838,1.0574784,-2.7855096,3.5126433,8.17415,0.35301927,6.5038605,10.0870695,0.78031975,3.025609,-2.5879867,-0.9477586,-0.86530745,8.478514,8.525382
1895,1.9021946,5.650954,7.051589,6.452867,2.892575,-2.496963,2.1044035,2.188197,2.151863,5.3781533,5.1585193,-0.950839,5.3969607,6.170068,3.383152,6.2506285,3.6144044,-4.8936353,1.5989481,7.873458,4.9614043,-0.5956214,4.528941,6.0552907,-2.7558935,-0.062596396,1.4070494,-2.0356138,2.8877752,8.723863,2.129672,6.657935,9.618125,-0.57611996,3.2136133,-2.1549175,-0.059302848,-0.690379,8.069019,9.77323
1896,1.0448159,5.587707,8.285478,4.984278,0.27883223,-2.269469,2.2683597,3.0061486,2.8640006,5.769236,4.4136043,-0.55013645,5.4546223,7.40975,3.7813807,5.565712,1.3539755,-4.840347,0.53820163,8.401521,4.347802,-0.9870258,4.6507797,5.6297584,-3.409991,0.9769908,1.7663815,-1.3770885,2.5229247,9.320539,4.1859717,6.6962566,8.147226,-1.5230759,4.018307,-1.4026842,0.6861158,-0.1124464,7.861553,10.42061
1897,0.2142856,5.6498733,9.134471,2.453608,-1.3252659,-1.7353721,2.1561553,3.8227477,3.7271543,5.962231,3.5360491,-0.21217334,5.507567,8.561719,3.7753952,4.27048,-0.36294016,-4.319355,-0.8901011,8.311603,4.122551,-1.3073602,4.7460356,5.188375,-3.70836,1.9144595,2.2517505,-0.8271478,2.38309,10.008618,6.2691393,6.0736647,5.9515696,-1.7614325,4.8725147,-0.3565744,1.2251699,0.7007592,7.9985566,10.4330635
1898,-0.6481674,5.7699976,9.400629,-0.54604894,-1.370484,-1.3435946,2.019864,4.609376,4.7256336,5.8100295,2.522803,0.13321006,5.619698,9.489545,3.0690184,2.769687,-1.2304678,-3.5037222,-2.158747,7.6801014,4.3630004,-1.5165242,4.851821,4.7828307,-3.7433472,2.6527627,2.8873851,-0.38757512,2.4291193,10.811218,7.797533,4.2135673,3.8296645,-1.3263003,5.387443,0.8010334,1.5126007,1.5977156,8.487198,9.763112
1899,-1.5613768,5.8642883,9.103551,-3.1106389,0.05653936,-1.0161467,1.9756777,5.3984447,5.7461977,5.1368165,1.4679209,0.5330689,5.863813,9.990315,1.613346,1.7314105,-1.3696972,-2.6289194,-2.9440532,6.7229815,4.904091,-1.565967,5.007065,4.4277415,-3.6195486,3.1558118,3.6341121,-0.04477856,2.619965,11.682749,7.938043,1.2477411,2.8157609,-0.45771295,5.605195,1.8203013,1.6062162,2.484951,9.209921,8.311763
1900,-2.401595,5.8072753,8.489797,-4.597449,2.2684371,-0.22732995,2.1108668,6.2033906,6.559643,3.8209946,0.58836824,0.9658634,6.298784,9.8698225,-0.2478876,1.6576895,-1.1404816,-1.8174235,-3.2194786,5.6532054,5.544734,-1.3697808,5.222411,4.0950174,-3.4266236,3.4317474,4.4330225,0.23966023,2.92207,12.456667,6.135968,-1.6470267,3.1287181,0.797892,5.719351,2.5304832,1.6237987,3.335732,9.939234,5.991567
1901,-2.8763177,5.4260817,7.872107,-4.8994427,4.35543,1.3469214,2.4689503,6.982758,6.828595,1.9544876,0.15530238,1.3625895,6.905391,9.028775,-1.9587301,2.5416598,-0.71583605,-1.0992471,-3.104855,4.6306996,6.1761208,-0.84775203,5.464019,3.714859,-3.2238903,3.505061,5.236924,0.5315957,3.3160603,12.8586645,2.6974263,-3.209986,3.6919737,2.5552454,5.768395,2.7951317,1.671836,4.16242,10.353594,2.886771
1902,-2.6296542,4.660764,7.428325,-4.2558928,5.722829,3.507124,2.989696,7.5846853,6.241371,-0.048113983,0.30003422,1.7442073,7.571087,7.5106416,-3.1109045,3.8980908,-2.866817e-05,-0.5429168,-2.74467,3.7521424,6.772565,0.026497055,5.6476974,3.192844,-3.0313444,3.3949153,6.0207043,0.92123336,3.7927873,12.607116,-1.2805077,-2.966947,3.459875,4.420756,5.7164226,2.5506358,1.8248694,4.9923353,10.0932865,-0.57966286
1903,-1.5409281,3.8457265,7.1424766,-3.004338,6.3130016,5.7853336,3.6025205,7.7387953,4.7520185,-1.5996764,0.8172139,2.2880688,8.166968,5.4484506,-3.6362987,5.0930114,1.0651864,-0.30551797,-2.2768693,3.0468109,7.3436756,1.2028466,5.6328278,2.4524298,-2.824608,3.1113453,6.774643,1.5171099,4.329114,11.539571,-4.5047107,-1.1140268,2.86237,5.7932706,5.607676,1.9294331,2.0961466,5.8345385,8.880036,-3.6894798
1904,-0.100067325,3.592512,6.9249606,-1.5273693,6.429872,7.8175015,4.184808,7.1533966,2.734411,-2.3203785,1.2656006,3.1107028,8.562307,2.964046,-3.675935,5.6923137,2.2854884,-0.51495504,-1.7937224,2.4967988,7.8991375,2.5429347,5.225091,1.5069597,-2.545445,2.675281,7.4897704,2.4246962,4.8333735,9.693741,-6.2185683,1.3924029,3.2285972,6.656694,5.2992225,1.1575811,2.4378283,6.6335764,6.6587977,-5.821014
1905,0.7199387,4.0713477,6.7508025,-0.18187311,6.441846,9.447533,4.388795,5.7260823,0.87358516,-2.2685835,1.3840675,4.071708,8.5653105,0.21816236,-3.3309383,5.595162,3.3274045,-1.0995365,-1.291153,2.092796,8.430153,3.8038452,4.2352033,0.5324652,-2.149005,2.1540189,8.147345,3.681926,5.0737953,7.2883816,-6.6233864,3.1280618,5.031603,7.1948347,4.3226104,0.45790526,2.7847636,7.2586684,3.6521227,-6.812203
1906,0.26391363,4.660959,6.769272,0.9068792,6.5851483,10.566062,3.7166982,3.8598528,-0.23451407,-1.816042,1.2806107,4.9423056,7.978118,-2.4558797,-2.609552,5.0147877,3.9601767,-1.7910116,-0.71409166,1.8856815,8.916272,4.6426005,2.6352713,-0.14896491,-1.6686312,1.6688293,8.724576,5.144444,4.665016,4.6878767,-6.3809185,3.284605,7.427069,7.235395,2.372489,0.102360986,3.082606,7.5395994,0.3086062,-6.7367115
1907,-1.1572788,4.5632753,7.247382,1.9504358,6.9212666,10.930671,1.98777,2.4614198,-0.5170965,-1.2995917,1.1757491,5.6254616,6.724574,-4.6268473,-1.6184018,4.3729587,4.1705604,-2.325145,-0.066034175,1.9727445,9.347972,4.701928,0.7202244,-0.25925717,-1.1954005,1.3362122,9.212974,6.4030104,3.263223,2.4914422,-5.9030676,2.050639,9.220283,6.589688,-0.1589298,0.27518436,3.3695776,7.332659,-2.7611916,-5.506235
1908,-2.433957,3.6405945,8.180302,3.37193,7.342377,10.169331,-0.25677204,2.2576406,-0.31407803,-0.82258964,1.1828661,6.134245,4.8962173,-6.0178065,-0.7163292,4.0258884,4.0840416,-2.612004,0.56684256,2.4202363,9.70849,3.773569,-0.94909847,0.17729473,-0.74922466,1.2113725,9.625591,6.897537,1.0002507,1.45256,-5.319679,0.21504712,9.820503,5.4846034,-2.4452024,0.80200684,3.81404,6.578018,-4.959808,-3.1310418
1909,-2.6330297,2.5179877,9.206955,5.4688497,7.4531803,8.025314,-2.030513,3.0754073,0.1792899,-0.38769084,1.3276857,6.4911475,2.6954393,-6.597102,-0.35236475,3.9812994,3.847605,-2.7047017,1.0827036,3.2049859,9.899312,1.9318045,-1.8402059,0.79680514,-0.2544536,1.3116707,9.980814,6.2501125,-1.3432758,1.8826268,-4.701018,-1.3931811,9.43346,4.3530912,-4.0030875,1.2638462,4.496388,5.3000655,-6.0343313,-0.24346212
1910,-1.6937029,1.840236,10.071115,7.9167643,6.3986526,4.8805537,-2.668152,4.014697,0.9574775,-0.037914254,1.5928081,6.684027,0.37171143,-6.4060216,-0.72795767,3.9356263,3.620839,-2.6741855,1.4232755,4.2152,9.70299,-0.43891633,-1.6917397,1.2158505,0.31546906,1.6503105,10.267712,4.511804,-2.9180288,3.2311087,-4.04144,-2.3279724,8.596165,3.4032273,-4.866133,1.3619213,5.257323,3.6384327,-6.1992464,2.181706
1911,-0.090429746,1.8013518,10.815133,9.586137,3.4064984,2.231817,-2.3134897,4.4639707,1.849951,0.1800988,1.9258794,6.6742973,-1.781738,-5.411635,-1.6169926,3.600703,3.5616522,-2.5500286,1.5932205,5.2869973,8.8772745,-2.7441082,-0.5903014,1.4283472,0.89213437,2.227898,10.403841,2.062426,-3.4352865,4.5701337,-3.307295,-2.5873826,7.753773,2.5993185,-5.2504067,1.0395327,5.8635488,1.868318,-5.861829,3.5512605
1912,1.7117493,2.4018235,11.546299,9.096963,-0.75403553,1.7504513,-1.5392715,4.5947466,2.6345904,0.29344633,2.2728972,6.4375076,-3.445062,-3.6254132,-2.4732275,2.9910288,3.7155225,-2.3318167,1.6476176,6.260459,7.3318057,-4.449675,0.99018323,1.8094896,1.4242992,3.0054889,10.217902,-0.63472533,-3.0712893,5.32956,-2.5641627,-2.4191253,7.1302195,1.856128,-5.3285594,0.38568136,6.1988444,0.30112305,-5.3021307,3.8396618
1913,3.4313745,3.7215908,12.091137,5.8467174,-3.9002337,3.052109,-0.23633893,4.7291665,3.1852698,0.35236704,2.604347,5.9989147,-4.388879,-1.3264035,-2.7683136,2.4082875,3.9886062,-2.0199106,1.6581078,7.0291123,5.2053905,-5.370135,2.3149514,2.6741698,1.9295772,3.8766246,9.492357,-3.146771,-2.1210935,5.511021,-1.949318,-2.0725138,6.761175,1.1359233,-5.1831775,-0.4685265,6.282943,-0.827842,-4.610941,3.347431
1914,4.9221225,5.793912,11.622634,0.5629579,-4.696436,3.8276918,1.792262,4.873288,3.3305385,0.39631093,2.9114993,5.433041,-4.6001253,0.9723517,-2.291841,2.1365068,4.267031,-1.6461902,1.6832012,7.5499372,2.767545,-5.6278443,2.7779953,3.9315138,2.492933,4.6674943,8.072647,-5.1142955,-0.95317036,5.4597373,-1.5562372,-1.6805375,6.589581,0.4485065,-4.829023,-1.3930378,6.194377,-1.3973193,-3.80534,2.4777045
1915,6.0910254,8.160875,8.7323885,-4.734608,-3.3766623,3.0543478,3.6635818,4.983678,2.9903507,0.4756955,3.2002604,4.8280287,-4.2657804,2.8192601,-1.1617975,2.2056756,4.4815936,-1.2682928,1.7557251,7.8193693,0.30131987,-5.3341312,2.2105434,5.181677,3.2992342,5.1664863,5.9710097,-6.34403,-0.074137874,5.4904876,-1.3614594,-1.2857672,6.5432353,-0.16739956,-4.254496,-2.2621858,6.0046616,-1.3958182,-2.9426384,1.6031001
1916,6.891359,9.650554,2.9652588,-7.496239,-1.7747613,2.0281913,4.801871,5.167041,2.3070838,0.61777115,3.4837046,4.248624,-3.638463,4.03443,0.35220078,2.4598002,4.5754,-0.9293666,1.883561,7.848762,-1.9063483,-4.4142184,0.94373584,6.0066133,4.5219784,5.1086864,3.4023383,-6.8239274,0.036108468,5.628506,-1.2157265,-0.89559525,6.567329,-0.6585329,-3.4638703,-2.952977,5.7581096,-0.90983063,-2.1422315,0.9654046
1917,7.3760986,9.148946,-3.554105,-6.526918,-2.0067523,1.2679988,5.520359,5.3620205,1.4362634,0.8273454,3.7777705,3.7246978,-2.9218593,4.682517,1.9863085,2.733681,4.4931445,-0.6342626,2.0595908,7.661055,-3.552784,-2.7808242,-0.29368708,6.2271867,6.0277963,4.1833425,0.85551566,-6.613259,-0.7547272,5.661499,-0.8779762,-0.5104099,6.6280375,-0.9729787,-2.5065227,-3.3603823,5.483817,-0.09996265,-1.524666,0.62913966
1918,7.6644664,6.684068,-7.8444347,-2.7491846,-3.037613,0.29095685,5.942212,5.539915,0.4797397,1.1059703,4.1028624,3.2551758,-2.2364998,4.9372687,3.555037,2.9232554,4.208629,-0.3568414,2.2738652,7.3004913,-4.414811,-0.6520297,-0.74469244,6.0645123,7.3005667,2.3039474,-0.8854703,-5.8761153,-2.059897,5.385603,-0.15430251,-0.124052614,6.701307,-1.0790727,-1.4802852,-3.4271107,5.2121534,0.8444449,-1.1463703,0.5287967
1919,7.838787,3.2430499,-9.17333,1.168794,-2.7690625,-0.3256297,6.0095997,5.683985,-0.4493001,1.4410652,4.4814153,2.8183584,-1.6361488,4.9742737,4.9550605,2.9635577,3.745891,-0.059038304,2.5215604,6.8315377,-4.491186,1.4372537,-0.09862888,5.976115,7.80934,-0.083739415,-1.1635357,-4.9862137,-3.2245,4.7543855,0.9272295,0.30466628,6.7570295,-0.98578656,-0.5046307,-3.1642256,4.9769373,1.7565631,-0.99063396,0.5621012
1920,7.9175587,-0.240349,-8.7584,3.06981,-1.2577757,-0.30000952,5.972954,5.6474705,-1.247811,1.8009756,4.9278035,2.384203,-1.1333307,4.9260316,6.136521,2.8026497,3.181745,0.2924995,2.805908,6.318412,-4.0061364,3.004155,1.4474713,6.223769,7.2734866,-2.204559,-0.0077111595,-4.2671676,-3.803901,3.8405874,2.140028,0.8682303,6.7478414,-0.76004374,0.32537916,-2.6412034,4.806895,2.5220428,-1.0018841,0.6496858
1921,7.89441,-3.2683928,-7.5075555,2.7651772,0.398639,0.05121113,6.028176,5.3417106,-1.8787469,2.1271656,5.4371195,1.928602,-0.7163995,4.8782716,7.0734696,2.4072058,2.633223,0.71553266,3.136248,5.801459,-3.2624583,3.8955977,3.4905813,6.6505203,5.6125436,-3.474889,1.8713851,-3.6976094,-3.7002277,2.8024232,3.2407794,1.6659521,6.6023645,-0.5217126,0.9790534,-1.9472234,4.7206416,3.0787687,-1.1207484,0.7463926
1922,7.772517,-5.528329,-5.4749784,1.2952032,1.470421,0.64266497,6.1852,4.740128,-2.348353,2.344389,5.980764,1.4503822,-0.3590417,4.8829055,7.74712,1.7858996,2.2286918,1.2119997,3.5197685,5.287472,-2.5022275,4.2390227,5.637064,6.7466707,3.0003967,-3.7781591,3.566205,-3.0813136,-3.0605028,1.8764161,4.102728,2.7196743,6.227324,-0.39732793,1.4956084,-1.1481678,4.7276783,3.3978329,-1.300033,0.8306986
1923,7.579885,-6.732188,-2.6587222,0.043464456,1.9484882,1.4894142,6.3996663,3.802212,-2.6627781,2.3780549,6.512411,0.98645055,-0.029293315,4.972887,8.141065,1.0019417,2.0673144,1.7839648,3.9484344,4.7537746,-1.8583775,4.259071,7.5378814,5.890096,0.04176749,-3.3936062,4.533278,-2.3384092,-2.183364,1.258875,4.7371235,3.9227874,5.5254326,-0.44531804,1.9440547,-0.26613373,4.82605,3.4609318,-1.5041225,0.89145225
1924,7.3686304,-6.7500396,0.39115575,-0.04615715,2.227175,2.4814587,6.576547,2.50711,-2.7920578,2.1721056,6.9808383,0.61774,0.2976253,5.1701255,8.242216,0.15720846,2.1830585,2.4564588,4.386944,4.156735,-1.3682486,4.147613,8.900886,3.784001,-2.299263,-2.848267,4.81534,-1.5218065,-1.3475811,0.9953626,5.231632,5.0717673,4.427987,-0.60624874,2.3600893,0.70855767,4.991248,3.245677,-1.6988091,0.9175986
1925,7.197772,-5.746289,2.8751032,1.0668741,2.5287519,3.4623837,6.5442266,0.9337744,-2.652887,1.7276309,7.343739,0.45363528,0.62684095,5.481218,8.04266,-0.64544487,2.529324,3.2815032,4.763849,3.441273,-1.0034118,4.022877,9.556961,0.8324853,-3.156439,-2.674923,4.734945,-0.65579736,-0.68884736,1.0169097,5.681308,5.9363174,2.9421697,-0.7248586,2.715351,1.7797108,5.162289,2.7290308,-1.8377604,0.8933086
1926,7.1078157,-4.076439,4.3994813,2.7799926,2.8058648,4.2626443,6.1224566,-0.6850355,-2.1582868,1.1626068,7.582754,0.58352464,0.9433765,5.8847895,7.5422163,-1.3371549,2.9896157,4.3056145,4.962903,2.5604627,-0.69651043,3.9460678,9.520282,-2.0012093,-2.2186153,-2.8730226,4.5379148,0.29129803,-0.23162885,1.2250235,6.1525273,6.3114414,1.1958458,-0.63466436,2.9648433,2.9054005,5.2376647,1.9163624,-1.8553807,0.8042119
1927,7.1037164,-2.0762095,5.108974,4.43684,3.0084524,4.7384686,5.258357,-2.0202103,-1.3384613,0.72142226,7.7176747,1.0099999,1.2293279,6.3264084,6.752976,-1.8940018,3.4094121,5.5135927,4.825189,1.5187749,-0.37144792,3.9552028,8.967699,-3.817579,0.06665323,-2.7435348,4.4357896,1.2763972,0.052257538,1.5340949,6.6654277,6.052521,-0.5644047,-0.2627815,3.1422842,3.9964418,5.0889835,0.8859356,-1.6807348,0.6603178
1928,7.1603236,0.039906017,5.360361,5.658975,3.141316,4.833999,4.085364,-2.8331876,-0.39894322,0.6488003,7.8001614,1.6203985,1.4822022,6.73342,5.703387,-2.3216643,3.638086,6.7888694,4.1979218,0.42848596,0.007831698,4.0846534,8.138452,-4.341365,2.6591058,-1.6231467,4.564789,2.1309116,0.20688093,1.88456,7.1869125,5.1107535,-2.048221,0.28937048,3.3875618,4.9617925,4.586455,-0.18956496,-1.2808309,0.5243134
1929,7.252708,2.151041,5.430952,6.3161345,3.1803,4.5887322,2.849191,-3.1043298,0.39871284,1.0210261,7.884504,2.236461,1.7115508,7.038674,4.44036,-2.6261966,3.568424,7.936117,3.0512803,-0.48007494,0.39085597,4.3529463,7.2302365,-3.927183,4.6232977,0.45352352,4.7603984,2.616982,0.28011918,2.2433407,7.6398726,3.5633156,-3.0260153,0.7563797,3.8274927,5.738182,3.634169,-1.0783125,-0.71368796,0.5061605
1930,7.3925343,4.166092,5.413615,6.388913,3.0829017,4.1251264,1.7777137,-2.9782531,0.9096803,1.7273853,8.009423,2.6962528,1.9198731,7.195139,3.0348454,-2.7866912,3.1659567,8.776463,1.5919862,-0.9531878,0.67612785,4.7314115,6.365888,-3.1200962,5.6764345,2.931515,4.6929436,2.5591736,0.35625398,2.603235,7.9252563,1.6176898,-3.3699293,0.8655341,4.4155183,6.269233,2.2323189,-1.5663044,-0.13364628,0.697541
1931,7.640321,5.9809594,5.2078323,5.9179735,2.878964,3.6101532,0.98727596,-2.6311615,1.1476904,2.5914288,8.195304,2.8968992,2.093085,7.182554,1.5917515,-2.7469845,2.4861932,9.250367,0.23061073,-0.8694406,0.84435767,5.149607,5.6116824,-2.2972758,6.0432324,5.235742,4.1245365,2.0279121,0.5390531,2.9869082,7.945603,-0.41810626,-3.018462,0.56526613,4.9399676,6.5002,0.54657286,-1.5303199,0.3029477,1.0993772
1932,8.079409,7.4430428,4.5673513,5.067977,2.7108154,3.1721458,0.47160378,-2.1892653,1.2098782,3.477157,8.434201,2.7876022,2.2129748,7.014583,0.24854714,-2.440062,1.677202,9.432859,-0.6253799,-0.33181772,1.0247322,5.554903,4.980858,-1.6102567,6.0605097,7.0083594,2.9868438,1.3630997,0.8666271,3.4391031,7.6244364,-2.2027698,-1.9873427,0.13267182,5.2408223,6.4107428,-1.1137044,-0.9777569,0.5782408,1.6365856
1933,8.761767,8.295693,3.2622023,4.202724,2.7466245,2.8382387,0.15715504,-1.7189087,1.199819,4.316601,8.675854,2.3506486,2.2839856,6.7409973,-0.8549724,-1.8382322,0.95739067,9.45344,-0.789916,0.38311473,1.3751285,5.9418545,4.423302,-1.0795928,5.9691834,8.099251,1.4157816,0.9829439,1.2934287,3.9846628,6.921492,-3.473744,-0.4776533,0.023927046,5.3882895,6.005988,-2.4497087,-0.052107915,0.8497528,2.2543523
1934,9.646505,8.148694,1.3571589,3.7644024,3.0679698,2.5446978,-0.03346529,-1.2490209,1.1966615,5.0933695,8.8248625,1.6009622,2.3520255,6.433064,-1.6265585,-0.9938738,0.5574303,9.411829,-0.36781213,0.98945427,1.9306273,6.314138,3.847459,-0.6771246,5.8912187,8.508082,-0.26542532,1.1378385,1.8060898,4.583464,5.8413754,-4.154537,1.093792,0.56866384,5.5724583,5.256874,-3.3215857,0.9920927,1.3341956,2.9887142
1935,10.528753,6.5934777,-0.62302554,3.8861144,3.6857178,2.174355,-0.14681351,-0.79273474,1.2541745,5.819391,8.753582,0.60247684,2.4912012,6.158645,-2.0555446,-0.032989535,0.6403964,9.356148,0.33043692,1.3415117,2.603827,6.6506853,3.1708837,-0.35805285,5.871322,8.337659,-1.6974791,1.781832,2.5245845,5.1328535,4.4170566,-4.352964,2.2689555,1.7789717,5.843015,4.080236,-3.7478988,1.8497089,2.1616728,3.959684
1936,10.92994,3.5168645,-1.9040854,4.1360064,4.5392423,1.6162686,-0.18424626,-0.35904172,1.4074954,6.515021,8.326863,-0.5240891,2.754,5.970473,-2.2059896,0.8984748,1.2484847,9.298648,0.9379507,1.4633642,3.2907457,6.908928,2.3579729,-0.071337916,5.920421,7.7412453,-2.6758034,2.6255524,3.609268,5.462743,2.6809084,-4.229566,2.7600687,3.3736455,6.022321,2.4213023,-3.7932837,2.2536857,3.3093014,5.310536
1937,10.015824,-0.50115424,-1.9172204,3.9834602,5.365167,0.89687943,-0.0988727,0.046924777,1.6779605,7.1895714,7.4306984,-1.6235365,3.1115968,5.911811,-2.1758883,1.6935054,2.3116663,9.21374,1.1579446,1.4830968,3.9446046,7.0339193,1.4248983,0.22893175,6.04238,6.8622866,-3.2190166,3.3188367,5.055746,5.297792,0.7202033,-3.859727,2.5308151,4.9209995,5.847801,0.4101482,-3.4791036,2.0850756,4.599259,7.06073
1938,6.9222727,-4.0581226,-0.90284854,3.6285672,5.8632445,0.20370117,0.15465924,0.43687975,2.0759914,7.819198,5.9979324,-2.5459888,3.4270399,6.0137787,-2.046198,2.3073623,3.6950161,9.006904,0.8337463,1.5527984,4.581866,6.956396,0.42193615,0.5672727,6.242371,5.7906656,-3.4837265,3.6247275,6.612367,4.3411956,-1.1666499,-3.2490814,1.7966796,6.0487895,5.1910424,-1.5765595,-2.8075035,1.4836472,5.743773,8.83298
1939,1.8116467,-5.6177335,-0.28413728,3.5840514,6.037177,-0.356826,0.56010574,0.8487027,2.6068945,8.324377,4.034016,-3.1608772,3.492045,6.270442,-1.839391,2.7445323,5.233975,8.492541,-0.01904307,1.7796957,5.261213,6.58601,-0.59002197,0.9289576,6.52051,4.5570908,-3.6272092,3.4680395,7.9157844,2.5640793,-2.4542596,-2.5079885,0.9431266,6.6521106,4.153792,-3.1108096,-1.8669294,0.8293049,6.5078616,9.776521
1940,-3.5119066,-4.4766064,-1.0174161,3.4905434,6.1301255,-0.767731,1.0634332,1.3381482,3.2754395,8.554517,1.6564785,-3.3253448,3.1358163,6.616342,-1.4993515,3.0383232,6.7398877,7.433263,-1.2046069,2.1435232,6.04809,5.813471,-1.5532727,1.2456015,6.8569536,3.1680748,-3.7118928,2.8813171,8.73181,0.42928848,-2.7074187,-1.8797206,0.28506756,6.887041,2.9513535,-3.9850314,-0.87379456,0.49836412,6.9173417,9.162406
1941,-6.9854527,-1.3020582,-1.8063102,3.0492473,6.319781,-0.92956895,1.5966793,1.960461,4.074665,8.292951,-0.85386896,-2.874928,2.3930697,6.9448233,-0.9144585,3.2454884,8.001219,5.660545,-2.390113,2.4260142,6.9350495,4.555079,-2.3949156,1.393446,7.200615,1.6717173,-3.6749666,1.9512987,9.083164,-1.3015215,-1.9232467,-1.46101,-0.09191965,6.9578953,1.7663221,-4.248241,-0.07249329,0.6220337,7.189766,7.0393853
1942,-8.173666,1.8395348,-1.1190444,2.8115702,6.501767,-0.81965536,2.0867426,2.7442818,4.9484754,7.30953,-3.0617185,-1.7696021,1.6297324,7.179133,-0.010838717,3.4467778,8.807546,3.2204258,-3.1948812,2.2863903,7.7586327,2.8815696,-2.9786968,1.2318847,7.478944,0.22772552,-3.3672109,0.8278903,9.156229,-2.0249083,-0.54400295,-1.0933077,-0.21274847,6.98832,0.7066885,-4.055813,0.40016624,1.0912198,7.4419556,4.0205083
1943,-7.9565635,3.1668143,0.7739486,3.0138092,6.505458,-0.5754946,2.4895244,3.6811106,5.739032,5.480943,-4.548499,-0.3526712,1.3766322,7.332668,1.1354122,3.7148082,8.98613,0.4491464,-3.2623367,1.561225,8.28261,1.1454325,-3.1207657,0.7190192,7.638857,-0.88748574,-2.6739018,-0.23508252,9.116368,-1.5866704,0.79862535,-0.63816553,-0.105528615,7.0274987,-0.1829924,-3.5454326,0.5589389,1.7060688,7.5867515,0.71044755
1944,-6.965973,2.4370663,2.674766,3.5594492,6.2197266,-0.34515604,2.8078315,4.7275796,6.1622195,2.9327445,-5.135653,0.69135207,1.8430355,7.479607,2.3068655,4.0362372,8.44018,-2.081634,-2.3798823,0.5761393,8.449633,-0.16841155,-2.7427719,0.027210666,7.691094,-1.4095151,-1.6632582,-0.92567396,9.024442,-0.28391466,1.605572,-0.15827706,0.17755398,7.073355,-0.88922733,-2.806274,0.52645004,2.3021743,7.455827,-2.4430532
1945,-5.168995,0.6149544,3.7065694,4.483834,5.609473,-0.24059895,3.0708356,5.8006864,5.868703,0.10991147,-4.88452,0.8661478,2.6723802,7.7242837,3.291597,4.2630625,7.2248693,-3.810877,-0.7484688,0.0550893,8.445037,-0.8518119,-1.978077,-0.5401133,7.694025,-1.2649038,-0.6006138,-1.0560474,8.890886,1.3206888,1.692435,0.22614998,0.57096195,7.09536,-1.3998147,-1.9047276,0.4649781,2.8102207,6.9399123,-5.0038915
1946,-2.5883923,-0.86292094,3.8311026,5.66133,4.7144446,-0.31067038,3.2962408,6.7750893,4.6214204,-2.3034952,-3.9944859,0.30860156,3.3111098,8.190838,3.993723,4.1697383,5.6195703,-4.536265,0.96390474,0.5342011,8.407838,-1.1278092,-1.0428871,-0.7648897,7.690929,-0.61386067,0.22558975,-0.6913436,8.7513275,2.6671262,1.1627102,0.5185163,1.037264,7.0623045,-1.7050792,-0.91566,0.51880234,3.2476227,6.0458465,-6.5868707
1947,0.1400559,-1.0446522,3.6469805,6.733002,3.6212208,-0.47910374,3.4670172,7.4959717,2.5145586,-3.6716907,-2.8616464,-0.4011108,3.5056362,8.901484,4.3840904,3.5870702,4.0589123,-4.478564,2.116458,1.9072342,8.217128,-1.3812373,-0.053735036,-0.5750085,7.693342,0.2527466,0.67857444,-0.058805414,8.666435,3.4031398,0.283615,0.819758,1.5816299,6.951772,-1.8195475,0.07218695,0.780174,3.6581578,4.864419,-7.1250973
1948,2.1688914,0.046810836,3.6872413,7.4307256,2.3808644,-0.5907868,3.5621974,7.8309393,0.028822472,-3.7303987,-1.9765859,-0.8342382,3.3550012,9.710987,4.3935513,2.5367894,2.941061,-3.9944844,2.5494657,3.6273875,7.6634617,-1.8194963,0.9766783,0.054647874,7.7047563,1.0275356,0.79826033,0.63095737,8.672046,3.4246683,-0.6378142,1.1820484,2.2387357,6.740881,-1.796942,0.9763793,1.2824366,4.0456014,3.4964025,-6.929345
1949,3.059214,1.831776,4.109134,7.60121,1.0179452,-0.50142914,3.6099339,7.7388525,-2.1935596,-2.634134,-1.5161481,-0.94697547,3.0554178,10.428304,3.9249501,1.2806106,2.4510682,-3.328767,2.498573,5.1924343,6.669777,-2.3729985,1.9920214,1.1599139,7.7103324,1.4430453,0.7302674,1.2702702,8.749548,2.8061237,-1.3484844,1.5370919,3.0271385,6.401009,-1.7203755,1.7438668,2.0111287,4.3415604,2.0103633,-6.405032
1950,2.8466945,3.6967666,4.890083,7.0694313,-0.3799692,-0.14703362,3.7042775,7.2753725,-3.6839786,-0.81044847,-1.2207532,-0.82423526,2.7653935,10.931875,2.9767976,0.20629196,2.4918003,-2.5759315,2.2823296,6.3769593,5.306729,-2.8598797,2.8047516,2.7163413,7.6247363,1.3044674,0.65950555,1.8453364,8.832856,1.7210538,-1.6891639,1.7605464,3.8965998,5.9119463,-1.666183,2.3549888,2.9168262,4.412375,0.46603745,-5.7829695
1951,1.8382179,5.166922,5.924673,5.6503615,-1.6272453,0.3735041,3.9579833,6.5299377,-4.337441,1.1910713,-0.72904646,-0.51849955,2.6181128,11.185628,1.7011414,-0.38289604,2.785995,-1.7607043,2.1210163,7.1716795,3.7048888,-3.1568394,3.185491,4.5316834,7.2701654,0.5639424,0.7597197,2.410551,8.827333,0.38819337,-1.5812776,1.7991897,4.7334466,5.284494,-1.6667433,2.8076224,3.9180882,4.0973654,-1.0198328,-5.0790615
1952,0.48847675,5.9360156,6.9497266,3.329841,-2.4506056,0.7749889,4.3937483,5.5876307,-4.3554306,2.8923888,0.113849625,-0.11754581,2.6996624,11.200425,0.3294881,-0.38205487,3.089599,-0.92074823,2.1156418,7.6411433,1.9904761,-3.2030697,3.0167797,6.2526717,6.467502,-0.5875353,1.1052737,3.0747313,8.619912,-0.9732627,-1.0115218,1.7555485,5.4346633,4.5561414,-1.7059927,3.1019788,4.9003453,3.2826374,-2.2320633,-4.2302427
1953,-0.7214836,5.957141,7.605645,0.49577382,-2.5414348,0.78474987,4.8738465,4.5683293,-4.031834,4.0499663,1.2353706,0.2521173,2.9948096,10.98808,-0.91582626,0.14653125,3.3349595,-0.11863247,2.2893088,7.8313518,0.2842625,-2.926827,2.384631,7.5335884,5.210199,-1.7677357,1.5697266,3.9422987,8.081988,-2.1913638,-0.059187822,1.8681601,5.969723,3.743592,-1.7445713,3.2409053,5.733343,1.9962052,-2.9159007,-3.2726173
1954,-1.4912964,5.469245,7.7063084,-2.1211762,-1.7228416,0.5082144,5.2279997,3.6349185,-3.5788658,4.66094,2.4669347,0.52044606,3.4096744,10.556476,-1.8629425,1.0350201,3.615268,0.59311205,2.619554,7.745029,-1.2683054,-2.2419243,1.5851129,8.246884,3.7126374,-2.636295,1.8748581,4.981565,7.104023,-3.1660573,1.0586892,2.3914485,6.3474116,2.7953062,-1.735683,3.2371895,6.315098,0.45237073,-2.9152992,-2.3779454
1955,-1.7950697,4.809835,7.3688173,-3.8891652,-0.17565286,0.4805112,5.455611,2.8606758,-3.1027517,4.8531837,3.6607637,0.71329087,3.8495858,9.934379,-2.4256754,2.055962,4.066888,1.1922258,3.0455782,7.3641086,-2.4991097,-1.1501994,1.0371968,8.530143,2.215738,-3.0568464,1.8105853,5.98112,5.6929307,-3.8540332,2.0026307,3.4306295,6.5111723,1.6127467,-1.6136608,3.1192093,6.6120176,-1.0194707,-2.2568557,-1.6928474
1956,-1.7550362,4.2162,6.843146,-4.62792,1.5620877,1.196769,5.639522,2.1251419,-2.6484654,4.769173,4.739313,0.91292983,4.2615123,9.173269,-2.6274786,2.98801,4.757023,1.6780516,3.4717555,6.695421,-3.2824655,0.15793994,1.1029239,8.601452,0.78833365,-3.021199,1.3797219,6.709499,4.034351,-4.2473855,2.4392312,4.8210998,6.297552,0.16902038,-1.2951713,2.9461904,6.659724,-2.1198168,-1.1219033,-1.1994839
1957,-1.4946139,3.7963011,6.315091,-4.556612,2.9361336,2.6876214,5.6839633,1.2125851,-2.2130752,4.5106187,5.6876855,1.2095284,4.6221867,8.320078,-2.5735543,3.6863947,5.653136,2.0563397,3.78744,5.8055024,-3.6086318,1.355481,1.901916,8.513218,-0.63814837,-2.5069551,0.768562,7.092675,2.4033897,-4.355566,2.218675,6.1731515,5.5680246,-1.3584621,-0.75396913,2.8305938,6.5266733,-2.697841,0.23032366,-0.76403207
1958,-1.105037,3.5795245,5.8582435,-4.0337396,3.7048023,4.5657263,5.2979674,0.030858738,-1.7524036,4.154005,6.521969,1.6733956,4.9048977,7.3932767,-2.3852005,4.10452,6.664064,2.3279586,3.899521,4.815728,-3.5787346,2.1666288,3.2491696,8.081534,-2.077343,-1.4716662,0.28293988,7.2316957,1.0004423,-4.1809893,1.451957,7.1133666,4.4100885,-2.6407826,-0.118774906,2.9074056,6.2724705,-2.7844863,1.5474913,-0.26903054
1959,-0.66224307,3.5504272,5.4753404,-3.3607678,3.951678,6.3363433,4.2222247,-1.2168758,-1.2551761,3.7951677,7.2694697,2.3285532,5.050015,6.3864627,-2.143846,4.264345,7.6891837,2.4795206,3.7619028,3.866387,-3.3274121,2.5064156,4.7637916,7.063844,-3.3627498,-0.024164792,0.2944496,7.282328,-0.14540592,-3.7065892,0.42827642,7.519654,3.1379192,-3.4451292,0.37951243,3.2251675,5.935349,-2.533843,2.658284,0.32150385
1960,-0.22606294,3.6658053,5.1440086,-2.7182486,3.8962882,7.650025,2.4611704,-2.092609,-0.831778,3.5348723,7.9724984,3.1162987,4.9521627,5.306212,-1.8688904,4.220382,8.639282,2.4828398,3.3935218,3.078697,-2.9578862,2.4701152,6.0769844,5.411654,-4.2563114,1.4217746,1.0714469,7.2676783,-1.1507007,-2.895777,-0.5308187,7.529479,2.0605247,-3.7697663,0.5919576,3.692507,5.5572248,-2.1185877,3.5000904,0.98262054
1961,0.17057592,3.8716257,4.839906,-2.1822722,3.7325974,8.384669,0.3558469,-2.198165,-0.623564,3.389573,8.684335,3.8804097,4.4834237,4.229315,-1.5305338,4.0495696,9.439786,2.3095179,2.8808763,2.5273125,-2.530051,2.234158,6.994344,3.3384433,-4.6510334,2.3136258,2.510791,6.9849963,-2.132432,-1.7174383,-1.1464263,7.3863716,1.2941684,-3.749351,0.5318691,4.1619473,5.2040157,-1.6558342,4.0935855,1.6717849
1962,0.52087986,4.11732,4.543544,-1.7639999,3.574057,8.600836,-1.5675398,-1.4100223,-0.56137234,3.2994576,9.426829,4.3964343,3.5718849,3.3265715,-1.088538,3.858854,10.036873,1.9494511,2.3579385,2.2261488,-2.0761898,1.9633492,7.5104666,1.171495,-4.5632105,2.34624,4.1009617,6.2164755,-3.036518,-0.24869716,-1.1762533,7.2974734,0.7534831,-3.5162966,0.30162913,4.530265,4.9484663,-1.1968552,4.4973783,2.353183
1963,0.83284557,4.3621907,4.2411757,-1.4431683,3.4666247,8.453934,-2.8642232,0.052737556,-0.32936862,3.285263,10.146209,4.413681,2.3149421,2.7915745,-0.5231938,3.7761621,10.403058,1.4157175,1.9669772,2.1361697,-1.6154112,1.7664002,7.717015,-0.79247683,-3.9852533,1.662478,5.289288,5.0464706,-3.666924,1.22597,-0.45860454,7.326389,0.23223312,-3.1279771,0.0020088644,4.7613826,4.842542,-0.75152427,4.773663,3.002735
1964,1.1170089,4.575387,3.9251363,-1.1885432,3.4185517,8.118366,-3.3627498,1.7284755,0.36948964,3.5015397,10.721602,3.7111022,1.0351834,2.6909099,0.1785317,3.913835,10.521178,0.7374775,1.8209671,2.1962748,-1.1623195,1.6936772,7.712842,-2.3204985,-2.883128,0.7541609,5.8912,3.8110907,-3.9204414,2.339186,0.95148635,7.32941,-0.4840625,-2.5455666,-0.29212233,4.8636007,4.9074597,-0.31140053,4.9720225,3.6050925
1965,1.3785582,4.7338605,3.5949998,-0.9682503,3.4233274,7.739619,-3.1707742,3.1632175,1.6027085,4.103883,10.9623,2.2108648,0.18134536,2.8766038,1.0408739,4.336567,10.345512,-0.0441004,1.9814713,2.3618343,-0.7335133,1.7533122,7.56767,-3.2539134,-1.3480365,0.19131823,6.110913,2.7423158,-3.873502,2.8864002,2.7407005,7.025683,-1.4670334,-1.6745657,-0.49142548,4.8757205,5.1342497,0.13740987,5.125015,4.148778
1966,1.6145868,4.821532,3.258914,-0.75462675,3.472584,7.413756,-2.5362206,4.1280956,3.2596838,5.122038,10.52846,0.112467915,0.10490474,3.1267793,2.0548809,5.0450835,9.769508,-0.8724474,2.4430873,2.6310632,-0.35141674,1.9274136,7.3272963,-3.5539172,0.32962066,0.34089783,6.228515,1.8028071,-3.652374,2.8850892,4.485219,6.1882296,-2.5427704,-0.5043753,-0.4430446,4.8731127,5.479879,0.6033093,5.249049,4.622254
1967,1.8155701,4.8305793,2.933691,-0.52663976,3.562138,7.1885533,-1.7008966,4.642786,5.187728,6.3596015,8.921324,-2.0615668,0.79502845,3.4450226,3.1566432,5.9425125,8.636006,-1.666096,3.1102414,3.043251,-0.04375878,2.1825595,7.0313096,-3.3252687,1.7970197,1.2364075,6.313655,0.81014866,-3.3111584,2.4738917,5.850303,4.8222995,-3.398933,0.7513017,0.026114035,4.9573393,5.8630447,1.0739325,5.3484516,5.013832
1968,1.9692632,4.763507,2.6425154,-0.27089426,3.694022,7.076512,-0.82898194,4.8701396,7.216455,7.229759,5.8042636,-3.6160636,1.6562095,4.0844293,4.3258653,6.768489,6.8110924,-2.30215,3.777784,3.6375134,0.16454822,2.4776516,6.723235,-2.7628212,2.8438177,2.6394753,6.184197,-0.3662061,-2.8038342,1.8347361,6.7070827,3.1841204,-3.8285391,1.7314357,0.96328396,5.2104344,6.172941,1.5054798,5.423567,5.317094
1969,2.064058,4.633635,2.4105864,0.018974382,3.875981,7.0706606,0.00061393843,5.006971,9.073455,6.7638683,1.6925806,-4.037226,1.8024205,5.0651803,5.6564155,7.061787,4.3221283,-2.6132803,4.1738987,4.3831425,0.27645013,2.7750745,6.447755,-2.0578785,3.4717221,4.1943216,5.557871,-1.6522547,-2.0579052,1.189585,7.128743,1.6041166,-3.8232937,2.1863368,2.2165723,5.6715856,6.2873583,1.8308908,5.4823523,5.5385995
1970,2.0889347,4.4628806,2.2607622,0.34475988,4.1194386,7.158184,0.7740121,5.2080584,10.332958,4.2856507,-1.7531571,-3.4366946,1.0576043,5.941552,7.200096,6.262655,1.5331508,-2.4712722,4.1284094,5.1509714,0.35829073,3.053602,6.2384443,-1.3374537,3.8147132,5.564959,4.255334,-2.7538517,-1.1346081,0.78872716,7.2922893,0.28566653,-3.469918,2.1209257,3.531231,6.3509955,6.087063,1.9860147,5.549662,5.7010236
1971,2.0302663,4.278234,2.2116098,0.70749396,4.4371905,7.329557,1.5105453,5.5290303,10.535632,0.40300795,-2.8616247,-2.6673148,0.113506526,6.344074,8.652604,4.041927,-0.7609343,-1.9965258,3.7537594,5.8065834,0.5260507,3.3084211,6.104064,-0.65874815,4.0257277,6.509839,2.3501356,-3.3307111,-0.3036595,0.78985894,7.342964,-0.74141,-2.8418202,1.7336962,4.69071,7.2109785,5.465029,1.9491549,5.664962,5.8362803
1972,1.870081,4.1094747,2.278659,1.1115998,4.8420277,7.5805345,2.219518,5.8875227,9.465334,-3.1861656,-1.4336563,-2.2715435,-0.53727853,6.2844687,9.457087,0.80613106,-1.6328769,-1.5898591,3.3216734,6.3357577,0.8604693,3.5357625,6.0266776,-0.03180597,4.2092814,6.9009213,0.17367364,-3.1950963,0.15435953,1.1225165,7.3221807,-1.5195718,-1.98368,1.2971083,5.593781,8.113878,4.351464,1.7858582,5.8653283,5.9662304
1973,1.5908719,3.988789,2.4778845,1.5686281,5.3464165,7.901818,2.847994,6.075611,7.3715587,-5.192347,1.2382734,-1.7718588,-0.7546897,5.982622,9.349951,-2.2887776,-0.7297979,-1.3656102,2.9812472,6.811413,1.3684148,3.7213197,5.974837,0.5568713,4.404957,6.713803,-1.8306643,-2.3701584,0.23964217,1.565555,7.2209096,-2.0568175,-0.9556123,1.0704468,6.273606,8.810531,2.770191,1.6566288,6.171667,6.0740275
1974,1.1849883,3.948897,2.830606,2.1004615,5.9608645,8.249383,3.2417128,5.871192,4.884382,-5.6276674,3.5530136,-0.7035045,-0.54900664,5.7397327,8.5145855,-4.236247,1.3556334,-0.81143814,2.8453546,7.2668786,2.0009537,3.8388758,5.9192543,1.1276917,4.5973463,6.0121098,-3.3040233,-1.0791159,0.25336844,1.9818165,7.045716,-2.327466,0.13151963,1.2379285,6.867496,8.995959,0.88390666,1.7332597,6.6088524,6.080963
1975,0.6604677,4.013042,3.3704154,2.7424767,6.6838555,8.4942255,3.1706188,5.2346582,2.6633139,-5.2196603,4.7602606,0.7825672,-0.13762872,5.7110605,7.289422,-4.895583,3.5178897,0.5429348,3.0382607,7.661354,2.637584,3.8600984,5.848723,1.6967893,4.733761,4.927726,-4.1097097,0.30106685,0.5296309,2.4022455,6.8017,-2.3444717,1.1364896,1.8732524,7.5194063,8.374867,-1.0388296,2.0377257,7.2351213,5.8543887
1976,0.049712513,4.1718307,4.1501656,3.54669,7.4688644,8.375867,2.4762745,4.439248,1.0893959,-4.5717754,4.9835105,2.3359134,0.3222993,5.8396397,5.9306393,-4.7425246,4.939657,2.6186197,3.5324786,7.8901467,3.1118069,3.781243,5.7832823,2.2662613,4.7421303,3.6296556,-4.332213,1.3919774,1.1962284,2.9054222,6.4574676,-2.1911917,1.9447753,2.948529,8.236133,6.6973047,-2.709247,2.3095665,8.0776825,5.2703233
1977,-0.5652852,4.355556,5.236133,4.57814,8.148988,7.534892,1.3040167,3.9205236,0.17970805,-3.9395168,4.6222143,3.7515738,0.8625612,6.0007367,4.5555835,-4.2942915,5.4078283,5.0321574,4.2331033,7.777051,3.291728,3.6559525,5.7670093,2.8121166,4.548363,2.2930048,-4.1567473,1.9837857,2.161351,3.513561,5.9445143,-1.9838933,2.504075,4.360099,8.756722,3.8542168,-3.820916,2.053495,8.96754,4.356743
1978,-1.0684688,4.445231,6.6720695,5.8706193,8.321477,5.731875,0.18032727,3.8799193,-0.2586879,-3.35778,3.9988053,4.9803615,1.5832385,6.0595765,3.1710074,-3.8337786,5.067722,7.425375,5.083433,7.0962067,3.1453364,3.5993068,5.84258,3.2708719,4.0990486,1.0839862,-3.7514184,2.08068,3.2351346,4.1916337,5.1790056,-1.8148628,2.8139863,5.926188,8.531929,0.16834334,-3.942457,0.9307128,9.521053,3.453491
1979,-1.4249507,4.3486724,8.423842,7.263905,7.3089805,3.2477314,-0.31941003,4.108764,-0.42600945,-2.7973938,3.314266,6.037937,2.5256915,5.8393445,1.7555006,-3.4131174,4.1467943,9.5243635,5.9641404,5.635318,2.7951548,3.7384863,6.0281363,3.5339384,3.3956516,0.1503864,-3.2310102,1.8333683,4.241456,4.865339,4.094725,-1.7115499,2.8947537,7.3776393,7.004242,-3.3387427,-2.729547,-0.5902776,9.50579,3.0187848
1980,-1.7194228,4.0351195,10.323309,8.131211,4.5568357,1.1045729,-0.12685964,4.332973,-0.4792999,-2.2430563,2.6898088,6.946359,3.5972662,5.119287,0.3763375,-2.9556959,2.8911195,11.084781,6.572906,3.3675017,2.5206382,4.150354,6.295818,3.4634209,2.5311863,-0.40688062,-2.673719,1.4405531,5.073317,5.4185605,2.686494,-1.6182764,2.7752407,8.4282,4.1711836,-5.470916,-0.72661024,-1.3310846,9.191004,3.0315287
1981,-2.02512,3.4785051,12.021288,7.4597425,0.61810786,0.4238577,0.31294212,4.50808,-0.5093534,-1.6952485,2.1987057,7.715429,4.544131,3.7402399,-0.7314744,-2.3977773,1.6013615,11.948603,6.516919,0.67013067,2.5703309,4.879797,6.5354543,2.9341834,1.7011722,-0.57763934,-2.1317232,1.0688286,5.702038,5.7069187,1.0532913,-1.4141864,2.5204568,8.927288,0.75857335,-5.8619843,0.7152243,-0.8055721,8.964821,2.9570255
1982,-2.306152,2.6455212,13.104277,4.851955,-2.6760914,1.0775378,0.8919238,4.6422276,-0.54203576,-1.1570259,1.8883736,8.347536,5.010408,1.8006752,-1.2512691,-1.8029829,0.5701323,12.1838255,5.604462,-1.7832621,2.8366263,5.981456,6.5346646,1.8970085,1.1586592,-0.45667937,-1.6253312,0.8155787,6.1575546,5.6083455,-0.5969704,-0.9882155,2.2697785,8.928621,-2.3149416,-4.8545365,0.93282557,0.26616743,8.890757,2.3749588
1983,-2.414455,1.5737468,13.436174,1.3504506,-3.95067,1.6922708,1.8176768,4.671632,-0.6319334,-0.6298498,1.7886237,8.847159,4.7026796,-0.25467098,-1.04306,-1.2923154,-0.06742218,12.0522375,3.9866776,-3.489931,2.825436,7.3507557,6.0528994,0.4727891,1.0979193,-0.18132472,-1.1506649,0.71653545,6.4958563,5.0762405,-2.0170681,-0.34611702,2.2176058,8.580759,-4.4399896,-2.8606443,0.49993557,1.1003636,8.885226,1.3043365
1984,-2.1562598,0.4477282,13.29018,-1.4217434,-3.2745264,1.555328,2.8029134,4.5619545,-0.8192092,-0.11120841,1.9176674,9.212707,3.5595274,-1.846558,-0.32543713,-0.8656901,-0.33775264,11.81121,2.0043342,-4.3029146,2.0989282,8.560294,5.050358,-0.98772013,1.5024222,0.18093729,-0.7047373,0.7724924,6.7675357,4.1501584,-3.029753,0.34453493,2.5051374,7.976859,-5.4407387,-0.38887691,0.3719524,1.6325403,8.858848,0.027533514
1985,-1.4015967,-0.4011548,13.038909,-2.5110204,-1.504592,1.2534286,3.5234995,4.369379,-1.0527045,0.39280462,2.287723,9.410019,1.7807449,-2.5895507,0.4495611,-0.4232551,-0.29973242,11.597591,0.024328055,-4.189127,0.7149165,9.155795,3.879526,-2.0934618,2.124223,0.6622754,-0.30011243,0.96780807,6.9962363,2.9248486,-3.578996,0.8387556,3.1023672,7.139022,-5.523226,1.8941878,1.0416982,2.1856453,8.698442,-1.178003
1986,-0.20008156,-0.57561225,12.835637,-1.9987024,0.29885802,1.4147605,4.042123,4.0916777,-1.2652092,0.8575431,2.8923213,9.349955,-0.27449825,-2.3955173,0.9359318,0.07270145,0.010996826,11.424746,-1.5861821,-3.116372,-0.74054056,9.095126,3.0065818,-2.7227018,2.6973143,1.2973584,0.042035047,1.2738205,7.170582,1.5187223,-3.6819475,0.9662236,3.811328,6.123921,-5.09311,3.480293,2.4447753,2.93293,8.237044,-2.1286068
1987,1.1637112,0.20874846,12.623682,-0.7666875,1.427288,1.9899464,4.473791,3.6500423,-1.4205139,1.2449971,3.6849217,8.90305,-2.2064269,-1.3894256,1.1384516,0.57268864,0.56374484,11.2222395,-2.5041423,-1.2776604,-1.5134729,8.754853,2.5209367,-3.0038064,3.1043465,2.0620205,0.3109968,1.6507788,7.2512283,0.06965878,-3.3534446,0.73290914,4.406343,5.075039,-4.510178,4.2327733,4.2807527,3.799212,7.2625585,-2.7304263
1988,2.2663774,1.9056894,12.297562,0.08578388,1.8834052,2.6899168,4.8299685,2.9961388,-1.4928448,1.5175347,4.56974,7.9681807,-3.6867478,0.120759815,1.3639891,1.0293312,1.3129104,10.908074,-2.6198876,0.7768635,-1.1776756,8.535125,2.1086664,-3.0796072,3.31949,2.8993497,0.5203131,2.0570917,7.191337,-1.2588172,-2.5959442,0.32556736,4.781098,4.1481495,-3.9672732,4.28366,6.233414,4.551882,5.6213098,-2.9827945
1989,2.7707543,4.0895557,11.718238,-0.10065085,2.143012,3.4269083,5.0665455,2.1408796,-1.4527739,1.6584084,5.420606,6.554011,-4.5758634,1.655909,1.9375864,1.4332768,2.1849213,10.455651,-2.1419911,2.4582915,0.15703839,8.492902,1.3685801,-2.987224,3.3176975,3.7447062,0.71172607,2.4590836,6.9608603,-2.2993217,-1.4656879,0.03442988,4.984712,3.4076238,-3.527767,3.8502946,8.016965,4.8584023,3.3824196,-2.9306529
1990,2.6217563,6.158228,10.682543,-1.2338359,2.6412828,4.311122,5.067913,1.12847,-1.2649937,1.6913054,6.1251273,4.792737,-4.947197,2.7278056,2.941131,1.7984064,3.0796335,9.897977,-1.444102,3.5310414,2.0572057,8.329258,0.075715974,-2.6454875,3.0800178,4.527744,0.9547381,2.8339372,6.5597725,-2.9386306,-0.13293752,0.12579072,5.1387653,2.7939417,-3.1983664,3.1296954,9.395933,4.424153,0.9596111,-2.606361
1991,2.0794218,7.66824,9.070293,-2.698936,3.3704317,5.4999995,4.625005,0.038471736,-0.9057156,1.6899999,6.6225224,2.87042,-4.956278,3.0494108,4.193322,2.1983316,3.9017272,9.275424,-0.8185062,4.1099367,4.0625486,7.600084,-1.6465818,-1.9349353,2.6882946,5.18337,1.3281375,3.1624858,6.011581,-3.1670876,1.1518342,0.7264429,5.31043,2.166917,-2.9555175,2.262705,10.24854,3.2482991,-1.0098318,-2.087026
1992,1.5101767,8.547033,6.9716535,-3.9358602,3.8760722,6.9608164,3.5207622,-0.9561692,-0.41944674,1.764288,6.903573,0.95185274,-4.679429,2.6041715,5.407717,2.8114095,4.5941515,8.576254,-0.38047093,4.4161735,5.803768,5.956247,-3.3155174,-0.9272294,2.3972158,5.692921,1.8614374,3.4139638,5.3481894,-3.0693424,2.1690657,1.7853372,5.439524,1.3811648,-2.7306519,1.3392813,10.61334,1.732349,-2.0611682,-1.543225
1993,1.1249369,8.973832,4.586707,-4.744016,3.659596,8.337402,1.8105565,-1.5451195,0.038857177,1.9979464,6.9744287,-0.8312855,-4.0618114,1.6140096,6.334035,3.8589804,5.114533,7.70751,-0.11129903,4.6125426,7.002456,3.3923652,-4.3549285,-0.05797517,2.4588904,6.1118717,2.4759784,3.5365047,4.6097274,-2.7645864,2.8182216,3.117181,5.360346,0.375204,-2.401481,0.4378619,10.647113,0.44488683,-2.1812441,-1.1053518
1994,0.9614853,9.141161,2.107515,-5.0708656,2.537728,9.231841,0.079537466,-1.455819,0.33085996,2.3732724,6.82812,-2.339881,-3.0027585,0.5001923,6.8282056,5.4290037,5.36244,6.5325627,0.08533314,4.7789636,7.480016,0.34961554,-4.4047604,0.17123099,2.7935524,6.5417824,3.0228727,3.469428,3.8608577,-2.3484886,3.1265662,4.483468,4.8879533,-0.75052893,-1.8450797,-0.3180788,10.525818,-0.22721602,-1.7127783,-0.7544244
1995,1.003597,9.154717,-0.25729817,-4.742868,0.73727363,9.546214,-0.8265891,-0.78560275,0.53667104,2.8118691,6.4583797,-3.421473,-1.5259938,-0.22255915,6.9193463,7.30943,5.1338816,5.0133734,0.34663466,4.9534683,7.188752,-2.4681072,-3.3950012,-0.22248657,3.05083,7.07619,3.3959184,3.171155,3.1930313,-1.8722035,3.20396,5.6710176,3.925727,-1.7451198,-1.0553721,-0.74529654,10.371388,-0.24730116,-1.0862381,-0.41236126
1996,1.2320548,9.039099,-2.2138097,-3.5190485,-1.1169032,9.438919,-0.47169277,-0.0327879,0.8291092,3.2791135,5.8745775,-3.9949677,0.118205376,-0.17910007,6.8538895,9.020479,4.183215,3.3996215,0.78073215,5.1717544,6.2131324,-4.461472,-1.5940776,-0.62555945,3.0734415,7.7147536,3.5633113,2.6437285,2.6980479,-1.352468,3.187755,6.544099,2.539275,-2.343311,-0.20821606,-0.6931459,10.235407,0.123441905,-0.60257566,-0.04983991
1997,1.6236784,8.775988,-3.4335468,-1.4439874,-2.1681442,9.145529,0.81623137,0.30969965,1.2084945,3.7712855,5.098864,-4.1233892,1.5596046,0.6906779,6.9916964,10.032013,2.4215481,2.2292492,1.3845968,5.4527063,4.7163014,-5.4445453,0.3616884,-0.42978415,3.0644884,8.345753,3.4824064,1.9548562,2.4356148,-0.7875375,3.2001863,7.051899,0.93687284,-2.406536,0.45193532,-0.1783271,10.121632,0.51278746,-0.34507978,0.3186387
1998,2.1498601,8.354289,-3.7652597,0.93080133,-1.819602,8.90382,2.207697,0.11373587,1.5707619,4.2752476,4.1684213,-3.9720414,2.5154908,2.2012284,7.5827947,9.880004,0.1252256,1.9801159,2.1290057,5.724547,2.8733566,-5.624994,1.7775581,0.4707238,3.2925005,8.838465,3.0464365,1.2525393,2.410427,-0.16467428,3.32373,7.194557,-0.6250509,-1.9434613,0.81678426,0.61440086,10.016857,0.6398644,-0.22040007,0.67620677
1999,2.7756956,7.801334,-3.3844173,2.8936174,-0.14237112,8.816639,2.8904858,-0.41649258,1.8718504,4.775673,3.1251168,-3.704199,2.8835616,4.0812488,8.564022,8.13762,-2.0870273,2.5760212,3.1630523,5.7761803,0.8368209,-5.296407,2.285456,1.7716064,3.892457,9.057139,2.1530142,0.7458918,2.5633845,0.5329561,3.5915506,6.9808316,-1.9314969,-1.0638032,0.9987239,1.4862037,9.898569,0.41403985,-0.066223375,1.0198333
2000,3.460976,7.1688986,-2.6664891,4.103678,2.306581,8.717486,2.394112,-0.9160802,2.0924957,5.24839,2.0056574,-3.4036283,2.7033138,6.012569,9.415367,4.606175,-3.527738,3.1838048,4.613952,5.276695,-1.2215757,-4.6140747,1.9302629,3.062752,4.903424,8.796573,0.811599,0.6335983,2.8088078,1.3071843,3.9848275,6.4099364,-2.857653,0.04176272,1.2387619,2.3591247,9.715883,-0.100496255,0.25301367,1.3728952
2001,4.167245,6.4895463,-1.9421223,4.661217,4.9124436,8.166218,0.7523013,-0.9946196,2.1933944,5.637682,0.86509216,-3.0536757,2.108286,7.6149993,9.266021,-0.11018617,-3.6647112,2.8520005,6.059187,4.023863,-2.9545193,-3.6691887,1.076945,4.022694,6.248496,7.7755303,-0.7852635,0.9803858,3.129823,2.1298964,4.428979,5.4845405,-3.3821208,1.1197317,1.7490795,3.2727458,9.3667965,-0.77939796,0.7977177,1.8046502
2002,4.8583145,5.7385206,-1.3809055,4.8322954,7.1851068,6.6188498,-1.3968984,-0.48528442,2.2493224,5.871055,-0.20560667,-2.5724924,1.317926,8.590919,7.556138,-4.412425,-2.3827958,1.7729167,6.8817625,2.356107,-3.9304225,-2.6624875,0.21485195,4.5239496,7.641735,5.782184,-2.251467,1.5727243,3.6285346,2.9644067,4.7863717,4.2418523,-3.5599318,1.9189292,2.6091747,4.286691,8.685972,-1.5069078,1.5342592,2.4307969
2003,5.476284,4.8231697,-1.0087502,4.8322186,8.759833,3.8684978,-3.0464423,0.24355637,2.4921665,5.9070134,-1.1286831,-1.8881704,0.6066487,8.958353,4.6579485,-6.9054255,-0.5424288,1.1922954,7.147085,0.7595539,-4.0464096,-1.8200605,-0.3416829,4.6441092,8.669254,2.9380784,-3.1203387,1.928844,4.381654,3.8049307,4.8578606,2.7864919,-3.4640102,2.2773523,3.746782,5.384243,7.458867,-2.1912026,2.3193054,3.3709097
2004,5.902365,3.6195426,-0.7549218,4.7779865,9.43233,0.41510466,-3.4172988,0.52248764,2.9587595,5.7472324,-1.8726684,-1.0002823,0.22393148,9.000682,1.4335178,-7.5075946,0.47375,1.5841647,7.180771,-0.685312,-3.470835,-1.2462802,-0.55550593,4.5666037,9.048021,-0.1987033,-3.0347178,1.6914363,5.228907,4.673627,4.4280663,1.3120102,-3.1477013,2.1820164,4.9738455,6.412753,5.500331,-2.7356439,2.897116,4.6546383
2005,5.9638686,2.080483,-0.4976204,4.7358756,9.219714,-2.7560606,-2.312677,0.26012352,3.379013,5.4573274,-2.3990774,0.0034284168,0.33446875,8.954807,-1.5064716,-6.710922,0.14957644,2.184196,7.0547566,-1.9536321,-2.3758922,-0.9034788,-0.5257325,4.462282,8.764697,-2.880967,-1.8976495,1.1214273,5.8883905,5.5276093,3.3689396,0.09422568,-2.6704636,1.7760609,6.0654,7.0766973,2.8230336,-2.9852371,2.9742162,6.1095653
2006,5.549259,0.36200535,-0.14863515,4.7739587,8.3309965,-4.831511,-0.16737884,0.19266292,3.660189,5.1117177,-2.6726453,0.974502,0.989424,8.801208,-3.8345203,-4.748366,-0.8705443,2.2577634,6.8702884,-2.8101187,-0.95523894,-0.6257971,-0.340272,4.4357696,7.994114,-4.583555,-0.032883,0.9917938,6.322087,6.1246753,1.7571485,-0.56495655,-2.1377017,1.287184,6.870694,7.042906,-0.19312151,-2.7217605,2.448822,7.3710623
2007,4.711191,-1.2147455,0.24906701,4.95305,7.0374594,-5.6618032,2.0928097,1.031988,3.9627614,4.649134,-2.7292962,1.7640706,2.0980065,8.304158,-5.3036485,-1.8869799,-1.5303637,1.9162465,6.7496324,-3.0453477,0.5348903,-0.228816,-0.036191188,4.5320916,6.945671,-5.2641006,1.850189,1.8745824,6.73894,6.0481043,-0.07474991,-0.47801036,-1.6498014,0.9039769,7.3782578,6.1499863,-2.8732598,-1.839581,1.6654226,8.155009
2008,3.546519,-2.374822,0.53460264,5.2641473,5.5614185,-5.6655793,3.6182556,2.7862928,4.2660804,3.8945875,-2.6426244,2.2708826,3.4327579,7.2466016,-5.843604,1.144986,-1.1822883,1.7111456,6.6834884,-2.6919765,1.8451223,0.3549847,0.3616354,4.7469263,5.7628307,-5.26896,3.0873225,3.6995504,7.1859975,4.901752,-1.6183671,0.23203486,-1.188075,0.7165174,7.67267,4.5287943,-4.6508503,-0.62009233,1.2521482,8.519833
2009,2.05598,-2.9755766,0.546036,5.606069,4.0664387,-5.3504148,4.089792,4.9329762,4.3212905,2.7414768,-2.4396133,2.459451,4.70726,5.645572,-5.7071447,3.4810972,0.1566342,1.8856189,6.5940423,-1.9763253,2.8281293,1.0665505,0.8189334,5.0289946,4.5045705,-5.012613,3.40997,5.929013,7.318353,2.5922894,-2.391736,1.0851169,-0.64488995,0.75057095,7.8433623,2.4928403,-5.3904085,0.33800113,1.5241386,8.6815405
2010,0.28241512,-2.9140677,0.24127729,5.853458,2.6949754,-4.9930816,3.6325402,6.8715453,3.9455051,1.3269757,-2.104358,2.376987,5.697625,3.7350805,-5.281582,4.6733294,2.0862098,2.2975347,6.390828,-1.1425927,3.4681933,1.8099791,1.30805,5.2942543,3.1786017,-4.7403555,2.8942451,7.89971,6.621303,-0.35257587,-2.2094436,1.5928037,-0.0055748047,0.99916023,7.9210916,0.35883418,-5.2461433,0.59719616,2.2058928,8.700972
2011,-1.4862483,-2.1158657,-0.19572726,5.9656024,1.5586504,-4.6398797,2.5557082,8.214362,3.2162402,-0.009801644,-1.6552157,2.1573594,6.3251057,1.7903668,-4.796697,4.7491612,4.147232,2.7873034,5.987549,-0.35366166,3.8376904,2.5232832,1.815201,5.4455166,1.7925133,-4.477122,1.7730912,9.12192,4.9699984,-2.9145498,-1.3808818,1.7353618,0.63292724,1.4372576,7.862878,-1.606366,-4.3584905,0.21445869,2.781159,8.531831
2012,-2.8038332,-0.68823844,-0.3624848,6.026833,0.6673774,-4.237484,1.196253,8.876076,2.4352372,-0.99147815,-1.1666366,1.9609047,6.636699,0.005735545,-4.253461,3.98132,5.9716167,3.3550022,5.3195653,0.3002918,4.0456457,3.1916473,2.323633,5.38642,0.40524712,-4.093023,0.34063953,9.508634,2.9168515,-4.3648853,-0.5418481,1.8346591,1.2225885,2.0280275,7.5812035,-3.1621227,-2.825699,-0.3430182,2.995275,8.202366
2013,-3.3899674,0.99594,0.12189152,6.1171885,-0.10142631,-3.7113702,-0.1601296,8.989245,1.910054,-1.5873079,-0.7060906,1.8930211,6.717601,-1.5041081,-3.5216045,2.7604337,7.326164,4.0626693,4.339398,0.7788887,4.2053385,3.830317,2.789804,5.0399203,-0.847178,-3.4305913,-1.073895,9.339095,1.2133095,-4.7186823,-0.11211775,2.0512283,1.8039919,2.7143931,6.9945197,-4.131629,-0.8899015,-0.5392538,3.0057087,7.800775
2014,-3.304736,2.4807372,1.331426,6.1222506,-0.9148652,-2.967286,-1.2992749,8.75363,1.7638792,-1.9465901,-0.2923735,1.987419,6.626943,-2.6556792,-2.4844873,1.563683,8.139517,4.85069,3.0310743,1.1055282,4.413489,4.458193,3.128803,4.383609,-1.787594,-2.449571,-2.1471303,8.990631,0.22921994,-4.3947663,-0.057995304,2.3208673,2.4412968,3.4204865,6.069693,-4.497187,1.0145872,-0.085662045,3.1106195,7.3616223
2015,-2.832557,3.5002184,2.9951572,5.7388344,-1.8238726,-1.917849,-2.0372987,8.361618,1.9092034,-2.2301521,0.08328219,2.2386496,6.389222,-3.3898,-1.1702604,0.85917026,8.529219,5.4547176,1.4723057,1.3753595,4.742686,5.067065,3.2192125,3.490581,-2.290422,-1.291621,-2.647673,8.719569,-0.1049551,-3.7978582,-0.14999487,2.563765,3.1727052,4.052299,4.8299007,-4.413073,2.4618394,0.9882594,3.4470885,6.835718
2016,-2.2673233,4.0521336,4.689538,4.6941347,-2.6642916,-0.6149554,-2.1930854,7.9956293,2.1264184,-2.5112085,0.42283994,2.627503,6.0125337,-3.7110796,0.21734628,0.93301857,8.745204,5.5053062,-0.13287707,1.6776025,5.2526827,5.5945473,2.9344416,2.5426874,-2.3562648,-0.19064605,-2.516589,8.604513,-0.06811542,-3.1775231,-0.22262634,2.762786,3.9921353,4.4887004,3.3413444,-4.0863996,3.2321455,2.4598334,3.9592223,6.1237497
2017,-1.7811549,4.2720838,6.0499773,2.9667811,-3.1584024,0.6442925,-1.6729738,7.787152,2.159746,-2.7710416,0.70131433,3.1232517,5.506621,-3.711259,1.4085081,1.7972472,8.978213,4.688414,-1.5108236,1.9594363,5.9809403,5.9202313,2.2022672,1.7899002,-2.0987601,0.687964,-1.8597307,8.603474,0.043382145,-2.6292093,-0.2250353,2.9362009,4.855299,4.583764,1.7181306,-3.6495543,3.3315322,4.0493183,4.5172205,5.12127
2018,-1.404276,4.299324,6.876676,0.8347663,-3.1170456,1.4817425,-0.6077412,7.7406993,1.8037888,-2.930947,0.863786,3.673938,4.8944807,-3.5339484,2.2119882,3.2472,9.157763,2.8573174,-2.374195,1.9936836,6.858209,5.9091644,1.0817614,1.4554751,-1.6577764,1.3189449,-0.8547544,8.637022,0.010068822,-2.1301525,-0.16858456,3.108345,5.6915736,4.2007494,0.14754432,-3.137997,2.9210355,5.499473,4.9891047,3.77493
2019,-1.0694082,4.2361717,7.1384025,-1.2668936,-2.5105262,1.7689171,0.6734008,7.747178,0.98711246,-2.8765066,0.8527468,4.203974,4.219968,-3.3080688,2.5720413,4.960468,8.90661,0.19268858,-2.41993,1.5957689,7.64705,5.5147905,-0.19715984,1.6177433,-1.1038208,1.7663592,0.33709776,8.623865,-0.27485335,-1.5886707,-0.07059966,3.2995658,6.412846,3.278381,-1.1135528,-2.5656724,2.2522838,6.633519,5.243135,2.1403859
2020,-0.69071126,4.171883,6.9191046,-2.952308,-1.4406207,1.7481738,1.8687134,7.6691504,-0.177914,-2.4877255,0.67289406,4.638293,3.545513,-3.104905,2.5389013,6.573221,7.7578588,-2.6333332,-1.4811835,1.0154407,8.122768,4.830757,-1.3285261,2.1524177,-0.40772632,2.105951,1.5942711,8.472294,-0.8015035,-0.9030638,0.08365719,3.528902,6.923356,1.8971003,-1.8119906,-2.000036,1.5848002,7.3999786,5.1527224,0.40238553
2021,-0.25481367,4.197158,6.345597,-4.0321803,-0.13720319,1.835147,2.8855615,7.377769,-1.4411592,-1.6975942,0.4532026,4.9487467,2.9254062,-2.9407806,2.2176204,7.7859626,5.5840235,-4.7308245,0.037919767,0.9442594,8.344532,3.9128513,-2.1093671,2.8054621,0.4907744,2.3951151,2.8143651,8.078762,-1.46142,-0.025061974,0.36175653,3.8231003,7.1316743,0.2880789,-1.804546,-1.5325711,1.0840738,7.859981,4.642114,-1.1813257
2022,0.13740304,4.3654585,5.5334554,-4.5437655,1.0823559,2.3293283,3.7886024,6.739372,-2.5364852,-0.57072175,0.43001944,5.1743035,2.3614304,-2.8028784,1.724651,8.484998,2.7988198,-5.652628,1.1665028,1.7479016,8.484128,2.6269054,-2.4778416,3.3134305,1.5905908,2.685738,3.896509,7.3582716,-2.0936594,0.9870294,0.8742404,4.2160316,6.9558597,-1.2425461,-1.1232474,-1.1691247,0.79709035,8.118039,3.731886,-2.388039
2023,0.33207485,4.641144,4.5813665,-4.661895,1.934964,3.278199,4.617953,5.618973,-3.2870746,0.6522188,0.8247476,5.3672814,1.7817097,-2.662122,1.1543968,8.757688,0.061935123,-5.4827423,1.2364976,2.9465604,8.507469,0.8817648,-2.4088082,3.49259,2.797777,3.0458248,4.741345,6.2838836,-2.5551534,1.9629519,1.7205279,4.716322,6.317477,-2.4322822,0.018820202,-0.78994393,0.7249948,8.262302,2.52732,-3.098938
2024,0.2417774,4.915995,3.5962617,-4.569006,2.275303,4.5163064,5.2786736,3.9400988,-3.63103,1.6194316,1.6892473,5.5056143,1.0766621,-2.4623485,0.5683752,8.788675,-2.0640407,-4.4029117,0.4807201,3.7828069,8.312015,-1.0719988,-1.8759189,3.3471282,3.9682963,3.5541353,5.2496095,4.900689,-2.7725449,2.6891704,2.9115949,5.249649,5.147461,-3.1462295,1.2745931,-0.24062063,0.8787301,8.339223,1.1668694,-3.2775564
2025,-0.073932074,5.0970025,2.6923826,-4.379868,2.1129513,5.7682505,5.566106,1.7938421,-3.5688522,2.0429642,2.837641,5.4844,0.18808238,-2.1141372,0.019257354,8.747555,-3.2151806,-2.632202,-0.3002495,4.0268607,7.9075756,-2.7591527,-0.92708397,3.134803,5.0016947,4.231132,5.303168,3.3238432,-2.7365773,3.0165594,4.3213983,5.625571,3.441966,-3.3774269,2.2749674,0.549043,1.2667783,8.336288,-0.20746544,-2.91455
2026,-0.40885347,5.1815877,1.945007,-4.1424613,1.5702388,6.764185,5.300118,-0.48845187,-3.113318,1.8832881,3.9444008,5.2179112,-0.807125,-1.5353725,-0.40242988,8.727376,-3.2667732,-0.62178606,-0.47422418,4.019453,7.339153,-3.8637557,0.24292956,3.233611,5.904992,4.930368,4.768617,1.7629989,-2.4717531,2.9417596,5.714163,5.5837116,1.3637619,-3.1889265,2.7799199,1.525029,1.878816,8.171506,-1.4476707,-2.0278955
2027,-0.48315808,5.2487316,1.3435045,-3.8676987,0.8173671,7.3512936,4.4879055,-2.4398644,-2.3312006,1.401293,4.7666683,4.724395,-1.7222208,-0.7279277,-0.54829437,8.734832,-2.3843794,1.0666436,0.026997285,4.121106,6.598983,-4.3931923,1.3239502,3.8866377,6.751086,5.29518,3.6059716,0.5347507,-2.042627,2.6163888,6.857212,4.925568,-0.71108603,-2.6849647,2.788773,2.5595891,2.6897557,7.712042,-2.4153998,-0.73141336
2028,-0.06512336,5.362896,0.79157054,-3.5413713,0.009342466,7.540273,3.3611841,-3.7259963,-1.4068375,0.9834301,5.285621,4.0818286,-2.3925939,0.18909556,-0.26996824,8.730841,-0.9863408,2.0973527,0.88874584,4.4012203,5.6419225,-4.5489726,2.0187976,5.065524,7.553085,4.8571186,2.0634034,-0.0705516,-1.5591797,2.2577636,7.64158,3.6476128,-2.321085,-2.0423057,2.5149786,3.5419705,3.6394126,6.8226447,-3.0353992,0.71640706
2029,0.91083837,5.4672375,0.15886992,-3.1132483,-0.744111,7.454494,2.2335145,-4.309299,-0.5767417,0.87648976,5.624376,3.33848,-2.7638903,1.0305865,0.48086363,8.693848,0.41554978,2.4839666,1.785478,4.7494974,4.439088,-4.5379696,2.1489198,6.503313,8.138084,3.2980335,0.73473006,-0.04831439,-1.0967035,2.0224795,8.090393,1.959662,-3.1435664,-1.4936928,2.2056763,4.4336843,4.5905066,5.4253006,-3.324443,1.9723238
2030,2.2910688,5.378177,-0.6292981,-2.4977577,-1.3594818,7.2461953,1.3301502,-4.3630695,0.009699868,1.0969974,5.888552,2.497576,-2.867716,1.6321135,1.6100707,8.64191,1.4053664,2.4527276,2.5677755,5.0365086,3.010831,-4.4584956,1.6778257,7.7916512,8.168423,0.8118731,0.25747076,0.27989691,-0.644246,1.9706415,8.2726345,0.18663396,-3.092534,-1.1893438,1.9721745,5.2475166,5.3271523,3.5520327,-3.3404274,2.7454152
2031,3.752331,4.9149466,-1.5005437,-1.6339412,-1.7346121,7.0485535,0.7231826,-4.100287,0.33764055,1.5308433,6.1060424,1.5563802,-2.7541504,1.9111583,2.9264562,8.593692,1.7671554,2.2669134,3.2328389,5.1577053,1.4359597,-4.2661414,0.7074431,8.535053,7.448263,-1.8135542,0.81805265,0.666428,-0.18759131,2.10649,8.237875,-1.3518013,-2.2684543,-1.0704478,1.8085403,5.991893,5.612308,1.3809848,-3.1040266,2.9157152
2032,4.963852,4.0600924,-2.2485356,-0.58509856,-1.7397506,6.953526,0.3541834,-3.6778734,0.4718655,2.051784,6.251024,0.54105425,-2.4470997,1.8869759,4.220982,8.520451,1.4872501,2.1352618,3.8325362,5.024272,-0.14113767,-3.8158233,-0.51609087,8.569468,6.2286925,-3.755925,1.9841648,1.2316425,0.24860114,2.4050193,8.008235,-2.428054,-0.9047999,-0.91326815,1.7207056,6.64667,5.268079,-0.76257956,-2.5998595,2.5945613
2033,5.774515,2.9765632,-2.6878135,0.44952205,-1.2869563,6.9816995,0.08897842,-3.177204,0.48950094,2.5727437,6.2815633,-0.4808825,-1.9415028,1.6745541,5.334997,8.337756,0.7101725,2.181576,4.4214983,4.5612373,-1.5217866,-2.986533,-1.6384825,8.064419,4.99978,-4.7653427,3.098258,2.1681788,0.62639827,2.8093545,7.6019006,-2.9572403,0.6701223,-0.49963474,1.7738031,7.180309,4.243833,-2.4872296,-1.8841071,2.0877674
2034,6.2449756,1.8575282,-2.7734573,1.2591263,-0.41222337,7.067545,-0.21844247,-2.6136065,0.4511448,3.0481484,6.166521,-1.41143,-1.2367556,1.460393,6.207433,7.9341254,-0.3270904,2.4278882,5.0400567,3.7219915,-2.513849,-1.8281922,-2.3222172,7.382684,4.03951,-5.0783687,3.747961,3.4277902,0.9242228,3.2341309,7.0606656,-2.9975803,2.1271663,0.25729045,2.031581,7.550976,2.6444333,-3.486421,-1.1683599,1.710091
2035,6.5080276,0.8137363,-2.5623658,1.743657,0.72787595,7.094488,-0.66179633,-1.9563873,0.40894178,3.4637332,5.899503,-2.1546044,-0.38098395,1.4521533,6.8819003,7.1991644,-1.3848441,2.7878702,5.693543,2.5113277,-3.0095406,-0.5911286,-2.3970125,6.8420053,3.3133442,-5.022525,3.8425176,4.798036,1.1876757,3.6002543,6.4512215,-2.6935349,3.2524908,1.3163872,2.5026646,7.6677117,0.71382666,-3.631364,-0.7111855,1.5733737
2036,6.6547074,-0.09875231,-2.125945,1.9377526,1.9353149,6.951716,-1.2377882,-1.1659683,0.43032688,3.8306649,5.495533,-2.656343,0.5128189,1.8093176,7.4458017,6.025653,-2.2937422,3.0924892,6.3291006,1.016879,-3.000536,0.41747922,-1.91634,6.57052,2.651026,-4.823458,3.4515388,6.081424,1.5389832,3.8569508,5.832673,-2.1986597,3.9902732,2.5816584,3.135229,7.3723755,-1.2049042,-2.959441,-0.58249426,1.5838968
2037,6.727808,-0.82778835,-1.5202554,1.9702958,3.0546837,6.5699186,-1.8524933,-0.2458862,0.61052155,4.1790767,4.96971,-2.9254768,1.2976509,2.5867696,7.9179792,4.3122244,-2.9440875,3.1457098,6.850361,-0.557272,-2.526753,1.0288001,-1.0883051,6.522878,1.8970561,-4.5793276,2.6749265,7.154947,2.128409,3.9562986,5.226201,-1.6218858,4.4009237,3.9554067,3.8060107,6.4968095,-2.7438893,-1.6828376,-0.5725647,1.6403085
2038,6.739573,-1.3363563,-0.8000146,2.004358,4.0135446,5.924996,-2.3833716,0.72145045,1.0514492,4.536069,4.3107677,-3.0192025,1.8448688,3.7125804,8.15478,2.0337813,-3.1963356,2.798842,7.1787367,-1.8953904,-1.6521281,1.3096433,-0.14340577,6.5825973,0.97473073,-4.2714047,1.6119065,7.930462,3.0648758,3.8157616,4.620803,-1.008734,4.5983806,5.3396435,4.2902346,4.99192,-3.6418202,-0.21890444,-0.37504342,1.7626905
2039,6.6750183,-1.6322576,-0.031456698,2.1806169,4.8046923,5.0186434,-2.747969,1.5881572,1.8106804,4.8872476,3.4719121,-3.000518,2.0787168,4.99719,7.861841,-0.59808517,-2.8420365,2.075084,7.31004,-2.6677969,-0.5123816,1.5017961,0.7798549,6.6317616,-0.09379433,-3.7890186,0.40301067,8.309477,4.339252,3.3242278,4.0201044,-0.34852457,4.7134795,6.609524,4.279625,3.0650327,-3.8568068,0.9542266,0.15002249,2.0222273
2040,6.4959793,-1.7654741,0.71302867,2.5831695,5.430486,3.8567557,-2.9215746,2.1965196,2.8525848,5.1482453,2.3984005,-2.8905582,1.9850488,6.1817856,6.7797527,-3.0523221,-1.7931122,1.3139473,7.315696,-2.7130194,0.6626075,1.8401219,1.6563226,6.555529,-1.195641,-2.993066,-0.71626496,8.216543,5.766796,2.425912,3.5031893,0.40078047,4.8816295,7.597096,3.5156503,1.2055662,-3.5594215,1.5879041,0.9167383,2.4459598
2041,6.151114,-1.8055123,1.3693345,3.2314844,5.848316,2.4512484,-2.899231,2.440116,4.0346627,5.1799636,1.0954816,-2.6462219,1.6168758,7.0441027,4.9522343,-4.747509,-0.39546382,1.0494481,7.274348,-2.1691053,1.6482483,2.4045136,2.5008035,6.2334723,-2.162314,-1.8291603,-1.4398158,7.718561,7.03308,1.2385156,3.221796,1.2892622,5.2223434,8.09646,1.993388,0.0062755155,-3.0319686,1.7733207,1.7642219,3.0181942
2042,5.5847316,-1.8177209,1.8904395,4.0854545,5.948402,0.8577522,-2.6516082,2.3116333,5.147945,4.858815,-0.30315825,-2.1958535,1.1082901,7.5152287,2.7631476,-5.4701757,0.6720909,1.5104388,7.1908045,-1.3918117,2.3490403,3.1403635,3.2911556,5.5644093,-2.8359625,-0.42921424,-1.5274073,7.0834937,7.864631,0.04533175,3.280678,2.381555,5.7853203,7.8740973,0.0656323,-0.154365,-2.5011535,1.7623694,2.5974214,3.6979208
2043,4.7441688,-1.8369769,2.2432485,5.051745,5.5830708,-0.7716584,-2.1373684,1.9371077,6.0125675,4.1632967,-1.5535712,-1.5287368,0.6637587,7.6947145,0.65915614,-5.3662834,0.96301705,2.3721406,7.0508714,-0.70361924,2.8065972,3.968062,3.9436095,4.5141983,-3.142977,0.91517407,-0.93531317,6.6388125,8.148537,-0.9005145,3.6183915,3.7614663,6.470271,6.703211,-1.686302,0.6327297,-1.9602156,1.7587519,3.3994117,4.407722
2044,3.5997148,-1.8440156,2.403159,5.994749,4.6543775,-2.1838663,-1.3931689,1.5604224,6.5748253,3.187632,-2.4306824,-0.75499237,0.48200765,7.734935,-1.0856997,-4.624683,0.5683864,3.1203303,6.931201,-0.21210676,3.1173298,4.8319764,4.3233624,3.148595,-3.1109426,1.9142988,0.19062719,6.5696425,7.871417,-1.5427401,4.0373616,5.464013,6.938793,4.4945354,-2.7491357,1.7942605,-1.2255788,1.8593855,4.1805043,5.021838
2045,2.1867168,-1.7624167,2.367194,6.7694387,3.2206795,-3.117585,-0.61017317,1.4216887,6.9036913,2.0578306,-2.8389866,-0.057688024,0.6520682,7.7102027,-2.3631196,-3.3597388,-0.06433354,3.4937427,6.9410067,0.1552622,3.3584502,5.676083,4.277843,1.6395854,-2.8202856,2.4320595,1.6169202,6.8613434,7.0033045,-1.9873918,4.318528,7.3574934,6.60376,1.5472307,-2.921501,2.6312244,-0.23674488,2.0751283,4.9368267,5.372745
2046,0.65142226,-1.4984587,2.191222,7.279098,1.5235208,-3.4266114,-0.048376072,1.5925376,7.0832963,0.86572975,-2.795664,0.41800115,1.1146687,7.5952215,-3.1367483,-1.7195379,-0.45602348,3.576993,7.1018353,0.50944656,3.5702941,6.414404,3.7003145,0.24691376,-2.3644586,2.5240264,3.1143806,7.3449984,5.4735446,-2.345551,4.284078,9.091384,4.931954,-1.2755423,-2.4207437,2.8694315,0.8375869,2.4035375,5.6355467,5.2846274
2047,-0.75113064,-1.0266991,2.0112514,7.515395,-0.11789083,-3.1119328,0.1710385,1.9502887,7.141496,-0.3042834,-2.3563807,0.6454906,1.7207866,7.346893,-3.4144607,0.034773186,-0.3215143,3.6202083,7.345673,0.90292114,3.7688427,6.9352446,2.6108513,-0.7442101,-1.8521937,2.3719728,4.5122094,7.730464,3.2653534,-2.5812092,3.8178318,10.247269,2.0813458,-2.8726737,-1.8511937,2.7580764,1.8408909,2.8845348,6.216323,4.6272345
2048,-1.7377728,-0.46118096,1.9863793,7.5312786,-1.4530116,-2.2741463,0.16396217,2.3301458,7.075326,-1.3358569,-1.5882432,0.72985834,2.336205,6.9756527,-3.2722597,1.6048896,0.37893626,3.8261225,7.5798445,1.3065977,3.9534323,7.137584,1.1992834,-1.1294498,-1.3906721,2.16739,5.7171326,7.6487627,0.5876129,-2.4662375,2.950245,10.664925,-0.8709163,-2.6641324,-1.6702822,2.5730803,2.7825935,3.5604227,6.5674124,3.379938
2049,-2.1123595,-0.0043339557,2.181355,7.37815,-2.3620942,-1.0793703,0.18442097,2.6747522,6.885627,-2.1099615,-0.5913242,0.8550673,2.9110956,6.53161,-2.851807,2.7941098,1.5270871,4.269719,7.7080207,1.6349256,4.1091304,6.978803,-0.22717015,-0.8762851,-1.0144498,2.0284345,6.6934566,6.7884536,-2.0341895,-1.7740088,1.9973546,10.57421,-2.704477,-0.99232006,-1.5975453,2.4219584,3.720691,4.4257636,6.491959,1.6927485
2050,-1.8574857,0.23346107,2.524662,7.0908065,-2.831289,0.25476515,0.4607811,3.0357053,6.568346,-2.5703442,0.48868856,1.195299,3.4671648,6.0452056,-2.3157282,3.5634344,2.9679136,4.9334664,7.605918,1.788585,4.2209926,6.5054455,-1.3781615,-0.13639335,-0.64548546,2.010106,7.425608,5.080641,-3.9760625,-0.65732104,1.4886754,10.3084135,-2.9934742,1.1602418,-1.1015494,2.412866,4.667084,5.37031,5.738526,-0.08722552
2051,-1.1927496,0.34944588,2.912303,6.710943,-2.917116,1.5031762,1.101005,3.4730709,6.0926933,-2.7499719,1.4880958,1.8456727,4.0320497,5.49167,-1.7984182,3.9845822,4.5820017,5.7375846,7.0984716,1.7071617,4.3008385,5.8404746,-2.1043992,0.829789,-0.15597783,2.153224,7.891051,2.7485657,-4.900617,0.28541186,1.7089878,10.007051,-2.187362,2.8925157,-0.13852553,2.5864744,5.608656,6.1243086,4.153867,-1.4808424
2052,-0.5114233,0.5229722,3.3123264,6.278049,-2.728007,2.5027924,2.08909,3.9733691,5.397657,-2.737545,2.27051,2.804427,4.585459,4.7959557,-1.3758078,4.1629453,6.2879386,6.502806,5.981986,1.4404067,4.394781,5.1242537,-2.4236813,1.7712651,0.5394569,2.4934113,8.035884,0.18110614,-4.806432,0.5261287,2.3569849,9.70719,-1.0048571,3.8830547,0.98459893,2.904546,6.5048385,6.3022213,1.9126971,-2.0845156
2053,-0.08780308,0.8137898,3.7436576,5.8068056,-2.3969388,3.1921017,3.329032,4.43146,4.4163437,-2.616295,2.7526336,3.989373,5.0442867,3.8683438,-1.0535692,4.188574,7.9950624,6.8875995,4.151803,1.1928608,4.547931,4.4459624,-2.4513843,2.529325,1.4567827,3.0346923,7.7540255,-2.1925955,-3.792462,0.1153919,2.8755946,9.526573,0.12103353,4.2569823,2.0374503,3.3622622,7.2582664,5.567313,-0.40607756,-1.8241949
2054,0.14844802,1.1738203,4.21681,5.2912965,-2.041882,3.5958045,4.6889424,4.6694517,3.1311672,-2.4163208,2.9075484,5.2594185,5.277815,2.6668615,-0.7744442,4.1320343,9.550629,6.4287634,1.8336574,1.2127213,4.780673,3.8093884,-2.3140302,3.0445108,2.5667987,3.717039,6.9097733,-3.979443,-2.0603871,-0.37337798,3.0354993,9.566634,1.1033574,4.2283473,2.9602423,3.9878814,7.692013,3.8515966,-2.0874119,-1.0505769
2055,0.41017887,1.5746666,4.7167673,4.713973,-1.737943,3.7795517,6.024169,4.478992,1.6480737,-2.1135159,2.7733877,6.442585,5.149685,1.2661293,-0.4573118,4.0752854,10.74095,4.8053417,-0.32250002,1.5002762,5.1223626,3.1558328,-2.1065178,3.3198786,3.8125753,4.385084,5.4248614,-4.957706,-0.10620292,-0.3512144,3.0579152,9.780961,1.9381727,3.9423807,3.7729504,4.7736244,7.5498695,1.4840127,-2.6974356,-0.32228187
2056,0.75790685,2.031806,5.208993,4.046121,-1.5103502,3.8100154,7.1891313,3.7091131,0.23509215,-1.6905103,2.4709387,7.3925133,4.581341,-0.12774292,-0.07021809,4.132611,11.366135,2.17604,-1.5497124,1.7101173,5.568864,2.4481187,-1.8821468,3.3883383,5.1038704,4.7820272,3.387243,-5.1790233,1.4071898,0.3479406,3.2732835,10.047546,2.518461,3.506112,4.513961,5.618552,6.572549,-0.89678967,-2.278719,0.047732607
2057,1.1365749,2.5687556,5.6458907,3.2528708,-1.3402485,3.7382948,8.059314,2.3868704,-0.75220233,-1.2103457,2.1744568,8.051837,3.595512,-1.2596624,0.31287533,4.3991966,11.311137,-0.78791773,-1.4025422,1.6208695,5.990274,1.7455174,-1.6468692,3.3019605,6.3122997,4.617059,1.1119761,-4.865316,2.063981,1.4823833,3.8675807,10.244105,2.6526384,3.0470014,5.218519,6.3047347,4.6734614,-2.6262963,-1.2916965,0.19872987
2058,1.5237472,3.1923208,5.962103,2.310188,-1.1747543,3.605893,8.566503,0.77235264,-1.044744,-0.78628635,2.0145278,8.45137,2.3068345,-1.9381663,0.5504105,4.852181,10.570058,-3.25186,0.012288334,1.6369663,6.2585588,1.1213117,-1.3782027,3.133212,7.2971215,3.7189503,-0.90111285,-4.2494793,1.905627,2.687889,4.9101467,10.205443,2.168982,2.723855,5.913022,6.5302563,2.108535,-3.3264556,-0.3790341,0.41124892
2059,1.942642,3.8872716,6.0650225,1.2320204,-0.94310564,3.4627228,8.721064,-0.73910105,-0.59815496,-0.44134074,2.025555,8.644883,0.88886166,-2.0737755,0.56131214,5.341977,9.284893,-4.704233,1.9771831,2.4652638,6.3163147,0.47643483,-1.0488088,2.965055,7.957208,2.185679,-2.150279,-3.5490746,1.2919105,3.6949537,6.3750777,9.652898,1.0228091,2.6776562,6.6270375,6.0059,-0.5444946,-3.0203888,0.060883217,0.75369936
2060,2.4302044,4.6225853,5.838374,0.093891695,-0.5901244,3.3819017,8.59488,-1.8127166,0.39644125,-0.046235424,2.2063415,8.658201,-0.45967785,-1.6593562,0.42874396,5.725945,7.7270412,-5.219868,3.5376313,4.282301,5.931946,-0.40631035,-0.6176314,2.880927,8.2612705,0.38102084,-2.366993,-2.948074,0.6093973,4.381624,8.054464,8.206562,-0.5817099,2.8997428,7.3880186,4.577576,-2.6337695,-2.068523,0.12990263,1.1329641
2061,3.014405,5.3442774,5.167278,-0.96657103,-0.12696172,3.4510868,8.274849,-2.3225477,1.6120111,0.57070607,2.5744398,8.474873,-1.5634006,-0.77222645,0.38327354,5.991486,6.1279187,-5.231188,4.1431904,6.5021596,4.729933,-1.505598,-0.086846136,2.9735928,8.230938,-1.2510179,-1.6116626,-2.4910564,0.09124824,4.7411504,9.539612,5.6046815,-2.1360805,3.0738215,8.1383705,2.3578012,-3.7110484,-1.0501962,0.1761053,1.4974934
2062,3.7012637,5.9490595,3.9876783,-1.7781466,0.33597827,3.7259343,7.827656,-2.3609595,2.739099,1.4946427,3.1327825,8.0339365,-2.3231878,0.40339574,0.6833438,6.2198153,4.529667,-5.119945,3.7880843,8.335861,2.6873507,-2.371496,0.36059973,3.297349,7.90786,-2.4013147,-0.1967107,-2.0571887,-0.16434138,4.862797,10.3871,2.068498,-2.962426,2.7125278,8.671465,-0.12845844,-3.6277866,-0.45539382,0.37097612,1.866684
2063,4.479171,6.2670455,2.352466,-2.1793134,0.6328974,4.170674,7.304786,-2.1301532,3.601286,2.7075515,3.8163362,7.2413435,-2.739753,1.5981301,1.4839337,6.432661,2.8106205,-5.0170174,2.6957555,9.388124,0.4260412,-2.4884007,0.48784548,3.7515194,7.362539,-2.9738586,1.4595842,-1.4832157,-0.1398841,4.911889,10.35749,-1.5823046,-2.4912312,1.7851418,8.832747,-2.0503373,-2.5365627,-0.29200146,0.65332067,2.2769358
2064,5.3139935,6.081448,0.48362136,-2.0678008,0.67578447,4.659964,6.7689524,-1.8112282,4.1663494,4.1348395,4.467585,6.0081677,-2.8841586,2.5394356,2.7574117,6.467337,0.84801507,-4.7784557,1.0909568,9.750692,-1.1264328,-1.7723532,0.38949576,4.158365,6.720339,-3.0299492,2.9854028,-0.688312,0.10673536,5.044611,9.500691,-4.3541355,-0.6875687,1.1396587,8.738725,-2.8978112,-0.8914906,-0.16448846,0.9609762,2.7590823
2065,6.1197023,5.2019033,-1.2432121,-1.4790866,0.57233256,5.0775347,6.2874866,-1.5023042,4.4860573,5.6668954,4.8303733,4.325947,-2.8239312,3.0411603,4.2775416,6.0031805,-1.253842,-4.079511,-0.74204916,9.697765,-1.3435496,-0.6760714,0.42405263,4.488182,6.0909295,-2.7173045,4.1646714,0.2962065,0.47254804,5.310536,8.047522,-5.7767715,1.6093969,1.8096825,8.470495,-2.9466028,0.7863911,0.22994849,1.303624,3.330578
2066,6.7320538,3.5856931,-2.4246716,-0.66413647,0.5661099,5.4124107,5.8805113,-1.2395451,4.636238,7.1490335,4.5895925,2.3793325,-2.572959,3.0664868,5.6905384,4.793777,-3.0548868,-2.7298074,-2.289281,9.419895,-0.2582625,0.13869572,0.7319734,4.8220367,5.4959717,-2.212845,4.952184,1.376264,0.87383044,5.644946,6.2539053,-6.1497498,3.2111812,3.8464835,7.706896,-2.8967924,2.2126577,0.93913984,1.6862559,3.9873104
2067,6.9223485,1.4445069,-2.8072088,-0.00054839224,0.8084185,5.7325563,5.494604,-1.0395842,4.68481,8.386535,3.5224853,0.6117258,-2.1471584,2.758187,6.701762,2.947234,-4.0655484,-1.0355113,-2.9620745,9.021617,1.4880302,0.28431466,1.1439818,5.201932,4.9157515,-1.6646018,5.4137893,2.4641488,1.2761036,5.930862,4.302756,-6.058448,3.5043304,6.264712,6.1124263,-3.1355119,3.3026352,1.9522656,2.099892,4.684505
2068,6.4761353,-0.7628702,-2.3875659,0.30348113,1.2350408,6.093926,5.0443883,-0.9133468,4.678776,9.197336,1.7229102,-0.41897836,-1.6582448,2.3685389,7.2440953,0.8887008,-4.162372,0.37669635,-2.6050422,8.608752,3.0728,-0.18441138,1.4938773,5.6322756,4.344551,-1.1624095,5.6549134,3.5138905,1.6706923,6.048366,2.3064516,-5.8277044,2.5830781,8.033421,3.9374113,-3.4603255,3.922059,3.2555635,2.5584018,5.315681
2069,5.3212433,-2.50705,-1.4257083,0.38889846,1.7060264,6.5025525,4.4653463,-0.8574425,4.6424565,9.494574,-0.32920432,-0.3698499,-1.2232572,2.094453,7.43053,-0.96017337,-3.5500548,1.1467663,-1.5973492,8.2921,3.957243,-0.9743553,1.7490638,6.11622,3.7859173,-0.7444741,5.7737417,4.514544,2.0323138,5.89495,0.3902597,-5.4147696,0.8792644,8.7836,1.9483538,-3.5307577,3.9300413,4.7202163,3.1308472,5.7114077
2070,3.619588,-3.4519365,-0.37101817,0.5512248,2.1810322,6.919907,3.72233,-0.8444502,4.5850215,9.336262,-2.011306,0.66093755,-0.7532373,2.0226965,7.388228,-2.362212,-2.4776552,1.3875425,-0.41846398,8.142567,3.9987504,-1.7934573,1.8935171,6.6468763,3.2434778,-0.41464734,5.842884,5.462774,2.289539,5.415278,-1.241914,-4.6192627,-1.0534408,8.729454,0.81360847,-3.2870698,3.4363976,6.1337667,3.9068165,5.650933
2071,1.7673287,-3.5954723,0.37711975,0.92872334,2.713821,7.2729697,2.794126,-0.81943125,4.5128427,8.893103,-2.920172,2.19585,0.00044234493,2.1924467,7.1679606,-3.2482145,-1.1510543,1.4544715,0.6814267,8.148344,3.2865865,-2.4411492,1.8514001,7.1858587,2.743283,-0.1554848,5.909703,6.3347178,2.327391,4.6576095,-2.360396,-3.3703578,-2.6434836,8.267393,0.6643486,-2.9124956,2.7389042,7.3494496,4.845938,4.881086
2072,0.31887326,-3.2112074,0.7172611,1.4560808,3.3654997,7.460573,1.677238,-0.70690423,4.4426503,8.356187,-3.0268817,3.6714878,1.1749762,2.5756538,6.7374206,-3.6624377,0.21862775,1.6777017,1.6872016,8.200568,1.9871632,-2.7720358,1.5357738,7.659151,2.362101,0.059803855,6.0035744,7.070522,2.0351775,3.810564,-2.8566585,-1.8596804,-3.4843605,7.721732,1.1701102,-2.622089,2.0598664,8.316788,5.662565,3.2517667
2073,-0.22710134,-2.6667426,0.8187271,2.0293927,4.1574197,7.353582,0.41183516,-0.436776,4.415601,7.855407,-2.5596256,4.7390685,2.6755774,3.030363,6.0259504,-3.7096338,1.4084314,2.2333143,2.6812572,8.100362,0.3137443,-2.6356802,0.9573848,7.9846997,2.216543,0.25176084,6.1406765,7.5821567,1.3858697,3.1509786,-2.8112638,-0.39793652,-3.486536,7.279851,1.8656429,-2.5304782,1.4550486,9.019331,5.936995,0.9838772
2074,0.24043128,-2.1453378,0.8893113,2.6113558,5.053129,6.8008747,-0.89397824,0.0038062437,4.504852,7.435892,-1.8096491,5.348746,4.2726445,3.3396432,5.008666,-3.504084,2.2393215,3.137089,3.7177658,7.578676,-1.4339719,-1.9121886,0.3275572,8.127953,2.385532,0.4252249,6.3217773,7.7856936,0.48925486,2.9095273,-2.3898675,0.80460596,-2.8182592,7.0142164,2.382223,-2.6435606,0.88302207,9.44369,5.421745,-1.2854073
2075,1.3221366,-1.5262446,1.0405262,3.2179167,5.9502935,5.6651235,-2.0667214,0.50820005,4.7885604,7.0872555,-1.0186207,5.636607,5.7324233,3.285511,3.7893047,-3.133055,2.637264,4.28927,4.742334,6.366025,-2.8844724,-0.69241464,0.040165175,8.148726,2.8053057,0.57846403,6.530085,7.6414585,-0.44063327,3.1481931,-1.6969416,1.6895984,-1.7318343,6.924256,2.4978902,-2.895373,0.2785185,9.592905,4.26071,-2.9244394
2076,2.413863,-0.63623744,1.2896036,3.871679,6.6783805,3.8985047,-2.8996124,0.8421231,5.2699146,6.79792,-0.34349087,5.775085,6.876725,2.72701,2.6227293,-2.6509142,2.6591682,5.5235643,5.546994,4.346817,-3.7320378,0.5848537,0.41715372,8.165655,3.2489028,0.716038,6.740221,7.1757975,-1.1937398,3.7362964,-0.74487996,2.273264,-0.45917666,6.953592,2.1105099,-3.1631088,-0.41385636,9.498512,2.8874018,-3.7322197
2077,3.1267946,0.5132713,1.6117643,4.563143,7.0115943,1.6388749,-3.1861336,0.7714136,5.806647,6.608301,0.15639651,5.883237,7.588529,1.6870784,1.8329364,-2.0984628,2.468289,6.6622667,5.8007307,1.7345923,-3.8670802,1.35581,1.3955349,8.255262,3.443239,0.84666544,6.9331026,6.4692845,-1.6632951,4.4367146,0.46319345,2.584923,0.80485684,6.991715,1.23276,-3.2630544,-1.2132993,9.211267,1.7444603,-3.892926
2078,3.4071038,1.7829696,2.015518,5.2371054,6.722753,-0.7346033,-2.7723973,0.30105862,6.176148,6.6154876,0.5161817,6.0062,7.8088846,0.38688794,1.6477643,-1.4984444,2.2613542,7.577166,5.209113,-0.8999587,-3.371605,1.4005584,2.5562432,8.429253,3.2286444,0.9792909,7.1040525,5.6204247,-1.8625634,5.0343747,1.8571181,2.6616611,1.9032683,6.9006243,0.022432707,-2.9782963,-2.0527284,8.793171,1.0930542,-3.6962652
2079,3.3847957,3.0541277,2.5610874,5.7924733,5.6851945,-2.696864,-1.7100847,-0.20683926,6.2785363,6.8798842,0.82355255,6.1350546,7.543583,-0.8440187,2.0622902,-0.81521827,2.194983,8.21229,3.7238905,-2.868301,-2.5074036,1.0083681,3.506231,8.666171,2.6227875,1.1259048,7.2610264,4.7097936,-1.8703884,5.4148235,3.3080986,2.5585103,2.734602,6.5795846,-1.2238346,-2.1647184,-2.7294962,8.332142,0.96144664,-3.3740084
2080,3.199562,4.2823553,3.3057404,6.06082,3.9726791,-3.8462868,-0.39938974,-0.2910626,6.2446623,7.326078,1.1478739,6.23104,6.866991,-1.7372699,2.8411663,0.04453082,2.3599021,8.540526,1.6126685,-3.719136,-1.6868998,0.62127644,4.1499186,8.895588,1.7532051,1.3061213,7.4178634,3.7826648,-1.7680708,5.5622773,4.686592,2.3407602,3.2690291,6.0271187,-2.1862059,-0.8874139,-2.9493499,7.95018,1.1754508,-3.0666962
2081,2.9233143,5.465437,4.228408,5.78611,1.8928648,-4.1140804,0.6050153,0.1905057,6.296801,7.7880855,1.4780806,6.240677,5.910537,-2.1968527,3.6575897,1.1603988,2.7817848,8.492795,-0.6587234,-3.375772,-1.2199705,0.42622015,4.594884,9.011024,0.76089203,1.5424756,7.588648,2.8503325,-1.6057912,5.517502,5.903296,2.0667074,3.5417523,5.340588,-2.6854637,0.56698,-2.4909291,7.750625,1.4459457,-2.8338883
2082,2.5624156,6.587778,5.1639285,4.69649,-0.052987263,-3.725346,1.0256459,1.0089512,6.583653,8.116895,1.7075995,6.121498,4.842629,-2.280983,4.2596664,2.5360665,3.4121118,7.930734,-2.5996323,-2.057073,-1.0412883,0.38264555,4.955271,8.927307,-0.24146572,1.8402267,7.7835355,1.9048866,-1.3962127,5.3426466,6.914458,1.7797611,3.6259725,4.6517677,-2.740131,1.860043,-1.3436425,7.733231,1.4707426,-2.6675823
2083,2.096061,7.5794735,5.793084,2.7337537,-1.3008212,-3.061991,1.0056753,1.8692636,7.157608,8.200448,1.6796196,5.8893414,3.8432515,-2.1145566,4.553271,4.09541,4.101373,6.7125216,-3.8576548,-0.23619853,-0.79944235,0.46466148,5.2991033,8.597304,-1.176704,2.1698442,8.003579,0.94328296,-1.1209239,5.109684,7.708529,1.5090808,3.6015182,4.0608606,-2.4850264,2.788673,0.30746448,7.765337,1.0171565,-2.4867444
2084,1.5422275,8.327041,5.7753515,0.28991663,-1.4880878,-2.4815772,0.84523296,2.6338418,7.9895024,7.909017,1.2803011,5.6494594,3.066486,-1.8189267,4.5818033,5.7046556,4.5733705,4.8366547,-4.3439274,1.4506024,-0.21498469,0.70232344,5.6760383,7.9843664,-2.0098948,2.4663904,8.237668,-0.0063367817,-0.74457335,4.906081,8.290398,1.2660743,3.533725,3.614731,-2.0636299,3.3333013,2.1888711,7.610272,0.011990761,-2.1326675
2085,1.0439222,8.765527,4.9828725,-1.9159636,-0.7090313,-2.057105,0.7377805,3.3050272,8.96898,7.0616803,0.54739016,5.5479836,2.603688,-1.4844537,4.455921,7.1929717,4.4699883,2.5791783,-4.211729,2.5051827,0.70645565,1.0986941,6.103506,7.0422726,-2.7416286,2.6378045,8.468293,-0.8660089,-0.23994319,4.840783,8.667326,1.0320259,3.4695442,3.3215935,-1.5760273,3.5939405,4.0278797,6.983543,-1.3672748,-1.4418223
2086,0.8813759,8.96615,3.5586026,-3.3255715,0.5143802,-1.5765388,0.7582147,3.9392164,9.907059,5.487169,-0.28040916,5.6396484,2.4737475,-1.1699455,4.28779,8.382762,3.5331438,0.50210613,-3.724718,2.827762,1.7722021,1.6537083,6.53447,5.7197957,-3.3701153,2.57082,8.683275,-1.5058141,0.37908158,5.0284457,8.833299,0.74878573,3.448865,3.1756582,-1.0768124,3.708164,5.5956836,5.669563,-2.71304,-0.4367768
2087,1.279699,9.044393,1.7190018,-3.8090508,1.5672027,-0.871187,0.91738683,4.601674,10.54564,3.1686382,-0.8409231,5.803103,2.6230211,-0.9091451,4.1533623,9.1385145,1.8415434,-0.7597775,-3.161205,2.6618273,2.8125079,2.407779,6.850627,3.9837203,-3.8384883,2.1418188,8.876935,-1.7596992,1.0381021,5.538303,8.749861,0.3355426,3.5178955,3.176587,-0.591428,3.7964594,6.7258472,3.671236,-3.597479,0.54205376
2088,2.1368833,8.971023,-0.3481055,-3.4773893,2.0884085,-0.0031144812,1.1973999,5.3326755,10.589032,0.3701268,-0.82482916,5.867759,2.90955,-0.7086127,4.084162,9.413689,-0.13605161,-0.83648247,-2.690004,2.3265443,3.7707467,3.3889205,6.8447065,1.8837548,-3.9939284,1.267857,9.02691,-1.4550289,1.624414,6.3275414,8.336466,-0.25564447,3.7215683,3.3406374,-0.13253625,3.9355438,7.3189993,1.2556335,-3.7811148,1.0467325
2089,3.0495522,8.60824,-2.3617837,-2.4698312,2.1209488,0.84609085,1.6078417,6.1268044,9.769951,-2.394986,-0.17857087,5.871442,3.1342547,-0.5485411,4.0816565,9.26679,-1.7860619,0.17775743,-2.2252119,2.047217,4.657058,4.522784,6.218743,-0.32873908,-3.6231186,0.037849683,9.066019,-0.4684231,2.0519063,7.2172647,7.500327,-0.9739492,4.0596085,3.7013662,0.29027304,4.1490445,7.33791,-1.1470618,-3.212685,0.9450062
2090,3.699231,7.916691,-3.9410868,-0.9908877,2.0434515,1.5625185,2.187458,6.9210496,7.935618,-4.6113596,0.72211415,6.076257,3.1501253,-0.4158866,4.1345744,8.837299,-2.698404,1.7929701,-1.5182663,1.9544157,5.493657,5.569021,4.7141743,-2.1516123,-2.6681097,-1.1677022,8.909448,1.1708531,2.3268921,7.957686,6.2104373,-1.6629275,4.4353504,4.2896214,0.67105484,4.4094105,6.810243,-3.1041088,-1.989768,0.5821448
2091,4.1203685,6.9713135,-4.8549685,0.6024425,2.2884607,2.1592495,2.9404435,7.5511537,5.119748,-6.00586,1.1303256,6.585669,2.9644356,-0.32490835,4.2248216,8.295958,-2.8267171,3.411842,-0.43348664,2.0858095,6.291154,6.1377,2.3900688,-3.060884,-1.4726228,-1.868119,8.536453,3.213557,2.5511935,8.339035,4.553134,-2.1418257,4.6721506,5.0907574,1.0198874,4.6512413,5.8394623,-4.3477755,-0.4236496,0.49918443
2092,4.5133595,5.8073077,-5.1759615,1.8921145,3.04428,2.708297,3.787276,7.7161627,1.630188,-6.438919,0.3957808,7.0422244,2.8224375,-0.27812967,4.333739,7.7933555,-2.381936,4.641541,0.9445264,2.402246,7.0067573,5.841474,-0.21559,-2.9011254,-0.55908185,-1.9280496,8.011696,5.316134,2.8309126,8.233075,2.7167933,-2.2953727,4.622119,6.017947,1.3774397,4.7922773,4.5904145,-4.8744254,1.0119532,1.0151882
2093,4.937801,4.369119,-5.141476,2.5702417,4.201988,3.3002834,4.5536885,7.0726266,-1.8288534,-5.6581473,-1.3820298,6.894599,3.136267,-0.2513309,4.4523106,7.427909,-1.6303883,5.3921885,2.432272,2.857634,7.506262,4.5303755,-2.325659,-2.0193584,-0.08069429,-1.5905303,7.440943,7.2446585,3.1499462,7.559933,0.9529127,-2.1021748,4.2810516,6.944706,1.802308,4.7455497,3.240644,-4.8740563,1.926621,2.0747387
2094,5.2616844,2.6046686,-4.9281397,2.5059786,5.49155,4.0551114,4.980466,5.5033264,-4.3129697,-3.63671,-3.1444962,6.01729,4.032879,-0.18831907,4.5833354,7.2417574,-0.7720607,5.767891,3.8879888,3.4131615,7.57583,2.444521,-3.3927705,-1.0417417,0.20107399,-1.096529,6.9421864,8.893729,3.3026998,6.325615,-0.45462614,-1.6427671,3.8068783,7.7729883,2.30806,4.419826,1.9472951,-4.5630293,2.191698,3.3789556
2095,5.29158,0.6002472,-4.5365586,1.7427807,6.5966053,5.068162,4.751029,3.3452513,-5.317563,-1.1410613,-3.8030896,4.8981123,5.150992,0.04011735,4.73702,7.223099,0.078556985,5.925214,5.2424517,3.9643526,6.992474,0.15474525,-3.3497646,-0.44283894,0.49261823,-0.5286102,6.628919,10.170862,2.9595716,4.7798824,-1.2794425,-1.0880879,3.4125068,8.471998,2.7896879,3.7465987,0.8606032,-4.0875435,1.92308,4.5882454
2096,4.908487,-1.3633162,-3.839242,0.5400258,7.2194767,6.262767,3.6007013,1.3002821,-5.173914,0.8310435,-3.2724233,4.0354867,6.1292434,0.541185,4.915311,7.3115764,0.868205,5.9970627,6.444733,4.2753124,5.6804266,-1.6882793,-2.5346491,-0.24035564,0.8156774,0.107312776,6.593042,10.932685,1.904166,3.4808192,-1.4945781,-0.59145427,3.2247503,9.0558,3.0293193,2.759707,0.13069645,-3.5353212,1.365751,5.478903
2097,4.1401143,-2.926847,-2.7639322,-0.62521446,7.221503,7.310568,1.5938743,0.12150684,-4.5813794,1.9783335,-2.1072266,3.5574722,6.8859982,1.3036923,5.1010346,7.4252195,1.5835702,6.0719604,7.3957644,4.032571,3.9028847,-2.6796114,-1.4763229,-0.14925763,1.1422565,0.82296836,6.886847,11.002552,0.2906621,3.0207374,-1.2662402,-0.17630106,3.2607877,9.529458,2.8060563,1.6644759,-0.15659058,-2.9704707,0.7681527,6.0079737
2098,3.135684,-3.8682587,-1.4552765,-1.2810242,6.7809052,7.842757,-0.67784226,0.25199214,-3.9594045,2.587482,-0.74325633,3.434505,7.4799876,2.2343812,5.26359,7.4919977,2.2391155,6.189862,7.9275584,3.0591762,2.255857,-2.852913,-0.58917075,0.04736653,1.4698701,1.6346118,7.497018,10.22136,-1.3884438,3.5818915,-0.7159327,0.21482089,3.502488,9.853968,2.0285366,0.79377186,-0.06319397,-2.4308376,0.29423115,6.267363
2099,2.071254,-4.1995993,-0.21585493,-1.2489867,6.2826753,7.7551537,-2.4340203,1.5343235,-3.1861343,3.0034032,0.65461165,3.6483881,7.9784074,3.1968586,5.36217,7.473021,2.8643804,6.3351593,7.857618,1.5361122,1.3265626,-2.5468593,0.031355407,0.38051733,1.8123151,2.5611126,8.308618,8.501399,-2.65485,4.7662897,0.22068289,0.5977677,3.924773,9.946379,0.80298066,0.45330745,0.22743836,-1.9236548,0.0065696067,6.3846855
2100,1.074325,-4.075117,0.70342195,-0.65867823,6.0149493,7.1858325,-3.2865026,3.2907174,-1.9093896,3.3796523,2.0232668,4.190525,8.411613,4.0192585,5.352318,7.379959,3.4860227,6.4303374,7.0983844,-0.03964888,1.2971596,-2.059977,0.49442416,0.809217,2.1960535,3.6193485,9.069206,5.8690395,-3.3250613,5.8574104,1.5981253,0.9054707,4.455504,9.712328,-0.59030056,0.7720367,0.5602795,-1.4521887,-0.09860064,6.4545107
2101,0.21076722,-3.6555054,1.2225062,0.24385668,6.044862,6.299833,-3.372133,4.800111,-0.042504128,3.6731877,3.280547,5.035084,8.754002,4.505446,5.214527,7.280708,4.1046023,6.342716,5.7481585,-1.1779649,1.8813548,-1.4616045,0.9039498,1.3034148,2.660769,4.8041654,9.368768,2.5190787,-3.4224706,6.261858,3.2347317,1.0859481,4.971181,9.110899,-1.8049445,1.6419096,0.9285524,-1.0379088,-0.05095872,6.521832
2102,-0.49194184,-3.0472696,1.409019,1.2434735,6.2957845,5.187032,-3.0586686,5.701672,2.158447,3.8096898,4.337215,6.1324654,8.904324,4.475495,4.9995303,7.279982,4.6682568,5.9170136,4.0927563,-1.6766152,2.6101694,-0.7137399,1.28586,1.8466506,3.2554977,6.043029,8.685444,-1.0709879,-2.971998,5.829238,4.777498,1.2480111,5.379605,8.194352,-2.5916338,2.768377,1.4261109,-0.72291166,0.112691194,6.5940623
2103,-1.0191838,-2.3118603,1.4064987,2.2053525,6.638279,3.8771265,-2.645729,5.9951634,4.362959,3.8393326,5.164905,7.3865,8.667025,3.852662,4.8433323,7.4757295,5.0478797,5.0432916,2.5165596,-1.629916,3.166574,0.15911442,1.624006,2.425034,4.0256033,7.124892,6.5990124,-4.1006927,-2.1418877,4.935969,5.982053,1.619648,5.6564393,7.052567,-2.9031186,3.8203619,2.0977893,-0.5636439,0.34776124,6.6603584
2104,-1.3564011,-1.4971377,1.3735219,3.0762303,6.9264035,2.3882003,-2.254146,5.829373,6.371754,3.931712,5.797017,8.597173,7.7811623,2.780173,4.892547,7.9143834,5.0297527,3.7536242,1.3706261,-1.2667519,3.4962177,1.0702481,1.9172896,3.03218,4.975859,7.641771,3.1844685,-5.74982,-1.5480536,4.085527,6.8989773,2.322743,5.7592387,5.7454386,-2.84183,4.579055,2.8665707,-0.60224605,0.6050198,6.7104864
2105,-1.4917576,-0.6589129,1.4421228,3.8649263,7.0048704,0.7741536,-1.856511,5.368787,8.132593,4.2893443,6.258106,9.422182,6.086073,1.6583143,5.1651945,8.5455475,4.3688936,2.2989995,0.8353062,-0.7884787,3.6950617,1.9504851,2.1970239,3.673856,6.0047936,7.065761,-0.7017222,-5.6188455,-1.7833762,3.252683,7.7378693,3.3184142,5.547022,4.3289833,-2.5315993,4.985487,3.585301,-0.82822144,0.8466948,6.747187
2106,-1.4266721,0.1385353,1.6942204,4.606469,6.7166615,-0.8449923,-1.3695674,4.7937374,9.675838,5.0476604,6.4720755,9.450213,3.7935495,0.95639735,5.5344844,9.159095,2.9467018,1.1191033,0.8314696,-0.27728274,3.8658247,2.776907,2.5087485,4.3534007,6.846717,5.0953345,-3.7101338,-4.0175295,-2.5011992,2.1221287,8.543349,4.545975,4.787088,2.9262218,-2.0502574,5.1068316,4.1224866,-1.1742778,1.0557998,6.78634
2107,-1.180964,0.83730507,2.1566079,5.315301,5.92441,-2.2885523,-0.77257556,4.328927,11.066109,6.124164,6.1684875,8.46703,1.5672253,0.86341053,5.935835,9.409419,0.9527278,0.6489369,1.0981501,0.27388865,4.068225,3.5530944,2.8922603,5.039288,7.1072903,2.0784948,-4.937433,-2.0524821,-2.8612428,0.8311074,9.076455,5.8458467,3.2757416,1.7884806,-1.4529713,5.0824313,4.4087477,-1.5538143,1.2265193,6.8487263
2108,-0.78655994,1.4018508,2.8090405,5.941018,4.5519986,-3.361436,-0.20182575,4.177091,12.377643,7.0199223,4.9334846,6.8429074,0.13318948,1.144031,6.448503,9.001609,-1.1439234,1.0468439,1.4653546,0.86274123,4.3344874,4.292562,3.3635445,5.627511,6.449763,-1.0403312,-4.5187354,-0.78521305,-2.671126,-0.25174257,9.136038,6.826865,1.1114906,1.2803868,-0.7930781,5.062829,4.4332323,-1.9055152,1.349089,6.952025
2109,-0.27433074,1.8252504,3.5942523,6.346231,2.6467435,-3.902957,0.083260745,4.346378,13.628045,6.8208494,2.7124186,5.540999,-0.26121375,1.4706886,7.0748887,7.8367596,-2.8641293,2.0511987,2.0330315,1.4599361,4.680079,5.0139527,3.8869119,5.9244537,4.846737,-3.3121078,-3.2359316,-0.30900508,-2.2335477,-0.9879833,8.778682,7.1474686,-1.1638907,1.6242384,-0.013187034,5.1440177,4.198416,-2.2073073,1.4026504,7.106173
2110,0.33926758,2.1238096,4.423718,6.3322673,0.44221023,-3.7992795,-0.08616309,4.5549603,14.643137,4.8145647,0.39787626,5.195594,0.17155766,1.780556,7.676693,6.004835,-3.9636078,3.0877562,2.9940596,2.0528712,5.089528,5.7240186,4.342439,5.699907,2.6979902,-4.326284,-1.93154,-0.13692448,-1.7496492,-1.3969004,8.205622,6.8231564,-2.9182565,2.5943131,1.1308967,5.323817,3.6540332,-2.449844,1.3533655,7.3095174
2111,1.0622725,2.323726,5.183571,5.731755,-1.6450069,-3.0252116,-0.5588472,4.441387,15.091836,1.4456844,-0.7229076,5.350302,1.1373569,2.1657717,8.094169,3.7004704,-4.4530416,3.5745168,4.337317,2.681534,5.507984,6.3782506,4.5222483,4.8457403,0.6641424,-4.2801085,-1.0882155,0.05719095,-1.274866,-1.5249616,7.6181116,6.1144333,-3.900151,3.6189036,2.8263946,5.4475894,2.6868944,-2.585391,1.1559796,7.541932
2112,1.9270917,2.445069,5.7499714,4.535296,-3.1732914,-1.7749454,-0.9260845,3.962178,14.858768,-1.7514234,-0.18463218,5.4340167,2.2598803,2.6809003,8.167021,1.1676259,-4.3985357,3.2145376,5.7887073,3.4969273,5.8590455,6.8291736,4.2100515,3.5539675,-0.71118903,-3.6666868,-0.69588447,0.32025796,-0.8285376,-1.4285074,7.145833,5.261497,-4.268934,4.195976,4.911578,5.1864104,1.2667553,-2.4965007,0.7833151,7.7570505
2113,2.9609327,2.48842,6.018485,2.9471474,-3.919912,-0.47490782,-0.8827656,3.4391768,14.199242,-3.4853384,1.4252846,5.732881,3.1867955,3.2672296,7.7385035,-1.2719501,-3.7650735,2.1455104,6.981639,4.743041,6.0461106,6.8091774,3.3633392,2.2934744,-1.2981824,-2.9195547,-0.5152831,0.6167964,-0.4140926,-1.1656032,6.839623,4.37395,-4.3188524,4.141245,6.9301434,4.21815,-0.32013175,-2.0821104,0.30552107,7.8937616
2114,4.1235466,2.4272633,5.9433045,1.3010502,-3.9584825,0.4812836,-0.43418115,3.1995125,13.421303,-3.5922797,3.1112835,6.654139,3.77688,3.6887834,6.7515044,-3.2024288,-2.541087,0.937127,7.678932,6.5205846,5.8897605,6.052276,2.2720861,1.4925293,-1.3338852,-2.237023,-0.3645407,0.9261168,-0.02376508,-0.7822574,6.6965175,3.4589179,-4.2669525,3.5272408,8.445148,2.5685062,-1.4992036,-1.4382875,-0.08174416,7.922357
2115,5.2778964,2.2087271,5.5741673,-0.09156633,-3.5189087,0.97540003,0.23875201,3.3670197,12.6667595,-2.7187023,4.249085,8.013089,3.969628,3.6614861,5.4084353,-4.2944136,-0.99409705,0.28391638,7.93814,8.506385,5.071626,4.6095624,1.4416008,1.2206576,-1.1209373,-1.6412677,-0.17506066,1.2430052,0.35326135,-0.30888337,6.6821933,2.4810424,-4.1919627,2.5166247,9.3022785,0.75002515,-1.8356968,-0.8264531,-0.21276174,7.8770566
2116,6.2442856,1.7754215,5.068389,-1.0476074,-2.8326378,1.1328857,0.9736725,3.9236736,11.951743,-1.621819,4.8200064,9.353228,3.6733282,3.1290932,4.1384172,-4.5574565,0.41002682,0.50589705,8.092878,10.017667,3.2963066,3.109655,1.184595,1.253935,-0.83294016,-1.109703,0.064589895,1.5669615,0.7278865,0.2360826,6.7405486,1.4118028,-4.0489697,1.2634817,9.63143,-0.54099673,-1.371495,-0.37734604,-0.085739695,7.8313494
2117,6.865243,1.114778,4.6504602,-1.5313131,-2.0657165,1.1529088,1.6962054,4.8028183,11.22741,-0.7989881,5.0776663,10.364857,2.8101144,2.374849,3.2865627,-4.275074,1.3747892,1.4531868,8.513764,10.357229,0.711264,2.4512005,1.4153126,1.3757272,-0.5386752,-0.6282457,0.3499302,1.8984103,1.1109936,0.840369,6.796096,0.26771894,-3.7078962,-0.08377115,9.644232,-0.8514478,-0.53697276,-0.006195636,0.22628264,7.8592978
2118,7.023707,0.30158865,4.516468,-1.5989949,-1.3109657,1.1898351,2.403526,5.9225316,10.379033,-0.4690869,5.2256985,10.939195,1.4541639,1.8505944,2.8878365,-3.7388864,1.8847294,2.8219306,9.323325,9.023352,-1.9394486,2.963219,2.0090022,1.44991,-0.26702666,-0.18941522,0.6745521,2.2386584,1.5134887,1.4909024,6.7585936,-0.8647524,-3.0177832,-1.3218096,9.46389,-0.15709811,0.14407669,0.37554577,0.67748296,8.012767
2119,6.6428776,-0.51429987,4.7317257,-1.3171655,-0.61453223,1.3255297,3.1335618,7.17768,9.206879,-0.65800095,5.3286123,11.103351,-0.09588131,1.8823047,2.7739115,-3.1417906,2.056519,4.36093,10.213285,5.8286257,-3.791316,3.9105315,3.0464597,1.3279122,-0.034011178,0.21441787,1.0340995,2.5908952,1.9454122,2.165692,6.5381756,-1.838276,-1.9104933,-2.163016,9.131292,1.1813018,0.3238288,0.75334126,1.2527218,8.304965
2120,5.6861973,-1.1730865,5.192963,-0.7245696,-0.016553385,1.584006,3.9435008,8.405569,7.44306,-1.2338612,5.333904,10.984702,-1.4229716,2.5028827,2.8168018,-2.6122735,2.0216053,5.8680897,10.457716,1.1970674,-4.3176637,4.0703607,4.351829,0.92662543,0.17524296,0.595095,1.4278442,2.9610288,2.4133174,2.8256812,6.071595,-2.5062373,-0.49943054,-2.3251393,8.723785,2.5974977,-0.04328812,1.1050866,1.9610862,8.697485
2121,4.1555257,-1.5615326,5.6847305,0.13258389,0.4299225,1.9484823,4.8881283,9.331858,4.86447,-1.883677,5.0999665,10.766799,-2.1626804,3.4923968,2.9937258,-2.2403843,1.8862573,7.1585393,9.282114,-3.5848846,-3.3256786,3.0988226,5.3580055,0.47500306,0.4202322,0.97081447,1.858136,3.3575163,2.9152205,3.4094326,5.3470244,-2.8046486,0.9353551,-1.6927911,8.393914,3.5644178,-0.7605138,1.45584,2.8374405,9.085185
2122,2.1053524,-1.6117189,5.99614,1.1434561,0.6847612,2.3780417,5.9823093,9.534113,1.5396684,-2.1303706,4.489576,10.59936,-2.0859628,4.521805,3.249327,-2.0805569,1.7107825,8.09178,6.5009203,-6.93986,-1.3472731,2.0964212,5.831761,0.30333588,0.7113339,1.3621049,2.3289008,3.7892573,3.4329638,3.8345628,4.4118247,-2.7781403,2.099213,-0.3779203,8.25506,3.7472713,-1.5476168,1.7929128,3.9151716,9.272812
2123,-0.29476798,-1.2858354,6.045129,2.130779,0.76650256,2.8292625,7.146967,8.529906,-1.9312061,-1.5798774,3.6562645,10.519787,-1.1464338,5.283081,3.378664,-2.131319,1.5020436,8.619192,2.737355,-8.242134,0.09246127,2.053027,6.0184526,0.3496439,0.9987066,1.7812222,2.8483303,4.2614045,3.9221902,4.010202,3.3639348,-2.5279808,2.8333678,1.3647522,8.254132,3.0076792,-2.1497343,1.9922878,5.1455455,8.97682
2124,-2.689016,-0.6551398,5.9531183,2.9290094,0.7541081,3.272818,8.174259,6.078502,-4.5992856,-0.4665032,3.182247,10.498894,0.37876606,5.5562725,3.1203637,-2.2934186,1.2317073,8.79372,-1.0566925,-7.77484,-0.09818754,2.4368756,6.141826,0.38901457,1.2660341,2.2379818,3.4309852,4.7677417,4.3021755,3.8650675,2.3385587,-2.1468425,3.1499453,3.245663,8.141178,1.4060841,-2.3445127,1.8927869,6.32442,7.9376035
2125,-4.6247063,-0.038991142,5.9497643,3.4836855,0.72293186,3.6940432,8.771982,2.4990146,-5.798471,0.21350124,3.388228,10.568681,1.8802775,5.231824,2.425887,-2.3898716,0.8745665,8.743931,-4.0167837,-5.76343,-1.3805469,2.2617233,6.363576,0.45053312,1.5195016,2.747474,4.0952387,5.2751584,4.454009,3.392139,1.4872692,-1.6970174,3.1790345,5.001259,7.5471525,-0.71461093,-1.9494722,1.5053366,7.184986,6.1356826
2126,-5.8025928,0.080344945,6.0857925,3.8882742,0.69617593,4.0805736,8.695456,-1.3515193,-5.347391,-0.24243404,3.6729362,10.852366,2.833284,4.337689,1.5778382,-2.2892244,0.45312336,8.627801,-5.497548,-2.5474927,-2.313664,1.5413185,6.6732054,0.7309359,1.7392739,3.3152752,4.857475,5.700837,4.2434783,2.6938746,0.93376374,-1.2204641,3.0927432,6.4315677,6.1797795,-2.7385533,-0.98696774,1.1575232,7.643854,3.8303947
2127,-6.1155515,-0.58039683,6.0842857,4.3493333,0.68053627,4.4136834,7.890192,-4.4459825,-3.356761,-1.2449174,3.3166833,11.37022,3.1682198,3.048378,0.9500535,-1.9978712,0.048902467,8.55729,-5.2686567,0.8962817,-2.078058,1.0041572,6.9343004,1.2828414,1.8911365,3.925475,5.717677,5.893295,3.585233,1.9852415,0.71583325,-0.74289936,3.039579,7.4236965,4.0386143,-4.0729747,0.11735509,1.2705847,7.8291593,1.3096825
2128,-5.429008,-1.8271528,5.569555,5.0636034,0.736868,4.675134,6.5341105,-6.1463075,-0.4954764,-1.574473,2.5518582,11.870306,3.0611722,1.6277627,0.72810775,-1.606931,-0.24483043,8.543417,-3.6149683,3.485403,-0.9885284,0.9727315,7.1339703,1.9487184,1.9696785,4.5547843,6.6301093,5.6403046,2.5381198,1.5124699,0.76756126,-0.26892892,3.1103754,7.9366493,1.4400815,-4.454097,0.7498142,1.893883,7.794372,-1.1968802
2129,-3.6232078,-2.9978757,4.476465,6.0163426,1.0189209,4.8424163,4.9088264,-6.5586576,2.103688,-0.73293495,2.1346211,12.138645,2.5290887,0.38422975,0.87740046,-1.1868846,-0.37154108,8.531874,-1.1475848,4.7662873,0.16439429,1.2545269,7.3175483,2.5572994,2.0050607,5.188735,7.4685555,4.7383776,1.3657407,1.4088113,0.9822871,0.20993379,3.3386354,7.959384,-1.1450005,-3.8861413,0.66378087,2.6327317,7.4563193,-3.3191729
2130,-0.99655586,-3.3612766,3.240515,6.96722,1.6876886,4.8314204,3.2226424,-6.2301497,3.6472716,0.95280606,2.4408789,12.146602,1.4507024,-0.34897095,1.2263255,-0.7539005,-0.31705943,8.486143,1.481721,4.8585157,0.8469135,1.651921,7.5096183,3.0288832,2.0371816,5.8157206,8.017713,3.1363318,0.4691952,1.6017427,1.2953503,0.7021175,3.7120683,7.490348,-3.2608318,-2.497189,0.21791063,3.1227832,6.844559,-4.605149
2131,1.6978058,-2.6683362,2.4140058,7.7294154,2.6813073,4.4491286,1.6052507,-5.630229,3.9927197,2.9855478,3.4807436,11.745933,-0.15955049,-0.29569232,1.5804272,-0.3145441,-0.09492308,8.430021,3.7497306,4.0380144,1.0270337,2.1093545,7.738012,3.3398397,2.0944545,6.4129696,8.026941,1.0672088,0.18166572,1.9027686,1.6825426,1.21709,4.179027,6.555684,-4.6148043,-0.62585306,0.051492393,3.396687,6.1162767,-4.9077067
2132,3.789404,-1.193214,2.175883,8.308543,3.6345053,3.5048451,0.25292978,-4.9790773,3.3905804,4.9810085,5.1522436,10.469828,-2.0434802,0.60584486,1.9066486,0.08862872,0.26494294,8.428306,5.297404,2.569925,1.0087382,2.6219475,8.028465,3.479817,2.183404,6.939275,7.3257356,-0.99542505,0.55294126,2.2336178,2.1086004,1.766165,4.6537614,5.231755,-5.1938505,1.1619519,0.57288843,3.6824572,5.348275,-4.483434
2133,5.048163,0.64830196,2.39843,8.754025,4.071558,2.0508373,-0.5419496,-4.3474674,2.2463415,6.617529,7.098834,7.693689,-3.7289958,1.9568443,2.414214,0.3898435,0.71945167,8.537612,5.9187613,0.77289563,1.1227086,3.218072,8.371213,3.4293468,2.2901795,7.3396606,5.929293,-2.5903823,1.2851804,2.7065473,2.5325239,2.3421197,5.024939,3.6387947,-5.212819,2.34447,1.7465491,4.053037,4.4898434,-3.7270186
2134,5.585587,2.5710192,2.948477,9.012155,3.6545515,0.5078452,-0.6206029,-3.7562516,0.9862583,7.6156244,8.523366,3.2840974,-4.6246276,2.8081565,3.2636728,0.55275136,1.211117,8.76187,5.5585384,-0.96352184,1.4635228,3.9955575,8.705312,3.1322289,2.3956203,7.5658755,4.042745,-3.5044134,1.8996023,3.4314208,2.9480739,2.8939548,5.169952,1.9262879,-4.9126782,2.6965995,3.2294858,4.4063687,3.4592948,-2.9357066
2135,5.627566,4.4638815,3.7703085,8.876914,2.3661115,-0.5385512,-0.1818956,-3.1935282,-0.0662684,7.8912306,8.610833,-1.7240961,-4.214018,2.4066188,4.176471,0.69060886,1.6962589,9.033393,4.31483,-2.292799,1.8105757,5.0405173,8.927036,2.4842253,2.4989445,7.605333,1.9628298,-3.7607074,2.0359206,4.328565,3.406028,3.3311694,4.985287,0.27827448,-4.4162693,2.3073103,4.609063,4.6357446,2.2366323,-2.247591
2136,5.385332,6.3103304,4.7600217,8.004633,0.5781344,-0.74046284,0.3681589,-2.6474612,-0.77006507,7.6607814,7.288863,-5.6617346,-2.4589422,1.3182079,4.756048,1.0702623,2.1961782,9.219991,2.4199321,-2.9987478,1.8075781,6.236268,8.911544,1.4094623,2.634143,7.4944615,-0.03191794,-3.4454021,1.6491904,5.179035,4.001301,3.5492387,4.431986,-1.0916781,-3.7478642,1.4755473,5.5939507,4.711463,0.8951487,-1.6823165
2137,5.0292225,8.080732,5.5823607,6.0868683,-1.0526799,-0.2383499,0.7988306,-2.1429677,-1.1438028,7.266527,5.192692,-7.6995,-0.20990886,0.91305166,5.051043,1.7604767,2.7712152,9.143681,0.2128322,-2.9477367,1.3009597,7.2385974,8.575717,0.004245239,2.8470466,7.300249,-1.7341273,-2.611268,1.0043514,5.7994637,4.788899,3.4420836,3.578769,-1.9997333,-2.9410558,0.5758678,6.11162,4.64263,-0.43367884,-1.202998
2138,4.7027884,9.659147,5.623048,3.2726827,-1.9029323,0.43730345,1.1516536,-1.7132732,-1.271393,6.9462495,2.9659026,-8.226677,1.3017436,1.6847908,5.2820187,2.5371952,3.4190133,8.623582,-1.8751493,-2.073148,0.580388,7.773288,7.931706,-1.4459207,3.1346645,7.0898037,-3.0092018,-1.3311378,0.53401333,6.166436,5.6716323,2.917501,2.625881,-2.3818622,-2.0935178,-0.09570814,6.279045,4.4245524,-1.6186794,-0.7695079
2139,4.5231066,10.847716,4.3248315,0.47303772,-1.8287053,0.85235137,1.4991937,-1.3654041,-1.232583,6.7851124,0.9172848,-7.937332,1.464784,2.982328,5.5739374,3.1721478,4.020018,7.571009,-3.4125583,-0.55845124,0.25856087,7.9423175,6.9952755,-2.6624932,3.417915,6.917334,-3.78623,0.21008033,0.6363641,6.4253287,6.3801894,1.957014,1.8748232,-2.3303807,-1.3098696,-0.4159135,6.2813864,4.0370417,-2.5689876,-0.37902376
2140,4.544288,11.443311,1.7785264,-1.1026633,-1.3181121,1.0407939,1.8328912,-1.0814654,-1.0855783,6.7740035,-0.8550675,-7.1525283,0.49357486,3.9107664,6.102034,3.6107483,4.3829746,6.089276,-4.185035,1.058644,0.8016198,8.072995,5.6444793,-3.5356295,3.5596647,6.8282394,-4.05582,1.7204835,1.5071899,6.770429,6.5604005,0.692223,1.605457,-2.017801,-0.6286849,-0.401669,6.2651596,3.466013,-3.2455146,-0.0796832
2141,4.716475,11.338461,-1.1278645,-0.84482706,-0.9058354,1.213817,2.1411037,-0.8427618,-0.8679719,6.8632197,-2.2715604,-5.8547587,-0.92759323,3.973246,6.9793744,3.9434958,4.32473,4.4535584,-4.2935286,2.1948044,2.1798158,8.263794,3.6595669,-4.0411906,3.3752642,6.8565483,-3.848543,2.9187884,3.0905597,7.251004,5.867111,-0.5771207,1.8968842,-1.5569428,-0.033563726,-0.119913116,6.301638,2.7099714,-3.645841,0.055046014
2142,4.9008813,10.621274,-3.3025532,0.9032226,-0.46331498,1.4614983,2.4245803,-0.6421729,-0.6027417,6.991108,-3.19996,-4.023027,-2.0515244,3.2332687,8.03251,4.296557,3.73265,2.9818108,-3.9895155,2.6079347,3.9572024,8.212909,0.98044866,-4.045319,2.6899617,6.9919715,-3.1831453,3.6613271,5.119067,7.611728,4.087826,-1.4601029,2.5161102,-0.9472312,0.48662427,0.3623507,6.3923697,1.779059,-3.7710657,-0.024199853
2143,4.9522786,9.598971,-4.191724,3.1525795,0.5057068,1.7715791,2.6541107,-0.47811997,-0.3055088,7.1030927,-3.5113583,-1.877353,-2.4478528,2.1728673,8.924821,4.685544,2.601252,1.9384888,-3.4847775,2.4366386,5.609062,7.4605856,-1.9760035,-3.3075192,1.5722917,7.153719,-2.0463758,3.9984004,7.173263,7.2843013,1.4190645,-1.6513827,3.0468683,-0.19060217,0.9133674,0.9768281,6.4844403,0.7080355,-3.596641,-0.30044988
2144,4.8071656,8.647583,-3.943875,4.975126,2.0874522,1.9772125,2.7592323,-0.33541468,0.012033293,7.1684847,-3.1829727,0.17576931,-2.1516657,1.30587,9.476232,4.913909,1.0825148,1.505923,-2.8967092,1.9971713,6.802141,5.801046,-4.3887744,-1.857201,0.56185377,7.260936,-0.4806368,4.1513095,8.781311,5.700727,-1.3123645,-1.2008475,3.2798636,0.6045478,1.2409912,1.6511966,6.493668,-0.41975942,-3.076702,-0.67406315
2145,4.515287,8.00746,-2.9987051,6.0401134,3.85397,1.8509537,2.707781,-0.1657077,0.34652603,7.1878133,-2.3380527,1.7861015,-1.4715003,0.86298174,9.746523,4.702315,-0.4892436,1.7165891,-2.2499115,1.5842333,7.4935484,3.4822984,-5.6677747,-0.30629334,0.29802758,7.3219976,1.3206811,4.384313,9.553999,2.8525033,-3.0098143,-0.65844774,3.371231,1.3357593,1.5086234,2.326442,6.335964,-1.469037,-2.1947317,-0.9788073
2146,4.208434,7.7219324,-1.7136985,6.5163336,5.279871,1.3217702,2.6010768,0.0914122,0.7098599,7.1843038,-1.1941525,2.8095264,-0.71799415,0.812109,9.876519,3.921075,-1.7330139,2.3668745,-1.4893289,1.3776165,7.8122683,0.9747112,-5.8131375,0.58110714,0.8141831,7.40724,3.1060312,4.78954,9.23149,-0.48337245,-3.049565,-0.58527714,3.460743,2.0296483,1.7637651,2.9595728,5.9559984,-2.2932096,-1.0286005,-1.0346024
2147,4.0330887,7.715734,-0.29526505,6.6897964,6.035935,0.52284974,2.6178315,0.47497082,1.1265532,7.1874185,0.016028153,3.2799935,-0.07071139,1.0353389,9.946521,2.6511981,-2.4215956,3.0870996,-0.5543799,1.4399107,7.8759522,-1.323964,-5.063155,0.5722956,1.572094,7.634596,4.7302985,5.1394596,7.7350106,-3.1774752,-1.6494678,-0.79466885,3.5189285,2.7631917,2.0404108,3.5071054,5.345615,-2.797406,0.2358613,-0.71924436
2148,4.0901155,7.891241,1.125704,6.7172766,6.02441,-0.29990476,2.852565,1.01156,1.6212057,7.2178493,1.0934607,3.314912,0.42805886,1.4370372,9.949142,1.0937216,-2.5217257,3.5585136,0.5339292,1.7537452,7.7032332,-3.1375155,-3.5888748,0.06360685,2.0849063,8.121817,6.131017,4.9280314,5.402241,-4.517833,0.23258387,-0.6088409,3.595111,3.530047,2.3592331,3.9176524,4.5453267,-2.9738932,1.3730516,-0.012097344
2149,4.425088,8.166862,2.411165,6.5736675,5.3338366,-0.9085448,3.234769,1.7310841,2.209825,7.2714486,1.8866471,3.053758,0.8244091,1.9641688,9.8202,-0.5199689,-2.0941534,3.6845798,1.6709822,2.2636724,7.2371674,-4.285257,-1.6148226,-0.30294138,2.2902381,8.852462,7.121249,3.671715,3.1073275,-4.627347,1.6164426,0.21665417,3.7739596,4.244471,2.7050784,4.138144,3.6319568,-2.8839211,2.215198,1.019221
2150,5.063072,8.455216,3.3562794,6.134961,4.2218676,-1.1683816,3.6017065,2.6433585,2.9009533,7.2994313,2.2926428,2.6441267,1.1944784,2.5943346,9.473452,-1.9735054,-1.2298676,3.6160479,2.7395613,2.886561,6.4187956,-4.7404275,0.4351331,-0.084334016,2.447902,9.678242,7.2633176,1.4271228,1.8631293,-4.0955863,2.2673123,1.403992,4.079397,4.8216047,3.015234,4.1303773,2.7051055,-2.6113787,2.7050118,2.2689447
2151,6.031816,8.598891,3.6842668,5.3638206,3.0741928,-1.0860258,3.842627,3.7149003,3.6940315,7.1924257,2.2674127,2.2424994,1.6006202,3.3159728,8.825633,-3.1069598,-0.083978094,3.651061,3.6767278,3.4844031,5.2525487,-4.6613593,2.0870285,0.78440964,2.845604,10.422106,6.094204,-0.97283745,2.0495584,-3.3025408,2.5158246,2.6666596,4.5323334,5.200608,3.192408,3.8984869,1.873115,-2.2296262,2.886193,3.641412
2152,7.319118,8.280034,3.175312,4.490544,2.2466938,-0.7742919,3.9707096,4.8912725,4.552856,6.7807703,1.8555524,1.9941062,2.0775895,4.1018357,7.8129015,-3.8667457,1.0832326,4.062127,4.4787173,3.8451674,3.839411,-4.2820864,3.0627084,2.129467,3.6551497,10.836901,3.5489225,-2.4957669,3.0091577,-2.1993387,2.6797204,3.8897605,5.131667,5.3103366,3.1401684,3.515258,1.2294713,-1.7933686,2.8614883,5.074221
2153,8.741258,6.9930377,1.9601198,3.9326296,1.8788638,-0.36193612,4.072859,6.129056,5.3478394,5.873185,1.2257152,1.9805951,2.649825,4.882633,6.398746,-4.3119197,1.9513355,4.937739,5.1421742,3.7193298,2.3869958,-3.7722623,3.3440332,3.7341046,4.929767,10.451434,0.12600593,-2.664427,3.691904,-0.792813,2.8635802,5.031726,5.802533,5.0452776,2.8291967,3.1176894,0.8210702,-1.3407975,2.748732,6.53164
2154,9.777033,4.318569,0.7313228,3.8698828,1.9046097,0.071353294,4.2322927,7.385966,5.8045416,4.372034,0.6617029,2.1712346,3.3450546,5.53202,4.5800357,-4.535269,2.2420638,6.121726,5.6061234,2.931074,1.1954118,-3.2115064,3.0962186,5.401647,6.498204,8.572417,-3.234419,-1.7047437,3.7518988,0.5944152,3.1128938,6.0748863,6.375847,4.301662,2.3615053,2.847455,0.63297313,-0.8947817,2.6515052,7.975398
2155,9.599292,0.56256944,0.37234902,4.055564,2.1703362,0.4978664,4.5012174,8.575224,5.536311,2.4537182,0.44222638,2.4612527,4.161559,5.8638372,2.4216506,-4.542627,1.8104279,7.258642,5.777722,1.5330052,0.5694237,-2.6437395,2.5744834,6.9306517,7.7493525,4.779752,-5.438399,-0.5843031,3.671678,1.7493551,3.522815,7.025578,6.58193,3.0749967,1.9612637,2.771756,0.6078541,-0.46554515,2.6487122,9.328401
2156,7.5536613,-3.0245388,1.0025828,4.3718204,2.4692802,0.92036647,4.9072585,9.519642,4.2357574,0.64927745,0.6267557,2.810094,5.0286055,5.6530123,0.14127831,-4.200936,0.7431969,7.946556,5.653166,-0.13809095,0.6530057,-2.081051,2.0337782,8.130642,7.742904,-0.1883599,-5.719742,-0.5610934,3.7060912,2.8240833,4.163738,7.8380733,6.099087,1.5734161,1.8440559,2.8717618,0.67661196,-0.05580321,2.794938,10.449668
2157,3.7634182,-5.1525617,1.5326755,5.001178,2.6906161,1.3297652,5.455281,9.950926,1.9674149,-0.3753128,0.9746622,3.2770538,5.828257,4.713776,-1.8460548,-3.374762,-0.5613868,7.992315,5.3733263,-1.6427945,1.3352408,-1.4576068,1.666385,8.908912,5.950018,-4.4233365,-4.095717,-1.6120172,3.4826503,4.076706,5.105739,8.294218,4.7051535,0.23443869,2.0304124,3.110182,0.77572995,0.33577317,3.1202574,11.130711
2158,-0.79448545,-5.2089844,0.8294549,5.662954,3.0131903,1.7124901,6.099832,9.593106,-0.70531565,-0.23765963,1.2610909,3.8670304,6.416435,3.0360925,-3.081261,-2.1989434,-1.550908,7.5661592,5.078689,-2.6965458,2.3362772,-0.6522273,1.5913156,9.296379,2.8175743,-6.449287,-1.730285,-2.379842,2.9301538,5.488967,6.4125037,7.94109,2.497921,-0.46417272,2.3175943,3.4565892,0.8643833,0.712933,3.624651,11.122802
2159,-4.6909356,-3.0624022,-0.6013255,5.8212895,3.7705212,2.1236424,6.7180824,8.30832,-2.99399,0.8580187,1.6806061,4.509643,6.5954595,0.8876918,-3.3354855,-1.0990604,-1.9219384,7.017332,4.7874784,-3.2420592,3.3534153,0.42965764,1.8578019,9.325716,-0.6748189,-6.286038,-0.16412501,-2.2504773,2.3644586,6.8335514,7.859515,6.20638,0.098110795,-0.36419183,2.5410712,3.8413262,0.9390423,1.0811355,4.268438,10.23432
2160,-6.826305,0.45609522,-0.91094637,5.676908,4.90215,2.666254,7.1194453,6.2011113,-4.3949943,2.146585,2.6438358,5.1756806,6.1067653,-1.2466413,-2.7192433,-0.39812994,-1.7823012,6.5745573,4.4639406,-3.3724217,4.152996,1.8090105,2.4392827,8.902122,-3.6767902,-4.6010456,0.1864968,-1.7182969,1.9293455,7.970622,8.767837,2.9154336,-1.4483927,0.09927816,2.7803712,4.186927,1.0113002,1.4472685,4.968933,8.496179
2161,-7.2811646,3.4557557,0.8383554,5.74539,5.934353,3.313554,7.074127,3.6039724,-4.8997884,2.7755568,4.175002,5.7862296,4.716341,-2.8531563,-1.620489,-0.035107225,-1.3901731,6.293984,4.0971713,-3.2375934,4.612238,3.4344735,3.2110038,7.830855,-5.654374,-2.060624,0.05011566,-1.2132978,1.636395,8.84904,8.359886,-1.0703846,-1.369267,0.33190003,3.1052318,4.487522,1.0755523,1.8160651,5.6167545,6.194579
2162,-6.9448776,4.5951552,3.8606455,6.0758023,6.3991957,3.814414,6.419958,1.0173897,-4.732283,2.3868713,5.7693343,6.119119,2.448664,-3.5814748,-0.5909415,0.24923065,-0.8959285,6.163778,3.691636,-2.9795034,4.71609,5.1900725,3.9099476,6.0010576,-6.4715776,0.48352465,0.2647098,-0.7540929,1.5138823,9.452263,6.3870416,-4.2505608,0.0257358,0.5102956,3.4470828,4.7712517,1.1252508,2.1847084,6.102503,3.6605732
2163,-6.426358,3.7820811,6.816475,6.68844,6.0001006,3.8748047,5.290914,-1.0321202,-4.0961637,1.2719254,6.8374414,5.969526,-0.22366858,-3.3670073,-0.04997239,0.5893178,-0.33249438,6.1595855,3.2357597,-2.6996193,4.5196013,6.8932576,4.147173,3.5954616,-6.4032226,2.1789153,1.0610013,-0.32920045,1.5944108,9.78762,3.3111029,-5.7813163,1.4191644,1.2252953,3.8289165,4.985685,1.1585805,2.5438046,6.332916,1.114135
2164,-5.6841717,1.63221,8.665775,7.761979,4.619693,3.4329474,4.144254,-2.2755654,-3.1643338,0.042773,7.1919355,5.339819,-2.5983539,-2.4125535,0.03213217,0.95296574,0.30700776,6.2451878,2.6963942,-2.4480402,4.1057606,8.321189,3.5832188,1.162161,-5.871725,2.6931365,2.1410177,0.0116929095,1.8448344,9.841355,-0.10299593,-5.744396,1.6823144,2.3636286,4.323957,5.0061593,1.1621616,2.8836234,6.2425165,-1.2614505
2165,-4.365158,-0.82102704,8.876384,9.156025,2.393468,2.8555827,3.390521,-2.8251667,-2.092551,-0.81887394,7.079272,4.405648,-4.211283,-1.0849155,0.03620104,1.2993795,1.0284141,6.3681164,2.0327792,-2.2224667,3.5595112,9.298163,2.2233255,-0.5737624,-5.2059627,2.295376,3.1364112,0.33566466,2.2019958,9.564286,-3.115195,-4.3771515,0.86782765,3.2755165,5.005274,4.7589145,1.1120349,3.1972783,5.8159375,-3.2100499
2166,-2.3803694,-2.4319732,7.720507,10.285384,-0.010468396,2.7507098,3.0692997,-2.9669466,-0.99924296,-1.1310328,6.856751,3.3399794,-5.016877,0.2054113,0.30601555,1.6383845,1.8181388,6.455495,1.2203788,-1.9736795,2.9625309,9.791694,0.5344125,-1.1243476,-4.589024,1.5063286,3.8806303,0.8003739,2.6366525,8.920411,-5.124556,-1.9404776,0.024951583,3.6771414,5.8604884,4.264615,0.98863006,3.4806073,5.1114764,-4.4724813
2167,-0.16107213,-2.6501155,6.201577,10.767699,-1.6473919,3.3527012,3.0160959,-2.9451773,0.030178191,-0.9107699,6.7424254,2.2124033,-5.2092075,1.1333492,0.92563933,1.992238,2.6369245,6.4111824,0.28052866,-1.6241982,2.4046578,9.917645,-0.82673854,-0.541223,-4.031928,0.76050425,4.3767743,1.5119923,3.1321363,7.923628,-5.8956733,0.8524376,0.18651675,3.8865967,6.6881537,3.5632021,0.81870276,3.7344859,4.249666,-4.982695
2168,1.7083824,-1.7096308,5.189817,10.713533,-2.1216607,4.3247705,3.084455,-2.906563,0.93989086,-0.24020001,6.7650685,1.0075663,-4.988692,1.5386885,1.76449,2.394717,3.425463,6.127801,-0.69913495,-1.1111339,1.9990983,9.845134,-1.427931,0.6716387,-3.440809,0.29011923,4.6911206,2.4706247,3.6281533,6.6317544,-5.7039747,3.0610547,1.5584948,4.26845,7.2096596,2.6499064,0.69276583,3.9671416,3.355532,-4.9155107
2169,2.9112253,-0.11103896,4.9421887,10.329474,-1.7361686,5.221356,3.1065493,-2.8995214,1.6878655,0.79160655,6.804524,-0.30602723,-4.4455204,1.4315495,2.6170475,2.9137144,4.115614,5.513735,-1.5783035,-0.44614503,1.87517,9.698681,-1.2523495,1.9062136,-2.783163,0.13333212,4.9083643,3.5944483,3.9930186,5.1229563,-5.0718327,4.179269,3.6804981,4.8840923,7.1318316,1.5453875,0.7241438,4.1913753,2.5017545,-4.531968
2170,3.4304447,1.7610265,5.3545413,9.663621,-1.0408962,5.831383,2.9341805,-2.8979912,2.224276,2.073972,6.6456804,-1.696727,-3.5656586,0.9746442,3.3133378,3.6265607,4.62713,4.522685,-2.21492,0.25136963,2.1246912,9.533248,-0.60931414,2.7643645,-2.1312997,0.20101842,5.1090584,4.761084,4.037251,3.5038788,-4.3835588,4.253383,5.977917,5.6024485,6.171243,0.4115517,0.9594309,4.42296,1.6964828,-4.0320487
2171,3.3966987,3.6715171,6.2364025,8.602787,-0.485231,6.1690383,2.5508568,-2.8544488,2.504891,3.44246,6.060372,-3.0132337,-2.3429523,0.46365562,3.7855794,4.548204,4.8452606,3.1861007,-2.5158234,0.7986988,2.7275934,9.365666,0.08461928,3.1581142,-1.559929,0.3816501,5.350254,5.8268237,3.5707078,1.9626853,-3.763306,3.5870385,8.005229,6.153847,4.2089844,-0.44334075,1.2970815,4.672387,0.91743064,-3.513868
2172,2.9837894,5.4547977,7.344461,6.9327555,-0.26354522,6.352353,2.0647113,-2.7449133,2.529643,4.6967697,4.9333,-4.023803,-0.93617356,0.23965883,4.094329,5.575277,4.6138806,1.6573577,-2.4565039,1.0639858,3.535654,9.203782,0.5091453,3.22523,-1.068105,0.6076475,5.66177,6.625997,2.5082788,0.79485416,-3.190046,2.5441508,9.461338,6.1557984,1.5352647,-0.7084017,1.5619442,4.916328,0.16488041,-2.9916427
2173,2.3818536,6.9640303,8.30234,4.487645,-0.25704297,6.4816604,1.600196,-2.5732524,2.3568237,5.676852,3.3533437,-4.555976,0.30636966,0.5053991,4.3869143,6.502263,3.7910686,0.23612387,-2.0929503,1.0656861,4.355705,9.044174,0.54166955,3.1872265,-0.59851485,0.8615939,6.050361,6.9846587,0.98092395,0.30485544,-2.639799,1.4746678,10.245195,5.3539605,-1.1203241,-0.32681823,1.7475326,5.0960035,-0.5213456,-2.4319813
2174,1.7926431,8.093401,8.6074,1.4170918,-0.14158015,6.573961,1.197578,-2.349961,2.0755053,6.325703,1.5719578,-4.5801177,1.047962,1.1999047,4.809379,7.0835147,2.367621,-0.70351064,-1.5757374,0.95792145,5.066698,8.854141,0.2392091,3.2344337,-0.086220205,1.1586441,6.501608,6.766765,-0.66237366,0.60965097,-2.1028621,0.6361288,10.493478,3.8625693,-3.03228,0.35660213,2.0633156,5.158594,-1.1098319,-1.7981808
2175,1.4043757,8.840424,7.8431373,-1.693007,0.25981337,6.6503887,0.8017287,-2.0734794,1.7681761,6.68271,-0.12445383,-4.14779,1.1903477,2.072208,5.4414206,7.0806475,0.5615973,-0.89084613,-1.0866764,0.90079933,5.660828,8.570554,-0.24971601,3.4644632,0.52621037,1.52811,6.9758306,5.928423,-2.021843,1.516889,-1.5189162,0.15513247,10.46078,2.0553412,-3.921876,0.83094263,2.6216404,5.068068,-1.6085532,-1.082624
2176,1.3565325,9.303584,5.9153743,-4.143408,0.6523306,6.804159,0.37013403,-1.7268344,1.4980468,6.832216,-1.5061854,-3.3154445,0.91736954,2.8642023,6.2539883,6.306973,-1.2187558,-0.33267397,-0.6805806,0.96457267,6.19021,8.125403,-0.7742785,3.8710086,1.2977159,1.9990191,7.3957605,4.5371466,-2.8537788,2.607212,-0.79237354,0.05948119,10.350251,0.2922256,-3.8764794,0.8329785,3.263202,4.8222427,-2.0216856,-0.31893805
2177,1.7162628,9.562664,3.0497854,-5.499904,0.42149237,7.0139265,0.025054883,-1.2996991,1.3218609,6.856278,-2.4307294,-2.1613212,0.5721572,3.4530907,7.0855727,4.715113,-2.5462713,0.6336464,-0.2304977,1.1638747,6.7027936,7.4677534,-1.2341187,4.367803,2.2895591,2.5867777,7.6285396,2.7496295,-3.1261814,3.4606597,0.1172574,0.32053083,10.232008,-1.1838652,-3.0692372,0.49822545,3.76646,4.484015,-2.3220377,0.42168692
2178,2.4637494,9.5370245,-0.29816866,-5.4755564,-0.76329494,7.0337267,0.08195357,-0.84773433,1.2913054,6.8102612,-2.8532085,-0.8348285,0.47380292,3.8892791,7.6896024,2.4851282,-3.1539211,1.4923784,0.40119776,1.5167077,7.214629,6.558398,-1.5904253,4.82847,3.5474339,3.2698722,7.4755945,0.7896792,-2.9230163,3.8530107,1.1596315,0.89261425,10.050364,-2.2202454,-1.6919706,0.20277143,4.082809,4.128317,-2.4877644,1.0546151
2179,3.4844239,8.9813795,-3.4048674,-3.7837055,-2.3639426,6.6898775,0.7743762,-0.5174418,1.4103466,6.7238097,-2.8232672,0.46089813,0.78494626,4.3196154,7.8279037,0.0013623737,-2.9782646,1.8800491,1.1862946,2.053976,7.696602,5.354667,-1.841105,5.1220675,5.067674,3.944663,6.7055573,-1.0491238,-2.3698936,3.8191497,2.240248,1.7383522,9.676504,-2.7638295,-0.024878895,0.30527234,4.322429,3.7570486,-2.5349472,1.5137874
2180,4.5870066,7.698369,-5.4601707,-0.7155544,-3.0782738,6.2545567,1.8828356,-0.41753194,1.6145028,6.6234455,-2.451054,1.5504463,1.5019853,4.853496,7.316403,-2.277771,-2.1154752,1.838716,1.9783814,2.8118298,8.0596485,3.8126569,-1.9741645,5.1386952,6.7487683,4.3750787,5.1865344,-2.4278946,-1.6702013,3.5802124,3.2940574,2.8060102,8.967955,-2.9042687,1.5879459,0.9705585,4.5749993,3.287172,-2.5017822,1.7676662
2181,5.567491,5.7856092,-6.1972947,2.4355583,-1.9802462,6.136925,2.8501692,-0.5266778,1.8331057,6.547445,-1.8601344,2.3519416,2.5261297,5.461968,6.03736,-3.9670002,-0.8585981,1.7479246,2.68721,3.7911744,8.13414,1.9314995,-1.9247338,4.8287225,8.356642,4.2289786,3.1114783,-3.0889466,-1.1063544,3.3580115,4.3264813,3.9787195,7.807683,-2.835696,2.8693933,2.151928,4.784417,2.6036532,-2.4058316,1.8163033
2182,6.2901287,3.5873084,-6.068923,4.346701,0.6369782,6.2274046,3.1342993,-0.74650764,2.0268514,6.536393,-1.1545097,2.8823395,3.7243264,5.943063,4.002817,-4.8670387,0.27521175,1.9676988,3.3557212,4.8981166,7.662674,-0.14813507,-1.58682,4.281153,9.590268,3.3021457,1.0900788,-3.0368555,-0.8478796,3.2158988,5.3835673,5.049686,6.12327,-2.7216861,3.6775908,3.664008,4.764078,1.6449124,-2.2153976,1.6876354
2183,6.7247057,1.4380082,-5.614232,4.61845,3.707698,6.1155057,2.4560618,-0.8946181,2.1669278,6.614423,-0.3999835,3.2196465,4.945627,5.9617286,1.4654086,-4.9695,0.7772442,2.5159383,4.1089463,5.9268336,6.376281,-2.0723512,-0.95223826,3.771668,10.2684145,1.7590219,-0.16895545,-2.5675707,-0.79751897,3.1018088,6.474251,5.733444,3.9331362,-2.5831673,3.9670498,5.2387896,4.304619,0.50148445,-1.8756114,1.4499583
2184,6.9248214,-0.45971873,-4.9996624,3.6024055,6.2119875,5.6100607,1.0323285,-0.7836547,2.2451062,6.7744346,0.3796684,3.4561877,6.016029,5.198007,-1.0334888,-4.3840876,0.52662367,3.1023407,5.0715284,6.5787115,4.1831374,-3.3799675,-0.2951626,3.5934734,10.425035,0.04354583,-0.32247186,-2.0256672,-0.7463339,2.987471,7.524282,5.7133408,1.4540236,-2.3130238,3.7770329,6.577861,3.3323503,-0.5550249,-1.3906871,1.2204348
2185,6.9700603,-1.9921569,-4.0984035,1.9758216,7.6505365,4.8398867,-0.5731643,-0.39174697,2.3320508,6.9887695,1.1801172,3.661992,6.7471013,3.5804436,-2.8311298,-3.3699245,-0.11028889,3.4409075,6.244701,6.4930434,1.3706285,-3.7460613,-0.046798814,3.7246892,10.199635,-1.393164,0.5046272,-1.531181,-0.5739977,2.912494,8.407606,4.770485,-0.83872926,-1.8365858,3.295385,7.476344,2.01625,-1.2088615,-0.86670125,1.120335
2186,6.911195,-3.0688148,-2.7783048,0.49598503,8.138225,4.037453,-1.9030968,0.13665351,2.5591855,7.2412634,1.9749695,3.857794,6.9770093,1.4251145,-3.5064032,-2.3541143,-0.6466142,3.472414,7.4202576,5.3758855,-1.3493284,-3.1689622,-0.3076326,3.8373268,9.7735,-2.2128372,1.8922709,-0.9771788,-0.26613364,2.9516125,9.006242,2.9571855,-2.3739848,-1.292694,2.8131425,7.933351,0.66902405,-1.3014905,-0.42330775,1.2009093
2187,6.7624154,-3.621771,-1.1267296,-0.24034703,8.151528,3.2592306,-2.8042688,0.61828095,3.0131402,7.5427694,2.6892738,3.9966345,6.63765,-0.6987406,-3.0950046,-1.6620568,-0.8790695,3.3130312,8.308016,3.27767,-3.1476707,-2.0735517,-0.6860732,3.7398834,9.354316,-2.2629032,3.3328433,-0.25062305,0.12087292,3.1617863,9.234718,0.64844847,-2.7750998,-0.9506286,2.4948223,8.089639,-0.44747734,-0.88062894,-0.07771447,1.437058
2188,6.5271916,-3.6641185,0.5480985,0.0065873223,8.111754,2.347272,-3.288653,0.898368,3.66941,7.921233,3.2008595,3.9765615,5.820093,-2.2844012,-1.9766561,-1.2677131,-0.8560596,3.1094365,8.745464,0.7095227,-3.593442,-1.1163726,-0.8026865,3.543247,9.070783,-1.6346589,4.440884,0.5929861,0.49766108,3.5343783,9.035917,-1.5938474,-2.0010517,-0.85796225,2.3030777,8.090362,-1.183006,-0.11494326,0.25789917,1.7862982
2189,6.2104015,-3.322044,1.9197297,1.1174362,8.106116,1.0937307,-3.352495,0.86970425,4.3926044,8.399316,3.364449,3.7100968,4.780224,-3.1243546,-0.6294714,-0.936732,-0.6595553,2.9770174,8.747626,-1.6371382,-2.7898583,-0.6277401,-0.64922327,3.4046848,8.952908,-0.58170277,5.0580196,1.370654,0.81296694,4.000585,8.4017515,-3.257743,-0.3557532,-0.6982508,2.216996,8.023663,-1.4863948,0.78809327,0.6936897,2.2242932
2190,5.809795,-2.787084,2.8325043,2.7585576,7.884444,-0.5615514,-2.900544,0.5371714,4.985709,8.961841,3.066321,3.2233875,3.8311436,-3.3139112,0.5882047,-0.4977934,-0.34457517,2.989551,8.418737,-3.2586555,-1.1445037,-0.39161193,-0.36197498,3.3922634,8.994277,0.6140937,5.1968107,1.9284354,1.0892179,4.484453,7.404743,-4.1147656,1.5781157,-0.0837458,2.337335,7.907574,-1.4229672,1.6443129,1.2887219,2.7316508
2191,5.3070273,-2.2319627,3.3226113,4.533486,7.054277,-2.3739038,-1.8510776,0.12512904,5.315707,9.519083,2.3015609,2.695092,3.1779194,-3.0815845,1.5308247,0.07992206,0.039682265,3.1689613,7.8669295,-3.9975414,0.8111359,-0.0012929235,0.0040525063,3.533547,9.175759,1.7015707,4.9324775,2.23893,1.388488,4.9369106,6.172018,-4.2843127,3.1987164,1.1187431,2.7292504,7.693245,-1.154428,2.3447251,2.0388825,3.2717915
2192,4.669708,-1.7551849,3.5212235,6.086942,5.3660274,-3.8527071,-0.4166025,0.042883866,5.4679966,9.899493,1.206503,2.374941,2.8444095,-2.6320453,2.2077432,0.7534164,0.45577073,3.4882226,7.1772113,-3.998716,2.5794284,0.752375,0.4224528,3.8435967,9.460526,2.456728,4.3596263,2.396071,1.7654603,5.3268204,4.816267,-4.0619326,4.1656914,2.773507,3.329859,7.2741838,-0.853254,2.8675659,2.9100518,3.784477
2193,3.8670382,-1.3722559,3.5604615,7.1739907,2.9350955,-4.589823,0.80956084,0.55482364,5.7077985,9.8982315,-0.012001744,2.442352,2.7536073,-2.1016393,2.6845624,1.4716787,0.8900629,3.8922107,6.4131746,-3.5528853,3.871165,1.8137447,0.8372807,4.3034596,9.78355,2.6917722,3.6208675,2.5469801,2.249344,5.6139126,3.3981514,-3.6991785,4.4333305,4.6340637,4.013923,6.510412,-0.6248505,3.2454295,3.8664095,4.1855435
2194,2.8993623,-1.0382144,3.5389857,7.693362,0.20871826,-4.4599156,1.2858351,1.495715,6.2366505,9.331413,-1.1751426,2.914482,2.8542395,-1.5796182,3.0300229,2.2029576,1.3483697,4.3173757,5.6164827,-2.9334853,4.6474586,3.0122275,1.2180978,4.860027,10.03416,2.3107772,2.9316952,2.8086238,2.8467288,5.726216,1.9456125,-3.3046818,4.1179814,6.448911,4.640562,5.2854276,-0.4773699,3.5202677,4.8695498,4.3665466
2195,1.8343033,-0.688994,3.531815,7.6714125,-2.264808,-3.5057814,1.0217505,2.4360769,7.05132,8.070847,-2.1632285,3.6318295,3.1648557,-1.1269586,3.3005726,2.9400089,1.8419812,4.6987,4.8056254,-2.3122585,5.018804,4.2095265,1.6023024,5.4543877,10.050208,1.3791256,2.530069,3.2313159,3.5342467,5.553232,0.5060476,-2.8619387,3.402576,7.99226,5.0409856,3.5948586,-0.33317262,3.7222383,5.8584127,4.208069
2196,0.8248231,-0.29293272,3.6025934,7.210429,-4.0596294,-1.8884525,0.5740187,3.0992723,7.959453,6.1015625,-2.8923976,4.2998557,3.7174885,-0.7773739,3.5348716,3.6955683,2.373167,4.9666567,3.9845712,-1.7564479,5.129348,5.351113,2.0702696,6.0301776,9.648501,0.13877136,2.5538802,3.8458984,4.2299943,4.966105,-0.80324775,-2.3110027,2.5231488,9.102906,5.0341134,1.626912,-0.08996791,3.8936374,6.7369857,3.6200633
2197,0.07841836,0.11905084,3.7907174,6.433836,-5.018098,0.011533031,0.5854476,3.5745797,8.6637335,3.562522,-3.2703319,4.593008,4.469269,-0.51781535,3.7524388,4.4910083,2.9224002,5.04334,3.1624286,-1.2632192,5.101778,6.44822,2.6958454,6.5034366,8.688108,-1.0770434,2.9287477,4.717091,4.769375,3.874914,-1.7902158,-1.6564547,1.7482266,9.753427,4.5008397,-0.2625145,0.27297086,4.124754,7.3923445,2.5921686
2198,-0.21781495,0.49020582,4.0869603,5.4536657,-5.2717624,1.6777235,1.3451017,4.13593,8.854701,0.723997,-3.165623,4.3252125,5.2723846,-0.25490257,3.9589596,5.3357244,3.4355063,4.849461,2.3763194,-0.7988838,5.034181,7.5404787,3.4925845,6.7119856,7.1456556,-1.985764,3.370872,5.873954,4.907821,2.322923,-2.262098,-1.0212733,1.2779067,10.056788,3.448531,-1.7112713,0.626365,4.5102715,7.726035,1.2191473
2199,0.023797786,0.83221644,4.4387364,4.3569946,-5.1054,2.7242796,2.7477796,4.9366775,8.204728,-2.0216181,-2.465526,3.632085,5.952026,0.16768034,4.1559377,6.198802,3.8127518,4.334804,1.7031213,-0.33166322,5.0148935,8.661523,4.340177,6.396529,5.1965437,-2.4417903,3.5528972,7.1649194,4.3959193,0.5852388,-2.1544209,-0.55208206,1.142482,10.160722,2.015218,-2.4980032,0.76643914,5.0294037,7.6737432,-0.3006703
